sensor_01_max,sensor_01_auc,sensor_01_rise,sensor_01_decay,sensor_02_max,sensor_02_auc,sensor_02_rise,sensor_02_decay,sensor_03_max,sensor_03_auc,sensor_03_rise,sensor_03_decay,sensor_04_max,sensor_04_auc,sensor_04_rise,sensor_04_decay,sensor_05_max,sensor_05_auc,sensor_05_rise,sensor_05_decay,sensor_06_max,sensor_06_auc,sensor_06_rise,sensor_06_decay,sensor_07_max,sensor_07_auc,sensor_07_rise,sensor_07_decay,sensor_08_max,sensor_08_auc,sensor_08_rise,sensor_08_decay,sensor_09_max,sensor_09_auc,sensor_09_rise,sensor_09_decay,sensor_10_max,sensor_10_auc,sensor_10_rise,sensor_10_decay,sensor_11_max,sensor_11_auc,sensor_11_rise,sensor_11_decay,sensor_12_max,sensor_12_auc,sensor_12_rise,sensor_12_decay,sensor_13_max,sensor_13_auc,sensor_13_rise,sensor_13_decay,sensor_14_max,sensor_14_auc,sensor_14_rise,sensor_14_decay,sensor_15_max,sensor_15_auc,sensor_15_rise,sensor_15_decay,sensor_16_max,sensor_16_auc,sensor_16_rise,sensor_16_decay
4.240353194583693,185.23246646235933,0.07809589134992806,0.11547178750935724,5.067187178003297,221.84092497380607,0.09352669048008504,0.13772461208377373,4.529231119449137,198.3917145364581,0.08346256979091239,0.12316211413861883,4.834266320101857,211.2279707409872,0.08926198551468534,0.1315791237428356,4.256987182157622,186.493380328302,0.07828125276614087,0.11658516776056688,4.8994909326030545,213.35683693054875,0.09066636320108175,0.13229891661244297,4.669272853130712,204.49507505381052,0.08591142929331552,0.12690866359476338,4.725370953784996,207.34227202532782,0.0871717611370655,0.13091607787234372,4.377260169140733,191.1455374669478,0.08050579544836502,0.12146071930938022,4.79290535125595,208.57326051885596,0.0880386051708686,0.13225825683482662,4.562269802891596,199.66378798341154,0.0839435461998101,0.12628362958200998,4.874413637047715,212.4256916978959,0.08971947895093907,0.13243881164553273,4.293305025921612,186.71363585942913,0.07910512609177023,0.11792323101491722,4.967658810391823,217.25503146867104,0.09133987026584547,0.13528765793758785,4.563409588280272,200.00026281714767,0.08380903546888593,0.12512714266689953,4.902267724338161,214.76468401913144,0.09009668972276538,0.13304735372634785
4.369148693085543,190.50867281299415,0.08086247369287007,0.11792423782110048,5.383976766453554,235.32618093812977,0.09860919938570119,0.14692325543851326,4.630863774044554,201.8154231693874,0.08523943203001666,0.1266419370441018,4.694499481195317,205.30952405487366,0.08681667292839854,0.1278891288886083,4.30807964848254,188.42122060816845,0.07923013471915057,0.11839935867584425,5.130294066023308,224.33208656505502,0.0942757692183669,0.1421617233197185,4.786371942576114,208.83081145277978,0.08840163823082378,0.1302778660768305,4.69789631576762,205.63538374539016,0.08673385212451187,0.12846821057013,4.398848751692528,193.42469564237607,0.08075461352357163,0.1218393620997978,5.0445259759507,219.82905302147677,0.09383676890034061,0.13819907757466718,4.689264095138077,204.7668498526469,0.08646756219888599,0.12860224170471707,4.875371214734343,212.07596321361407,0.08992188002124839,0.13246294226739902,4.468713435194513,195.09386544054257,0.08180308826306901,0.12054513108758062,5.264345733135849,229.96184654922658,0.09712424911988336,0.1427123810629345,4.590851733500175,199.78359970908267,0.08461122398570581,0.12394530372664052,4.874129413020081,211.8016473138064,0.09006257715923043,0.13307205727460708
4.223752414160319,183.74114625928422,0.07761393886991941,0.11474349197952256,4.9494289082809395,216.41477383145087,0.09111945144497315,0.13545417271731028,4.403181022161201,193.2729468117578,0.08091113992465777,0.12153942406988091,4.627683639900355,202.37973484043965,0.08431089844169988,0.12596504133892483,4.2230347636923575,183.52497556302197,0.07795622733443772,0.11525239867737842,4.758806465182631,208.82265598943536,0.08707025370049014,0.13038512945476277,4.539465047004638,198.93000793498388,0.0834697524157746,0.12315233508025607,4.567771282702689,199.20694375528905,0.08411737316466397,0.12489225816072766,4.324164594291593,188.80784323037776,0.07957846459302591,0.11716789078869008,4.660396036527871,203.71069022524236,0.08583306209510316,0.12688791870726898,4.512938682402544,196.89824949781695,0.08324067721812409,0.12253217126791484,4.6626988159246086,204.10846717086443,0.0860948998260294,0.12646200278498707,4.230724366784864,185.57932160062532,0.07795547707269115,0.11333877721161287,4.824831874334684,211.4086687841141,0.08912554892998943,0.13295516035720958,4.459156785908341,195.28496565832427,0.08179012869853401,0.12150033540177163,4.68632630263443,204.4146822527751,0.08639669146415263,0.1288908141837711
4.249576738482904,186.17539955013837,0.07846673922618283,0.11578696278171868,5.084474797933515,223.40526773142065,0.09330305622324805,0.13851093374294363,4.469698405881179,194.9547735627077,0.08231888119114948,0.12109180858508321,4.68915327819616,206.04515403818036,0.08660458753306441,0.12793904778926846,4.2504522572964225,185.3223817584153,0.07850634754151231,0.11536200343796842,4.907042733787963,213.86886122253384,0.09041883623982117,0.13361013969652336,4.644116278772887,203.40489334507328,0.08598063233428413,0.12745612053769254,4.670677192341251,204.48873231674966,0.08605705414703177,0.12772448518666413,4.3507907088267155,190.81719077561004,0.07986808798799724,0.11866388712111893,4.792172913712632,209.37560501647138,0.08785978426733566,0.13104339834157344,4.546543206569583,198.41047187841795,0.08373865846176683,0.12471291567166906,4.783217560287658,209.5392843036539,0.08788561063899122,0.12972974459037567,4.332577295144517,188.4480709375932,0.07989033078496215,0.1177975060299365,5.009825181848326,217.824829066946,0.09259054728874934,0.13659952003676182,4.498900305863907,197.5899522202622,0.08261301258479334,0.12277026956585065,4.783263500249949,209.88057975967152,0.0879442942143429,0.13115171784693477
4.175022112134492,182.92243761942171,0.07662094099252745,0.1115490062094474,4.95587313333569,216.35017733899656,0.09135018247967885,0.13552480799210645,4.437372711970559,193.95326407118606,0.08179386802059545,0.12238137534113153,4.738718797221826,206.51571792046948,0.08765066716431096,0.12899377908282114,4.1986382619594025,183.41673593263965,0.07720562356032099,0.11423349235501137,4.786805324750213,208.91366108863724,0.08789555126847616,0.12967931542297234,4.593899344458815,201.37190127629506,0.08456133940390383,0.12680275026891,4.655334234242781,203.3422437027162,0.08558109621865069,0.12621483612210313,4.298729422248467,188.86536477810728,0.0795227072591775,0.11722682494932424,4.640962543254435,203.0529616452431,0.08517963563985448,0.12623236595777207,4.484372758052263,196.7884166006944,0.0824729219742274,0.12265585021908663,4.783701725312024,208.49026255651228,0.08800079884722045,0.13032287542795784,4.170176781947808,183.6527295221044,0.0746834217493447,0.11398564793051946,4.849383454020268,210.70177292279362,0.08922426802590487,0.1338358981511173,4.4611502721269325,194.72109284612466,0.08200087982216886,0.12099010233199846,4.801102298863169,209.03173081754264,0.0883381797047312,0.13165877988229852
4.433938781486983,192.79228157600178,0.08213613548036094,0.12057022855875973,5.299679135451257,231.23072314683586,0.09778461576314791,0.14560145331224597,4.607163503608331,201.4330433546591,0.08496113254208389,0.1254750102163772,5.014626037164835,219.9004872794913,0.09240662333994275,0.1368313840382509,4.379291864652911,192.34842066158186,0.08016303003481699,0.12260270431662053,5.0648860396287185,220.51064311858184,0.09337575045765072,0.13721598220039524,4.855127136412217,211.63814244921065,0.08970192469670646,0.13337971222309294,4.965994192943363,217.87512709408918,0.09121108258648673,0.13478273670099064,4.57720670892542,199.5716020513657,0.08418951898007498,0.1256272881771442,4.890829211338465,214.0000300067941,0.08981811990075295,0.13350733260552952,4.650984802012292,203.65879418773508,0.08532185634456703,0.1267988490381306,5.1419670705718294,224.85935291893895,0.09448520377325897,0.14015087745687585,4.444493888659528,194.51076702220183,0.08186129248379621,0.12194619005624999,5.14295022631196,225.23234869804006,0.09464639024594278,0.14130805667572016,4.675153092219686,204.0422119787621,0.08598592820429789,0.12752298346867305,5.154062065426119,225.28538247456908,0.09481963495278714,0.1415406521053376
4.285364765262748,187.56157510585817,0.07872877442047045,0.11654573594944727,5.039067292822963,221.01723082941118,0.09254628567411485,0.13577540842846597,4.480992473477978,195.7312441847861,0.08241025229194561,0.12197831602625563,5.030526432903436,219.14600350701411,0.09271947749215675,0.1380070634042961,4.329141816516305,189.0213855726473,0.07977345255919138,0.11838002078669506,4.854948138720552,212.4531763282067,0.08884065811022925,0.13101856203762152,4.701108513723833,205.11784483079498,0.0869737424415302,0.12933058977810846,4.90163906257522,215.19694355499072,0.09016590990752427,0.13409703483621105,4.454489596561864,195.72821404038748,0.08200317152230872,0.12279815295410206,4.667996135575242,205.18148324841917,0.08560264483669218,0.12683031661811675,4.521400510377434,197.5765187314273,0.08307892545606971,0.12429548487435493,5.030455292455618,219.37468640535678,0.09176978591969355,0.13672169955063881,4.30232019673669,188.2332939075033,0.07934495421360029,0.1170740896909571,4.925426406416736,215.37058887061755,0.09053971244513283,0.1344415418638807,4.545811198912521,198.81245758024065,0.08347799697270944,0.12587326652691644,5.092312956971896,222.24094939685978,0.09351890759006176,0.13946869245519566
4.1753938549175995,182.8871976897127,0.07690464902409501,0.115406966353956,4.919154634419499,215.51237752915574,0.09108591658405436,0.1332547021078053,4.5142074122534375,197.66930826366297,0.08302134675920751,0.12448555626264168,4.767519107227543,207.28030564965593,0.08773559325757442,0.1289781660401025,4.237362854823516,185.70324724969063,0.07790395298899107,0.11455399580195019,4.797856898458128,209.87516420186063,0.08774699845989792,0.1289196585451337,4.688547793497403,204.85041971492223,0.08664180083713799,0.12758049630929294,4.735863882885425,206.31167686618184,0.08505043164497231,0.12980737817349616,4.350384549420818,191.02969523019465,0.08018793361936996,0.11836825517301283,4.71705944294328,205.28615238591777,0.08726213555927285,0.1286783401085347,4.5828460265277915,201.0679042660269,0.08477926452082046,0.1260708801799756,4.781885767316289,209.0792139960891,0.08825725372400356,0.1296494779003586,4.243740446381582,185.1524955419451,0.07839228415083886,0.11428934957240576,4.859572577567774,212.04779314759838,0.08962022052655336,0.13284409323027543,4.640014807578623,202.16382936862863,0.08575998636050067,0.12529091964183464,4.767820275058979,209.06500333285035,0.08820064994003828,0.13143443183116074
4.223669111886684,185.08554799401273,0.07763805094244156,0.11578899558356827,5.045681617230187,221.03319831516419,0.09304416743484156,0.13703674131864169,4.340699054690361,189.7208000214312,0.0798623883370608,0.11760074930681089,4.800870695046156,209.17102313531066,0.08833130614493229,0.1312814885979647,4.2258152754203815,185.3924059384748,0.07813789389083468,0.11719403976449662,4.881129429508338,213.43776620048146,0.08967302929305093,0.1346677405580331,4.5439495021567495,198.28715845476702,0.08373334185703304,0.12531488854920572,4.720966476902894,206.55167961642724,0.08654729431413863,0.12883312064914962,4.391432918972328,191.77833741890564,0.08088930739819822,0.11928736386386166,4.767511964160259,207.5229803215859,0.08774299301391929,0.13032029386612393,4.408575503633048,193.59392128207944,0.08104967388485557,0.1207467635691644,4.7994445362350024,210.03169740194343,0.08866919166126248,0.13082937314394188,4.3097274037489,188.03686587768,0.07927901203192579,0.11784281199439765,4.939169040254905,215.74484517605245,0.09069798323080959,0.13587056888834428,4.415933181101973,192.19199837354046,0.08146727882782918,0.11909983819730122,4.845568625713696,211.45907729714398,0.08861858846066929,0.13127693320313993
4.250777284276072,185.20408404242255,0.07831962330654484,0.11529536470619611,5.042009307798721,221.06165137051738,0.09294091104281409,0.13783577505513123,4.3907560894732365,191.99511509223856,0.08099186723878328,0.11952999129678822,4.529841889999601,197.88561204197367,0.08332985265901717,0.12410453771849328,4.20908207207817,184.83689624450886,0.07735880642558365,0.11455493848389317,4.910358838446419,214.12976382650695,0.09049314285801988,0.13351483211430767,4.517618680738733,198.32400387444088,0.08249864212095943,0.12390749291414282,4.507492080528346,197.32998236407684,0.08284406553250716,0.12224619650716033,4.348520899606886,189.95033393493503,0.07991226522039285,0.11918218184675874,4.8377404833729685,210.32062684152288,0.0890736528084971,0.1313097448570207,4.452787602042411,194.87304365395332,0.08216538493810957,0.1218185638899984,4.637836032820813,201.71727790853492,0.08527434149726953,0.1266763478458105,4.290613055489013,187.44673119671933,0.07890283186930958,0.118340170760775,4.978022364672151,217.30557145778707,0.09177747501511843,0.13550728396853726,4.41388528466509,192.67549974695737,0.08112020134923792,0.12197430181015796,4.619549332595145,201.93162910545726,0.08525778275161133,0.1258791336901594
4.221224179085963,184.29642232530426,0.07751586616924226,0.11485643090177104,5.031939895190184,219.68568045494905,0.09219075713624403,0.1383553934135233,4.460980890744366,195.257743344122,0.08242169672309348,0.12358752345919626,4.695283849150626,204.7285447886762,0.08634916396894882,0.1285742574351459,4.208317083861727,184.91607226624598,0.07778523780375958,0.11496036722615695,4.879391283553936,213.97271543689675,0.09013504296722862,0.13358787177667872,4.6561377863034386,203.43281524420973,0.08593960272259367,0.12828397055306257,4.621829866881377,202.17443706726553,0.0855032709378215,0.12646377085152455,4.387588977316311,191.05756097615142,0.08073191866750254,0.11909249845717404,4.768492843193901,208.65446775057796,0.08779519143439994,0.1308405617036378,4.587750245059986,200.96974151383853,0.0844514824818285,0.12473305123845808,4.710019369992516,205.89581003660862,0.08713507461224444,0.12840269899430012,4.25950618382269,186.2721985974551,0.07853913875822514,0.11741132918612786,4.909782899451709,214.4854478488056,0.09054175557826402,0.1336676394838709,4.542783587852006,198.76414167134436,0.0834281451876555,0.12643875412519,4.679149809117883,205.40382334235642,0.08573318426966835,0.1271098358469972
4.3537020078476445,190.06602989957383,0.08011157002051375,0.11830546412506283,5.066057916131076,221.3450421329812,0.09330184740977111,0.1377430097792666,4.5298459369997985,197.36067629843944,0.08347516285678012,0.12320275911692688,4.876660093705979,211.93859683337772,0.08998052565198957,0.13180278850570845,4.346796396318931,189.83331617468355,0.0797994284224637,0.1192224112409801,4.9292394187572315,214.66994526820076,0.09088013896197493,0.1338107655403787,4.669999818810738,203.55784185183975,0.0862369796823641,0.12731984661312962,4.746367645816612,207.7510338017838,0.08726436064337538,0.12852747183828467,4.508689075436937,196.16057491758028,0.08287695481624774,0.12173146056990648,4.80574233494893,209.65178200245566,0.08814266046742243,0.13056786896062986,4.53128818120649,199.02726674627962,0.08331260593003229,0.12457404169496016,4.873761420018278,212.89730854717342,0.08971726872831023,0.1329065658241309,4.355409227603596,190.5879257093473,0.07989107592529077,0.11824229111527702,4.929186345637952,215.93338157451902,0.09065306292603559,0.13318372747731302,4.551967768478402,199.40417144531887,0.08330825716016708,0.12522608584952857,4.8672425822605,213.43738688490404,0.08965235509302591,0.13312649401087764
4.30772255864783,187.50814191520277,0.07942403427191945,0.1190638946986963,5.050726064325321,219.96850163310754,0.09326654022185378,0.138531772586464,4.544343150940388,199.22458314848112,0.08394090527137166,0.12416247270719234,4.780917202242419,209.32001432629832,0.08840188101460723,0.1305206065167396,4.246858042902199,185.79728709072327,0.07858254974106262,0.11678219321043151,4.834223038660316,211.02230673602924,0.08943868217186872,0.13189417099778483,4.671856572233907,205.31425487583022,0.08537169477900879,0.1276446570356177,4.764284982978781,207.65506398513108,0.08775793228762142,0.12963016299899627,4.446526377453872,194.2791421322416,0.08213422635285465,0.121612774635568,4.6802895901016335,205.15040908365992,0.08611418428298535,0.12907259230384746,4.628382758774178,201.8524032928718,0.08578784648366483,0.12670299338075733,4.856132416907382,212.0179081289356,0.08942020004458978,0.1329221521119588,4.322441147875498,188.7528093234965,0.07992226354119134,0.11827328974800937,4.88382425086529,213.60322243334514,0.08951822567027777,0.13489797903469197,4.579843062610458,198.99947388253813,0.08449140690152963,0.1243118116484929,4.881282497248143,212.8342412411137,0.08960910916338394,0.13357345657904113
4.348025622795688,190.48938922449585,0.07986303464938696,0.12038819330312796,5.271658154278104,230.47865656328497,0.09734995297071776,0.14350059012056063,4.596285962652738,201.24114075034183,0.08449494355752175,0.125188967330282,4.899844833699868,214.58701603745172,0.09024240501515118,0.1331346383919321,4.437957693725435,193.4275231312593,0.08204771439270797,0.12101161751102231,5.060151859411306,220.38388243572814,0.09302024787858523,0.13757613879069375,4.833498785717643,210.50585992993052,0.08896387340052951,0.1317684015645404,4.886995309253735,212.6618971521627,0.08973880407891426,0.13203905180646452,4.565514283036889,199.14444349877903,0.08409643203144763,0.1255373503328239,4.925999180363299,215.15709662174544,0.09032461540227942,0.13570249694619507,4.644610876904527,202.8383312763317,0.0856756334234097,0.12600346451586236,4.97650931978947,217.74163220492554,0.09173600236067578,0.13685397032720983,4.423504999901482,193.3727503424916,0.08134486465566312,0.12132362035781499,5.131432521575855,224.94128976436988,0.09455757851004998,0.1391010649366707,4.624950590829111,202.26029149236828,0.08529683088794171,0.12603908943744432,5.031031229511875,219.51825988761163,0.0925375858696367,0.13596144813539635
4.299980220891191,187.65703474238515,0.07938098847807913,0.11586647733755541,5.073767941355232,222.05250831881938,0.09327294267109576,0.13811424867047722,4.51992991028119,197.177583261894,0.08340262739215533,0.12480326597555141,4.858632882161711,211.74081361738368,0.08920207891127287,0.13177837330578945,4.31488313347845,187.70731975782058,0.07949044202322049,0.11808796220778675,4.8902475762395845,214.32491188868244,0.09010481071560066,0.13381686691573705,4.713998426103804,206.05500452424968,0.08683492036915597,0.13007171544938423,4.812140936637026,210.37934771478803,0.08839129307353036,0.13071692713113447,4.388418787411586,192.74038217809004,0.08082257471369422,0.11963380029922469,4.82518152444349,210.78831818319154,0.08841992910550549,0.1319827653371292,4.605450982966454,202.11789387895058,0.08534268734992644,0.12600727412530746,4.899629538537249,214.43029578744753,0.08795321268729803,0.13394074253033134,4.311697797742909,188.86766705593354,0.07910640741505634,0.11745943986063635,5.005190783401806,218.37719243020447,0.09214187137555079,0.13701532322204926,4.608175280668451,201.64111323775876,0.08475559774027898,0.12639249733076668,4.930707482882587,214.9195372763663,0.09106647712581431,0.1348919410996407
4.34706452703103,190.75112403668757,0.0802512674254716,0.11974879436771865,5.023371237423833,220.62197355629337,0.09209885357631965,0.13720273352198334,4.583094020052729,200.97608685720124,0.08459052485684854,0.1258525011472988,4.944686095668837,216.5479778041874,0.09114545064274053,0.1353302245592994,4.399449950378418,191.3366719702731,0.08111269170467733,0.12084031790386993,4.856578379964137,212.2698678615074,0.08922867591051423,0.13172332102094092,4.8043868220810655,209.24312859791542,0.08888292657490998,0.13117569069133103,4.877105550320165,212.47274887542602,0.09001665876457472,0.13290908875322377,4.516696569449755,197.53554931837562,0.0831662030994014,0.1249613077343956,4.752981702921778,207.43840163359155,0.08788381590803507,0.12884322304917714,4.661102388424535,204.00597523662375,0.08567365895095935,0.1270582567069571,4.963067329600079,216.38022657068808,0.09134885584704545,0.13539696670699447,4.357189505561683,190.20607361468922,0.08009153042915253,0.11913910370054932,4.938559912170817,215.43984786582942,0.09131328622235388,0.13562389699247865,4.690799119101033,205.24088860334828,0.08631104166575708,0.129102573291934,4.945910251051764,217.07833490723536,0.09114511427718043,0.13628768918471804
4.202816066642319,183.6521570703081,0.07736203196384145,0.11352599304782368,4.794694113843167,209.3915547510352,0.08803547578643675,0.13006831352932605,4.450213298660689,194.21717991171676,0.08205238237708244,0.12086652803391384,4.796658126895897,209.63201304421023,0.0882954833408854,0.13247030609745122,4.185841621587377,182.80270278680905,0.0769290981035858,0.11418520586742303,4.690528664482272,204.1447648930915,0.0862285676685371,0.12781335774932412,4.6309324029072,200.91916396785317,0.08524504365568127,0.12571287638134263,4.704151721316134,205.46472022233854,0.0863253515227358,0.12868344028671558,4.3465341400539765,189.87842977577688,0.08013054426777295,0.1199010463774539,4.509033572773188,197.73749190857933,0.08250568440023137,0.12299902112622456,4.470576506916895,195.88711530438886,0.08250638545127065,0.12175365101290872,4.795407134388228,209.7033443352908,0.0880660138898615,0.12980519239353702,4.193429925953893,183.2074989078684,0.07660490583123226,0.11269625953872285,4.6601063399378555,204.1655659420709,0.08622833830143319,0.12624038765331813,4.527204658826782,197.2058590399691,0.08313906560767298,0.12225962033550447,4.830938022529759,210.83926493657412,0.08886915038503905,0.13234806112407319
4.10988898934531,179.63642198506108,0.07583440929112888,0.11158533015316952,5.068539517506249,220.6882300957377,0.0934049851713184,0.13767757890417753,4.393085641826751,192.0246284617223,0.08093469850220175,0.12086771730226833,4.8156191169586355,209.92415363607824,0.08878811475799844,0.13021562575913545,4.126826136128309,180.36796757259464,0.07566671494900314,0.11138801702970254,4.886364037070831,213.25488155431924,0.0901623318170978,0.13239361790624143,4.580715614104274,200.05157974284955,0.08440820502561293,0.12397734975970358,4.737541780622549,207.0216774785915,0.08732147066080619,0.12994230978551566,4.264222326877238,186.4621996485958,0.0764818815434517,0.11625442645256835,4.746888953821125,207.29590026819585,0.0871557719934694,0.12987516538116523,4.3802789170311,191.88902099642021,0.08110532882166947,0.12166853055714778,4.849451369974045,212.01367075971532,0.08929809467942008,0.13229670189874132,4.095067953323108,178.67761258706437,0.07515680138786364,0.11227830158728262,4.955387197962611,216.02336777234237,0.09142247542506556,0.13534433783529373,4.410443673355208,193.34212260066164,0.08113025810626665,0.12129126044963054,4.857864492542034,212.54161497521437,0.0894760794205473,0.13334325419736703
4.223358865572887,185.7969254570054,0.0776116001860576,0.11577276810824783,4.977736960405888,218.2914675954195,0.09165957262155332,0.13721236945967447,4.51558262286561,197.6180097795247,0.08320857183562128,0.12374055505429875,4.825748313699772,210.39016011281092,0.0891028270195678,0.13283292722779158,4.190487479208885,183.60270217000652,0.07683034394786252,0.11418925852975409,4.825513626687773,210.91405448658634,0.08868407725859494,0.1324366307771969,4.629322023523374,203.09480866913952,0.08537230339507726,0.12845771964043265,4.752858861323459,207.82868275312296,0.08754796843029952,0.12942664149541136,4.344629017414307,190.1436739927131,0.0799199476145922,0.1187846483358935,4.744175629993128,206.9662014686632,0.087235436458458,0.13095416332070248,4.620678487538027,200.84620944632084,0.08484342643574762,0.12721501330157162,4.844746845020646,211.54743632357605,0.089565712034707,0.1325904079726137,4.208839695733069,184.31825445712977,0.0771426455603437,0.11512720802241923,4.869763798850635,213.61067712075712,0.08989608325946473,0.13399204038077864,4.564262475734452,198.30268070651968,0.08415705285094771,0.12384733204770218,4.8700427564510775,212.91818225570478,0.0891144386354388,0.13150167863429982
4.281144050889819,186.51443952610518,0.07874612794057122,0.11746120297592819,4.808557798943397,210.2225245340059,0.08871990126007664,0.13037561963583505,4.45923432980086,194.52638003229518,0.082282641478269,0.12269710996134763,4.819935948369819,211.36358350050298,0.08848193167692801,0.13214053829752462,4.273851460827339,186.62242442570528,0.07857819334438967,0.11805044416801923,4.704672382177665,204.88178709851067,0.08644209021445111,0.12697164491606483,4.591487667261528,200.49046293598613,0.08430316973778659,0.12535125081629575,4.772032565211273,207.23155779268117,0.08748931216372542,0.1303731041611649,4.410505292708318,192.2899507663211,0.08140956381286549,0.12086906109603332,4.51435103149026,196.7089276056337,0.08298816768812228,0.12188218855651652,4.534482865974622,197.26031951233725,0.08359732094766124,0.12501514844396408,4.868450022203282,211.86889811702974,0.08992219063924672,0.13167166576788533,4.2406201233703165,185.48801304129094,0.07844833954194232,0.11727980522416129,4.745882605559977,206.59687228939828,0.08709424617418529,0.12936494472104376,4.537916580896011,197.29912125933956,0.08196088738444811,0.12378952439746073,4.876496878612137,213.32519795820812,0.08996691463492773,0.13385300650678023
4.228987221083581,185.37140114073907,0.07760842257946236,0.1157030928649901,4.925778643341275,214.36773540821414,0.09068788602558091,0.13443215198039188,4.384746186111046,190.9786150834433,0.08053277601741228,0.11893055322890107,4.492631273817798,196.0931550814979,0.08311513151744733,0.12188777387449613,4.172545420584662,183.41495481239747,0.07701286121466651,0.11308338276129917,4.766206725150525,207.6426352977556,0.0877227859524758,0.13037850192160982,4.495308276009086,197.08825501641067,0.08256140223357987,0.12324818744798867,4.479619891252992,195.405948354751,0.08251930101765821,0.12296497140976584,4.318805457734555,189.36871329175406,0.07982853398677768,0.11732345100407986,4.679933076913046,203.52144374271052,0.08644160524916504,0.1273373281957055,4.435113100718434,194.26994710287866,0.08184872079752113,0.12227905030496893,4.503922982617392,197.68146583089663,0.0827470146399643,0.1220159410973216,4.314171789236358,188.0037716457121,0.07892776449432566,0.11680520526581091,4.816319179408935,209.5004080615105,0.08828386019208223,0.13067954446595778,4.356858210993037,190.1349732132558,0.08034315117917903,0.11893838054253054,4.507363088257085,197.68633408403548,0.08127995375536548,0.12359982842689504
4.328506888336473,188.2548261395993,0.07963814683278646,0.11733480739213405,4.911511699464292,214.86657067002255,0.09053781312434224,0.1360816071911241,4.518328795425736,198.12786978101107,0.08315362864950873,0.12236937838466157,4.938572562992648,215.2951230455255,0.09119750021905783,0.13578140320199214,4.311230016973306,188.38634094391892,0.07946181808535575,0.1176737984380306,4.775153305384899,208.51620449341755,0.08780010874851589,0.1309788042637536,4.710157474319795,206.1118571746093,0.0867788108091447,0.12827217008219016,4.85407002734723,212.14455046846572,0.08906197027791773,0.13230540003746843,4.454689031933179,194.73103449327814,0.08233898910172488,0.12160166444863024,4.6179285290799506,202.16684224770148,0.08540739829618536,0.12798169662067627,4.593609791964361,200.50654761454408,0.08490562426709809,0.12503153029085065,4.9387015279253585,215.9878814365351,0.09067819989569678,0.13461784294069218,4.295384214463263,187.82256538496785,0.07900118400019288,0.116578865804263,4.805325978594011,209.79120599304554,0.08855484854706407,0.13234424436278117,4.618597748913025,202.14143231548817,0.08518313452053886,0.12648954688208958,4.962226087561344,217.49414476987226,0.09148971344196354,0.13593806105354292
4.22512562644585,184.01813885043924,0.0779984059174084,0.11602993172008419,4.809842166431512,210.21513838752213,0.08842376206970733,0.13104732625938476,4.312724094216445,188.43264320595688,0.07924371553914204,0.11923751529200717,4.752475144312919,207.2291879834223,0.08738577261513195,0.12784139410804174,4.225329111081554,183.6666687371649,0.07799155498047605,0.11592600829617936,4.629673252678662,202.8993464557235,0.0850704604307274,0.1264952520458033,4.4982741122814005,196.2208427757047,0.0831676069417279,0.12271144856952935,4.659982688510934,204.1796200868824,0.08556673629855414,0.12644480301786376,4.360413526300579,190.7751379278499,0.08059332180274151,0.11842997539453305,4.516725785682676,197.87252055765418,0.0830590658677094,0.12372908766758038,4.432846641938861,192.8986534238006,0.08167613144179774,0.12023758634838067,4.732309972393894,206.87417829273363,0.0870542737506949,0.12899727096986233,4.25543759909447,185.79701599954464,0.07786002046106968,0.11510354762200346,4.670892397164671,204.84804660792759,0.08620733537057168,0.12970711579645036,4.405445777595592,192.31490416598544,0.08177971585547064,0.1207084009474368,4.757299466537636,207.630240488461,0.08742492667674905,0.13097786377891968
4.17193901730084,182.3143095624411,0.07697950400699417,0.11274458870883053,4.765177740562915,209.0211694419108,0.08744404700405543,0.13058356047543943,4.41382085713383,192.8921744480546,0.0813591076574205,0.12068517915704129,4.450521926789231,194.98213333797412,0.08208447483306033,0.12124783438807767,4.166609909884232,181.9879786917902,0.07691691295817765,0.1124711516033236,4.6150112378221255,201.99233857949582,0.0851308957017705,0.12594077388083463,4.511892118554668,197.46475063482836,0.08302082540930511,0.12349237065067832,4.43111984785045,193.88857413191522,0.08153585947954946,0.12060659104586509,4.304659300450381,188.31278932321987,0.07907355429999537,0.11840558195601679,4.519292010452566,197.85038306426296,0.0830553629946892,0.12384479260800171,4.475247196525444,195.60015409144353,0.08249931023093626,0.12309868497421429,4.5427127148984425,198.73479975536895,0.08371872616437037,0.12435511801340787,4.250387077334233,185.18159690703882,0.07842868215501149,0.11645681903405282,4.6771351593208745,204.11492388979875,0.0862167554420109,0.12773537901210535,4.439517495454503,193.3546483301628,0.08190037688773077,0.12095230296992883,4.529952793027835,197.7881471106721,0.08364817360632702,0.12307858786349711
4.212565562228847,183.03497010000945,0.07749360571791575,0.11512103341171694,4.95442790094503,216.05195930897145,0.09114611361242123,0.1355841550893696,4.470917298136713,194.96370071593884,0.08268365140403433,0.1220892853615368,4.507592719453927,197.39557418986774,0.0828174160827424,0.12194675222815055,4.162993200732575,182.44125518331902,0.0767936284428362,0.11399776607142748,4.754095101804907,207.27403559462135,0.08732398220673643,0.1320261798349388,4.556850463083494,199.07476459113406,0.08391651885321656,0.1239392052950802,4.486071485194444,196.4352104189196,0.08190245012136833,0.12273947861683725,4.310811179040342,188.39881077936792,0.07950612734195081,0.11707594215271168,4.715486380872314,205.49413676347757,0.0863671227099525,0.12895807082491123,4.477949962474176,196.3301064654803,0.08232426358847189,0.12180921583446797,4.606616593398806,200.35596605757712,0.08449351198247801,0.12592811043931962,4.2862721038878036,186.3705245646954,0.0785435573759652,0.11499698074942429,4.85243545834773,211.47163267956853,0.08923612689051512,0.13280599882840752,4.469322251693924,195.0155759457887,0.0824993464183257,0.12243192598795646,4.562371729162598,199.86702427518796,0.08414911008750843,0.1242314945067423
4.268078553555042,185.8803897775688,0.0787212104093323,0.11657090139688507,5.082406795131343,222.4112827009805,0.09380997645125225,0.1380543221491106,4.461435213523611,194.90378151658587,0.08187494763207505,0.12368514524468321,4.668795639934391,203.0155634560725,0.08646978019938566,0.12866157920218915,4.24032903480757,185.131649277249,0.0785697777874035,0.11550979321559715,4.893798734814051,213.25180471038018,0.09060792682562639,0.13314536634210913,4.615685798688329,200.96357228527143,0.08509882048053442,0.12661311096782177,4.617575618032084,201.72315962707836,0.08482414787125378,0.1273082740691576,4.3546974513181045,190.03972236375,0.08012442000864205,0.12029197508585138,4.776975511416692,209.86371620372194,0.08778320730637951,0.1318109983601947,4.5390175066071805,196.58627984378083,0.08358474415059147,0.12288338280224524,4.7721328044119495,208.0182654699199,0.08723346566172765,0.13054710711021353,4.3056396301468824,188.54930482860934,0.07854249712231878,0.11723979125764687,5.016294116218107,217.88813362996092,0.09233526785870243,0.13637255641984133,4.41271843718687,192.84903259858427,0.08122629455340503,0.11983022970269337,4.739577376518736,207.34117298059252,0.08729578717469676,0.12899327671038002
4.325164432160822,188.7933272030002,0.0795298697753294,0.1175218960004032,5.405161233391981,236.45547280910574,0.0996739638464293,0.14907047118947145,4.5991109884182,202.4704509541009,0.0842553518998134,0.1275947209404887,5.032583017927926,219.9305486633193,0.09305575367205189,0.13655457359572706,4.370792503014991,191.70717933296544,0.0804120915184413,0.1195927828817406,5.206762384101627,227.22818158200067,0.0956476610499642,0.14160499849903488,4.904365805011279,214.06979799851263,0.09028725497362046,0.1353321577428683,4.948399680097443,216.83603054973204,0.09099737693699575,0.13408606580394228,4.479968196511037,195.42660613216373,0.08228476900506965,0.12171688984670974,5.053336765256115,221.32170240580743,0.0930010891676484,0.13843015662001157,4.735318933886753,206.90322183117675,0.08722219290170517,0.12813686553041312,5.086300643886327,222.97979240114648,0.09301605664976863,0.14010938322579078,4.383313186123794,192.00563718369773,0.0928300740923053,0.11960523676730149,5.301852939646851,231.244361624906,0.09752599314391001,0.1452515810144443,4.697287481776081,205.22827647469595,0.08635976676992682,0.12840712484472427,5.145083085334596,225.21236973612582,0.09450094502340627,0.14140090095277666
4.294425557215675,187.60076518623964,0.07868105677100524,0.11742551015198516,5.084921903714353,221.85881683426194,0.09382061537983219,0.13893692375459424,4.376188566416309,191.50832922682486,0.08045177010441576,0.11968689462756386,4.5114426848482365,196.59603555898906,0.08315186164769713,0.12392398553380607,4.238226052597272,184.66434371229857,0.07836200832363119,0.11458116831828304,4.875881788817704,212.9959823572589,0.08987471212100342,0.13364779526555923,4.52005145242594,197.47028817914574,0.08313579508827865,0.12367502282189766,4.467574546500391,195.83348154576115,0.0820677272346374,0.12258171916773339,4.3554889771794825,190.26138875034115,0.07998091757983314,0.11805492055738413,4.7627303005207775,208.63961745213558,0.08778092086323064,0.13002761210327965,4.44658965075232,194.24487288635524,0.08195228622648952,0.12240856654757949,4.608331790236838,202.27702482079877,0.08447013136097917,0.1257623803757512,4.379968011907128,191.33113362979248,0.08064180917995875,0.11897903746780286,4.954971916901361,216.32650038104663,0.0911801022762589,0.1344319656998106,4.315067757796478,188.04660303364057,0.07908439777230569,0.11726552260957598,4.603592944842873,200.95907007066717,0.08468063896061499,0.12517138853005946
4.379975636703749,191.63035100945754,0.08057889115028162,0.11807823291881193,5.19122016281138,225.8539026557641,0.09556404182669709,0.14106442653129686,4.550443298091696,199.31569411558704,0.08378935143288466,0.12583249109911102,4.750762114268327,207.04335056865506,0.08807381357360358,0.12909151588153758,4.334315167967184,189.55163089759887,0.0797880683667048,0.12009044538330779,4.963021529055799,217.1238681823825,0.0914604611515045,0.13503469097933712,4.732926980176519,206.14567923697055,0.08757404120308315,0.1294752050480859,4.678546792616721,204.69073197455347,0.08596347852263143,0.12729677714673754,4.479342815192803,195.52910733573523,0.08273652584578578,0.12145090068797823,4.851364953078827,212.00232448154355,0.08920464248575852,0.13199452948220727,4.65214727210972,203.72423329222053,0.08540876505353631,0.12676867623441515,4.8218190402815555,210.172416742818,0.0884924446129096,0.13225366649431688,4.418708497267433,193.1000363785552,0.08144134921378361,0.11974526433394161,5.022984650692281,219.73141993151648,0.09245186344538918,0.13740898871011406,4.546126420630257,199.91363695853212,0.08298206692366271,0.12374976282334994,4.813778938601492,210.57023189682792,0.08839426888192667,0.1329379103377222
4.140042550727576,180.29861110491967,0.07624948858958831,0.1144669347222502,4.834583254415549,212.3363343162709,0.08860924907457393,0.133080222688339,4.360197467351821,191.13064631702014,0.08021348242639954,0.11849771974227816,4.595146091755009,199.64572969684448,0.08484206880900744,0.1259791696850077,4.119470354344298,179.8889722826356,0.0753985197396063,0.1124803851086769,4.694819724294197,205.4270834166868,0.08592920400000441,0.12687176626589253,4.518226374344653,197.6167879596677,0.08325360175448672,0.12194999323751789,4.511149253805316,198.1140329639917,0.08306881067061704,0.12309693000041459,4.248205920111326,185.83259547475066,0.07814151187848427,0.11586009922824977,4.5956577850668205,200.44396921404606,0.08451734224460493,0.12549094967288044,4.443784236285737,194.37637561070838,0.08150775610449078,0.12112840960227328,4.6086194060488275,202.0240600660492,0.08485311904715777,0.12662933892536252,4.171282190752713,182.07665482807676,0.07705443237611255,0.11314663789699254,4.742487534536236,206.72368740435746,0.08724276601156088,0.1299404343505349,4.432452450577224,193.67615910891197,0.08115707880434243,0.11884271889404413,4.615851419548715,201.71715745364176,0.08500216257785778,0.12585303070015674
4.19917810650448,183.32563706375592,0.07739674200679474,0.11496318326568865,5.02024073978514,219.55717137198863,0.09273064995424453,0.1370768158951531,4.493658964592498,196.13310989039277,0.08323863867776651,0.122875209755054,4.515674237754062,197.57453551647842,0.0831975514519262,0.12316933927850866,4.161948728530597,181.3762287076382,0.07649075152015097,0.11273820916463631,4.835323535304742,211.7612884525467,0.08888818420351062,0.1318862539499505,4.62632451300254,202.29371035134272,0.08530944542735573,0.12523807465044937,4.483523747967792,196.1920370168564,0.0827727694312476,0.12199892373705333,4.281227193452632,187.15503400805494,0.07910114128385516,0.11894832778985491,4.753856085483392,207.5242338432796,0.08736171814799898,0.13109070341049148,4.5824113895334495,200.12777985805286,0.08455930484690208,0.12431071995348149,4.583165045181219,200.98563040532912,0.0841224008766858,0.12431897650661013,4.252627856952839,185.85428705234304,0.07866110054759201,0.11600688426944417,4.913726519882859,214.36627173117012,0.09064443978291405,0.13397882732408664,4.49194388420457,196.3314410733558,0.08298271668386369,0.12347601234560335,4.567981874187196,200.77678936031145,0.08438863234406366,0.12438046729882693
4.385171674965449,191.31803184246954,0.08076863450182632,0.1185385256336233,5.1661582671415065,224.56862945877597,0.09554226636622604,0.13900768124085294,4.617937737628208,201.84497570493738,0.08540859642952188,0.12626763719479814,4.839557988666794,211.34396172673829,0.08867423942271004,0.13123282328729596,4.355845021022038,190.77290401181722,0.08011830330105175,0.11764334032145762,4.969742063794558,217.85314805166135,0.0913554586279159,0.13635771687649367,4.7455196881376445,207.58307537152646,0.08722063903384594,0.1305481705390623,4.750277927305381,207.74563267880208,0.08715249331772472,0.13011210776792473,4.510537236262193,196.98268977438528,0.08283918732302972,0.12208065520131575,4.868992590924649,212.35959005634163,0.08973836402229053,0.1334213198697314,4.653809068862359,203.7396890012638,0.08594073656963035,0.12789153672795847,4.892117387019515,213.9779910993777,0.08979694024183818,0.13322566736683716,4.41344265190373,193.09508008007347,0.08113928594532835,0.12136852061911882,5.019721337449742,219.50905865114092,0.09218672067816132,0.13683176962454333,4.647624364881022,202.86660041353153,0.08606728270672598,0.12650011892468996,4.91927885294425,214.73119412832062,0.09064304965639819,0.13445406463628223
4.431843505900657,193.86980813704514,0.08177793504978913,0.12122649715541763,5.0815071771050455,221.6318941836214,0.09392432268421509,0.13997689414689074,4.614329812949114,201.80821309033988,0.08482179381121199,0.12593300665579193,4.68254088485552,205.34314557292632,0.0864093884196775,0.1287534591593625,4.3874977697067505,191.51784495291028,0.08047835836291432,0.12187087462322858,4.841582849491562,212.54884458745587,0.08920841232891362,0.13284119546735626,4.7297159769472135,207.18932491774018,0.08690738526578216,0.1288159152909286,4.639677524771171,202.19394218737085,0.08503438500768315,0.12563217899219473,4.533466259519841,198.77353678172767,0.08370039784066377,0.12400969499496499,4.760928324712098,207.26336946017494,0.08789584908120367,0.13079364033039365,4.682489803924639,205.2716274605531,0.08631466914589479,0.12846265368892026,4.775529696897784,209.27120421663514,0.0880053250386474,0.13210138061727966,4.527601112436324,196.70698171121379,0.0834178549234538,0.12462185023114343,4.924972700669954,215.00428315982256,0.09030699541247181,0.13486947195910776,4.672250076660044,203.13510360376017,0.08603547360236675,0.1270349941898758,4.743289295002183,208.03037598837403,0.08754625215252174,0.12941286718827252
4.289159252701413,188.84790976652195,0.07913683202350709,0.11822324198767345,5.1616806824527455,227.026654185842,0.12110088891645038,0.14039662985016454,4.580175475686113,200.42171896414018,0.08390719968988129,0.12405732080832928,4.7043099173668335,205.63535923088313,0.08665203535853871,0.12879592198665657,4.287782818984038,187.96696302474794,0.07879434351045891,0.11619373128367726,4.952412619809046,217.2004382150133,0.09145432790434813,0.13670975797241597,4.737759918912275,206.8137480621404,0.08722537597746496,0.1303941702662184,4.660088525702908,203.6162010151477,0.08598707651073022,0.12661628051432597,4.430315001454382,193.56108299451716,0.0818116817539203,0.12024688594005814,4.847620177637543,211.92585975729165,0.08850395396614352,0.13450462432792387,4.620751853335877,202.3281035444444,0.08495468338653954,0.12548163808097768,4.807880597004047,209.3893653042172,0.08868508790573769,0.13040521763393242,4.404999592309409,192.48031263750087,0.08099304495876684,0.11935303567663307,5.056195833885311,221.11518274190936,0.09292029987329024,0.13860380897565966,4.573944089085481,200.13039775512618,0.08401004991326304,0.12504063995534062,4.810717876285134,209.92092747602655,0.08864822633225797,0.12988659745878223
4.185467083370314,183.11800524683574,0.07673365412611256,0.11466178757055141,4.791064667947457,209.43755212262678,0.0881866618313415,0.1322338327030201,4.442139514742792,193.95245102552119,0.08223066461731496,0.12004347337670987,4.631374146432213,202.44705514436197,0.08532452839806642,0.12622519794175274,4.190881139426807,182.69009518187494,0.07730328783457188,0.11469392601127311,4.608994154818488,200.94139938303317,0.08514366374920133,0.12537723731798245,4.546865844064815,199.7321490293828,0.10682278043391527,0.12423999982188333,4.586014974546773,200.05222033098497,0.08462263859392954,0.12523647871477656,4.307505595826687,188.78709382736673,0.07919643505815463,0.11783009549511196,4.4793881623722935,195.80374742960169,0.0826829909110128,0.12249213175897114,4.458831400382891,195.6005749232768,0.0822022766570172,0.12324968609370043,4.668404453253064,203.51672388452275,0.08685562842614925,0.12825989690725192,4.221359607447077,184.0714903970377,0.07741030107904659,0.11636512621005547,4.65744986185751,203.61530876172796,0.08563383823929918,0.12676433232443304,4.479272745540382,195.57763892287764,0.08247684135347713,0.1230536976795459,4.675331050331945,203.87220795790708,0.08625807229695316,0.12977624893292758
4.480300564130464,196.2052874067495,0.08239948714272889,0.12259413235691012,5.6379399842475735,245.8706756560454,0.10382236081707837,0.1543702060214206,4.778871432588943,209.60302626458994,0.0875657066797471,0.13033813313934808,4.636225364677204,202.39739611845306,0.08525636816778087,0.12691364018808635,4.430601239326801,193.8051604136144,0.08148926548347767,0.12077516613295965,5.348318039162779,234.2525903535238,0.0983197909354364,0.14689685217413437,4.931004256493491,215.66646942571384,0.09052550088420182,0.13495166077486925,4.649358793430127,202.3676442041707,0.08633708265248273,0.12636801774591044,4.550549580290902,198.75110185193236,0.08362783780128655,0.125222681932105,5.2511974996272786,230.07559642257567,0.09673581755169226,0.14372711082511633,4.869923067545943,212.97035246154692,0.08958699812117761,0.13283493384082784,4.847188924039255,212.96559398318905,0.0890956571008052,0.13314389212604646,4.622695919250248,201.85628998300427,0.08507698951939217,0.12561366731937962,5.47783432915753,239.4374633556502,0.10097956662925472,0.1493054180227171,4.662520499580294,203.52583869591686,0.08576984352971344,0.1280965408044114,4.8588072244438925,212.22455134599116,0.08964406556587655,0.131821103946532
4.120034451797842,180.23487798842646,0.07553488750780991,0.1116293132491964,4.987719968907701,217.70893119147183,0.09139520160656782,0.1356380325292354,4.422803054608552,193.50004089210043,0.0813683834495382,0.1202306349859701,4.518707948368617,197.49667341284805,0.08322111075519426,0.1238688647882039,4.12357193804319,180.22156265523373,0.0757845405510433,0.11275483190356132,4.739297507023552,207.7123229360134,0.0869340406518406,0.13020268775025645,4.601404623835089,199.737822857413,0.08476580509432956,0.12484878194365587,4.483521230745525,196.26497735511623,0.08271444792254261,0.12242502383707575,4.264832517071757,186.23179803442042,0.07796811668252744,0.11662126409682001,4.658107687680591,203.85103955409082,0.08576948390809658,0.1287541824618493,4.534120243158537,198.05617335669285,0.0833815873546743,0.12386231715286483,4.611170450992056,201.3291159517281,0.08515886288187893,0.1272462905741193,4.222255964740926,184.93962553478505,0.07755752243926647,0.11439925407337483,4.857108406029161,211.96522964693926,0.08956233755554929,0.1312887376903227,4.462039490689702,195.13503201937243,0.0814835817057325,0.12165656156715346,4.608795371480522,201.1950644034633,0.08484757768249063,0.12612882759434743
4.094123712058618,178.97182512576632,0.07478039851105267,0.11073735067458666,4.933325854416633,215.6291940927648,0.09087771073039494,0.13633204089716353,4.455231678623387,195.53946649446132,0.08200449201990241,0.12171731729777945,4.630648816370119,201.72603307676553,0.08561117657331435,0.12592471245804593,4.087065402565581,178.50594881357162,0.07485667250497277,0.11195107089462611,4.780680166956243,210.28381539886814,0.08810785465301305,0.1306212515660747,4.642634913807296,203.0762482145777,0.08506664833935805,0.12835473554499244,4.540382655228634,198.83525331293674,0.08303894120847048,0.12417280737720954,4.175441696343477,183.2697493385156,0.07683810450450373,0.11422329358683161,4.665598143676963,204.26336663235924,0.08557616403768958,0.12798471446239518,4.586195097610603,200.23457727462514,0.08476754781447561,0.12598231349247815,4.672606327404444,204.207122427345,0.08602097560817099,0.12837815134163577,4.113731648719121,180.16196597042045,0.07595712268360658,0.11341719033417673,4.844762401828822,211.5990701001292,0.08887157145988589,0.1332123373281108,4.528775159606941,198.1380229531036,0.08301523149325184,0.12366132976638704,4.706571000909347,204.8884985384354,0.08670302030315336,0.12771149079865962
4.454048751913927,195.0872277847307,0.08222309683392433,0.12122666374811931,5.247608142045124,229.32027585526075,0.09653119724832873,0.1433038616177921,4.631701114403603,203.31024334965008,0.08529083556666055,0.12766107137921953,4.834201269439097,210.94893458127245,0.08886225514301184,0.131062283760172,4.392386072051986,191.85877758047687,0.08075353703362766,0.11951530275787367,5.007808590162443,218.70291880923065,0.09236011786151126,0.13607214835270204,4.788938936219294,208.98205651251916,0.08836688524036306,0.12996048027102552,4.824303809597326,211.18780629254448,0.08871290763205453,0.13211978503060803,4.5362322685296625,198.641420079682,0.08373946540783073,0.12447994427229414,4.88689301840755,213.75111866383114,0.08995497432693754,0.13325077238488287,4.693653695332031,205.73478344801936,0.0861506694993588,0.12888547728195632,4.972358388923689,216.34242851395305,0.09191371177804646,0.13535632831799532,4.546571797852325,198.13439257612393,0.08383669299048564,0.12257062625663,5.117309236488676,223.25202086610466,0.09467021771033352,0.13995129996947045,4.634964845936003,201.48338480430945,0.08565509918315174,0.12677969338277853,4.9342006222281425,216.05619872676274,0.09099281549193419,0.13535477303999102
4.327091139154961,188.5075193069082,0.07919256939641335,0.11955651325012408,5.118459217404818,223.31934918310827,0.09421680689150351,0.14041209038017277,4.421036194078896,192.78129544092513,0.08125631597613596,0.12095360608762652,4.71754642416833,205.90306071448765,0.08636894959002483,0.12814739840452152,4.2373068134478835,185.80167081012328,0.07766930356394121,0.1170409661263032,4.900331171645178,214.01220954754473,0.09033191114115319,0.13455777899901172,4.593370684974955,201.10654176360197,0.0846766566420088,0.12532351931431196,4.69262788994822,205.25897451097745,0.0861565752880035,0.12754797736801748,4.37693262192108,191.18317108853032,0.08075882225919238,0.117104433220669,4.801855703803478,211.0790042623912,0.08841402876181442,0.1324548708779999,4.478720222352858,195.87768286443367,0.08233795701304261,0.12182758264395709,4.801192756033888,209.5055536818894,0.08837023105063482,0.1314264858382514,4.362229561904496,189.83568660852643,0.079773202504809,0.11842489439249197,4.997098241003139,218.08219075429764,0.0921800915999963,0.1368656167688084,4.40497640710998,193.1905821438031,0.08117475904766908,0.1209468281564873,4.776970001625853,208.56289871978586,0.0874984682442652,0.12925546936918797
4.205201610197811,183.37020191489117,0.07705536233807815,0.11359403416173684,4.923565464835853,215.72344115221793,0.09052038121131249,0.13370474625645204,4.4120560823721044,192.98839678180738,0.08138768180101943,0.1202309197465814,4.528914836075392,198.69695082107845,0.08338081831907453,0.1268049101319854,4.1905220272836905,182.66043646891657,0.07542846737964617,0.11482967245540172,4.746539889344124,207.88815654173305,0.08762564972168294,0.12915128330104417,4.5068032682930745,197.4310290237635,0.08309143877099553,0.12462356973049457,4.515625594690324,197.04456178221946,0.08340656880924797,0.12244425960502636,4.287124767317842,188.00709845685972,0.07897053834501877,0.11835318177702998,4.6559558049454335,203.2868670001563,0.08619501380898598,0.126380944278993,4.487517159008982,195.76554223461252,0.08274069277316821,0.12147123228577414,4.599557664393636,201.36892619841447,0.0848841345527072,0.1251441163052821,4.270472491391094,185.8211672354986,0.07885015866815741,0.11602486435524542,4.801995531137161,210.9482329987795,0.08844854230465658,0.13323145336716094,4.397739851570336,191.72679124354283,0.08105857724278805,0.1211121424784638,4.628475259233693,201.95935663522886,0.08562706554683407,0.12661147214477747
4.293994240627934,187.66946253876,0.07896277724955919,0.11678679407217316,5.271190936909882,230.39733469444127,0.09662209626474368,0.14611217983067798,4.589342604516483,200.66737987212198,0.08460985310455585,0.12471072014782668,4.772700190574646,208.14057024759106,0.08786869032686663,0.12816700527255623,4.340701974948014,188.6591821055594,0.08007278912896579,0.11869673866558136,5.096161896835142,223.07593253723925,0.09343594328830956,0.1403187348512074,4.748183708858885,207.7825211323319,0.08741387591315099,0.1294416122798505,4.72065794469532,206.34082730487125,0.08745687415735649,0.12867757364286586,4.408501910842719,193.54944050911422,0.0812521072163787,0.12150397974163492,4.9971712188852555,218.6045424609955,0.09147018372233022,0.13577710835172388,4.678301047723341,204.16962341370186,0.08610637661443803,0.12874633947823969,4.8442322427344,211.1475929733441,0.08919439490442584,0.13223470269016377,4.348748918375398,190.2165394753597,0.08042177512914708,0.12049619511771406,5.156520624295286,225.38452632458416,0.09515354358053195,0.1419863298025376,4.57634846223617,200.20923513227092,0.08493190415699177,0.12479775397048097,4.812584136241425,210.95620782661356,0.08814706348306067,0.1329362065975203
4.2003236362743515,183.07105551261637,0.07783261988313306,0.1151847394067296,4.816971952731608,210.5592521680874,0.088472093089647,0.1313279040745927,4.406707793924209,191.97548004593543,0.080988021609857,0.1212892609852689,4.485141914654094,197.27684295683468,0.08262239777009818,0.12355218581375398,4.154363996116059,181.57564416779584,0.07625984055837776,0.11317660132602664,4.657757020929612,203.70851567554678,0.08552608642082765,0.12914095540848528,4.481832052635998,195.67264853204702,0.08285451460350894,0.12208669994243948,4.485988960603105,196.18025075877344,0.08268372861587349,0.12373411480214985,4.291388592160263,186.4751966915507,0.07947515339367732,0.11582793812179076,4.557079503146369,199.17128097178337,0.08416523135356982,0.12484661989745921,4.45050201906386,194.12948599518788,0.08204645969327244,0.12090283233125816,4.5672376832115305,200.04715610447016,0.08392747759176362,0.12589194052143335,4.2416334280132215,185.41262180622434,0.07820399449808033,0.1159177234806125,4.7254847041131685,206.50743819833048,0.08711529908529736,0.12722846718502812,4.383495691464002,191.76114787370915,0.08032323930311862,0.11960885755978433,4.582596189738101,199.72477947402496,0.08440631508499807,0.12580413937563048
4.3044436667075345,187.87245095100369,0.0789199923204221,0.11645444880221642,5.13493808225338,224.9210430722876,0.09449440720185052,0.13992052683086062,4.459742618075307,194.69607399840794,0.08222447830266436,0.12062706804824246,4.6453156709561565,203.27761177072261,0.0859589243847941,0.12842901240246987,4.20899428357502,183.66388617579955,0.07725548420344017,0.11414015967810856,4.934479179393735,217.1612309301696,0.09050739763003554,0.13577824723705653,4.627675822108411,201.67347892186874,0.0853164804355198,0.1254947420901126,4.6441857125098185,203.72403733680864,0.08549035829803739,0.1263549965845246,4.353086802612055,190.7500319161207,0.08001472158100112,0.11755754826041438,4.884643987483202,212.60399521595923,0.09004941211572913,0.13302051679213853,4.543478476079304,198.68355368278662,0.08394648664670454,0.12419656871809354,4.733782076786631,207.43862615783326,0.0868665107778094,0.13024794329247255,4.389789440838957,190.5801998721553,0.08082263456140923,0.11876390434812299,5.050930523256246,220.2982876747604,0.09309668139723434,0.13758614388427653,4.433167164252485,194.60845872611603,0.08161286470552455,0.12166130934657501,4.721352869712261,207.11288561461996,0.08703929914312479,0.12882479041827793
4.336056612300476,190.19446246083788,0.08000282547590336,0.12004618550307142,4.967383204075488,218.35398294388472,0.09139225389573527,0.1358401287487619,4.468506160012881,195.71885019790173,0.08271744014397373,0.12314030891740897,4.772926252622618,208.480330131106,0.08824354878764747,0.12881257017980313,4.263566733457431,187.91897617367533,0.07811205151425789,0.1171382571411371,4.835958616155068,211.31709565986125,0.08922971651738791,0.12976367363357724,4.60895943141393,201.66732344982262,0.08480553320845692,0.12552598121836292,4.754507278323778,207.8834715355343,0.08778431923932986,0.13025169654829447,4.423901129189114,193.9418890721984,0.08110876240026822,0.12190480690721994,4.7469056269120635,207.17003085279978,0.08723264812488575,0.1288254325544024,4.51065185987958,197.6305726615102,0.08311137629660119,0.12461415071186137,4.807262671172735,210.5107350736337,0.0882861865971739,0.13120777394670421,4.3690184298148385,189.68850211147398,0.08017420757347185,0.11915939718655884,4.917749044893091,213.55012012067186,0.09029242981698729,0.13403624549163104,4.49478717137924,196.44886048607245,0.08290237896686421,0.12114194576525003,4.834230008207862,210.8165054001643,0.08889041137945386,0.13248826285325885
4.273874170787417,186.78863541812106,0.07883177222760607,0.11836819114867941,4.8779638077318435,213.45566675593585,0.08975292243530013,0.13476392505321522,4.562460203854389,198.6963355137507,0.08386155951666911,0.12440685849565451,4.878078808682042,213.79214948552794,0.08968239503227977,0.13497855690047597,4.282880825472396,187.39697832088106,0.07820500150285507,0.11871429891993895,4.696833793946844,205.43132205440156,0.08682802984648812,0.12808935263621424,4.672227758200712,205.1678827091898,0.08596763007639621,0.1273226069160341,4.830105504224347,211.38253863051187,0.08834506768075977,0.1324464590324921,4.457725356087945,194.43530769694442,0.08245335916568342,0.1227675319172681,4.599757976808327,200.96823404570483,0.08440322307089847,0.12592273149338537,4.609138159224476,201.12096157589195,0.08477056359062358,0.12539968841687543,4.909181317239972,214.75711854510243,0.09031911861431895,0.1334688686783962,4.294778927920525,186.9854723611492,0.079251280232228,0.11805837990851312,4.801306402701078,209.486790530847,0.08880134751361973,0.13118902704182991,4.607748993253284,201.12516636811552,0.08484525812158787,0.12640295901348966,4.93908568253698,215.865378827661,0.09079661552539509,0.1343910664146397
4.30082042189554,188.6591578489923,0.07897362294582269,0.11780787512366413,5.228569996347828,228.6604047721465,0.09647759502718017,0.1425664292378774,4.620901150567049,202.25590135223024,0.08455942721721137,0.12613184576389339,4.664667166571925,203.6194571308197,0.08593249958336657,0.12770968374274272,4.270903452419791,186.78565523076676,0.07845172007240829,0.11641552498497741,4.997843204950224,219.2118096925956,0.09189913957546446,0.1372883323954707,4.745730300507567,207.87079082047427,0.08692140315282774,0.12919330454983852,4.655611706426923,203.10861117951632,0.0853723385703932,0.1269062059526276,4.437974726929049,193.43530536356752,0.08149034444151282,0.12105219391027341,4.867212756904888,213.84032893877048,0.08917721413238065,0.13232980335463537,4.683324252843192,204.3546814297932,0.08617463049846937,0.12892381200922545,4.814860230451811,209.73794131921548,0.08861119755157472,0.13045528231450035,4.421679492849794,192.9743592109023,0.08110106170599207,0.12031445827639303,5.115411838181613,223.0326462291043,0.09408876369292427,0.1387910147305519,4.5796015583239305,199.0729410881232,0.08447363299289604,0.1247545544865669,4.818450678649705,209.903483513363,0.08901184661234965,0.13232438363129614
4.183865582387626,183.28561299202556,0.07695245251848312,0.11618854735113518,5.058487066789516,220.27950084158584,0.09309977377442691,0.13750460462849892,4.445636845164873,194.61798100199863,0.08226305533162033,0.12079517921984512,4.841168323719787,211.55512167059274,0.08919835163443447,0.13200681966599445,4.252824152388854,185.48488863165863,0.07814617188386,0.11646357880924987,4.899396819261537,213.82879281014954,0.0903197766281528,0.13454188836132466,4.648686291170234,203.0377634895147,0.08548319093213684,0.1257364336338896,4.790642059874447,209.44463647474163,0.08764168649528972,0.1305326945894606,4.313147329506904,189.18877288165245,0.07960408703762269,0.11823847540875308,4.753654416766037,207.7453609821414,0.08757447206494189,0.12899929417955638,4.51786687136716,197.37951443348135,0.08259797794550158,0.12232999442392294,4.857872180516473,212.63781898785268,0.08931058405883512,0.133639774448797,4.186402932163597,182.38219182535337,0.07684999951578851,0.1140620751763926,4.930479337146165,215.673184016316,0.09093745797965264,0.13419374381676175,4.48840187569904,196.88527655821946,0.08261209587361064,0.12246885715709774,4.901390096811498,213.68800569947808,0.09028351010002635,0.1348165947457426
4.222354269078627,184.76457425048852,0.07763282709236317,0.11441546251565499,4.669418566879381,202.54720640051264,0.08581615883924779,0.1260414835100522,4.461758987830055,194.80908911259306,0.08224328047358173,0.12347438310042312,4.504980571553768,195.92114486848038,0.08319625871409024,0.12050409408487359,4.1933493946199185,182.95383614496117,0.07712018146526553,0.11554307154941824,4.482199987973498,196.0555604652264,0.08236074132703275,0.12348701783708357,4.533153784770067,197.7972469275003,0.0834484241280575,0.12406940759565425,4.379853303943881,190.57883623544856,0.08093084020534674,0.11819981805059089,4.307660072503995,188.55860160336465,0.0791804169310074,0.1183756778688854,4.361684402284899,190.86848714669492,0.0802404070640219,0.12003525481926139,4.587011386874256,199.51772434917856,0.08396436871420145,0.12404344823344476,4.51923149748065,196.50461078383262,0.0831837985492123,0.12411829833797033,4.220808829120111,185.06249574043605,0.07785464019060974,0.11381679708838979,4.483935056669745,195.07718657877032,0.08284785656937879,0.12264128309414539,4.4898431612383884,196.4065057276377,0.08246264296379431,0.12235389244515751,4.535897438896917,197.02715927053634,0.08324378246245898,0.12270786579407282
4.317275835476783,188.4943180333531,0.07954732114350391,0.11774824378924478,5.022478113258956,219.87003006772736,0.09251248421808915,0.13961900375516034,4.620003864364111,202.54442799776058,0.08472730795176107,0.1273039458841292,5.029129830952145,219.3237089173173,0.09254536103977266,0.1376605103108621,4.400586230155444,191.90443493452176,0.08132253745067988,0.12097658240873471,4.892989640379003,212.7063515562903,0.09028647831998296,0.13344839210495232,4.8108379394751175,210.97620825609732,0.08836961991247078,0.13189334528896662,4.93077829241882,214.91161060481056,0.09099001786488796,0.13423374805696095,4.501683439205147,196.64916625602675,0.0835986836674393,0.12326523712564279,4.710283919163223,206.5294403365208,0.0863422713422677,0.12937365950809038,4.712696748673185,205.5732881415886,0.08657905925210421,0.1285296755168847,5.043214078204008,221.1403273436141,0.09323326041929993,0.13686564951071187,4.360547590973005,189.1059245189831,0.08047027425251858,0.1177752140080141,4.912427837429813,214.79664325957023,0.09067193531344502,0.1339383485856062,4.742316084375765,206.93185317622232,0.08776371530273226,0.12903953320748798,5.089340177761719,222.2084584319175,0.09327848035777503,0.1383416366071679
5.072546507543638,221.95935002296366,0.09327658691726688,0.1385944998766557,5.17534828333546,226.53011362450158,0.0954612856810716,0.1419940384711646,4.987997084486777,218.38968775860852,0.091896555784413,0.13610999790312836,4.865191038217796,212.54175946139367,0.08969237108129727,0.13298538297260873,5.072049527451397,222.11317926566434,0.09328360690606745,0.13835262186800884,4.935301201884387,216.42126803261056,0.09068583170568653,0.137222562475984,5.0303468984871476,220.14399297524105,0.09174589195834348,0.13663692959805523,4.860956761327363,212.8135201783921,0.08917319177893453,0.13286980841906804,5.324856297556698,232.45564430551568,0.09774904095097262,0.1449843132156496,4.861740870716432,213.39922903959126,0.08911545992036926,0.13235659211739895,5.069158755171344,222.5972904669034,0.09292244789295791,0.13921700224894004,4.886311506677963,212.61129300347486,0.09021696911093427,0.13342852342153794,5.236255590075809,228.10300174926456,0.09658323318604908,0.1434663831961732,4.970847386780996,216.69372710707256,0.09152155908428336,0.13605571714696305,4.982022536245328,217.39659112197555,0.0918201039601231,0.1355872927514249,4.865344846117346,211.80342232781302,0.0895757123314681,0.13373531174234998
4.982672345241248,217.5592039750697,0.09206203363949043,0.13659983608934503,5.497137825039651,241.03324856216273,0.10101077323305693,0.15140563225230422,4.881637395526596,213.8378419262068,0.0900358024301183,0.13385921004058945,4.79842692539115,210.28244490141898,0.08831925929556064,0.13033499636881626,4.961896739075293,217.7033190077876,0.09124568208858493,0.13639184794041995,5.255744983434298,228.8834394568001,0.09721860407336719,0.1440961307605539,5.006279428405886,218.05543672267532,0.09267193155514025,0.1367044632352483,4.849763591581272,212.0315862007353,0.08904132717549895,0.13274717920981036,5.136774031102779,225.65024492146478,0.09411656135887246,0.14137835662325138,5.163757000464192,226.253058439189,0.09501158359677417,0.14130353498747772,5.001690660782638,218.30179780461236,0.09231869855367238,0.13682554475973588,4.905333250114577,214.27862974875532,0.09022092341561101,0.13589178442071018,5.159805724169784,225.30959701963155,0.09501063186871898,0.1415945196776605,5.336394108958954,233.85765296140124,0.09742110686965609,0.14581225075651616,4.761049250708467,208.56062460420637,0.08753777433642294,0.13015198292478358,4.909861223213193,214.21259415274642,0.09064200884001566,0.13456943012591885
5.014763848551927,219.14887681119149,0.09225749263940189,0.135763792612205,5.327118003549026,232.01914615166413,0.09810526631379457,0.14513231634599486,4.788957371839013,209.66220557105478,0.08819543787086934,0.1305474094671097,4.7847922840541415,208.9686383827036,0.0878661817389724,0.13058181517597361,4.958613421382195,216.5131845284973,0.09134879432597905,0.13455127974450362,5.091088429097049,222.09049684393,0.09357364756175922,0.13997493129506935,4.861916187812522,211.74845875250736,0.08912914796993535,0.13139209416446154,4.80093272745837,210.03774420690257,0.08844313855104154,0.12996195200176555,5.156914566515361,225.4350290823754,0.09516114871880567,0.14100646385884946,4.987999314917179,219.54489932532917,0.09170714925476546,0.13651070674120616,4.93536859078121,215.1374224001368,0.0910771762337967,0.13412734858696204,4.802618649235901,210.60775762844068,0.08819274898038214,0.1311048863810353,5.113087341233253,224.6381051694244,0.0938288809926938,0.1385146017886322,5.106511593554505,223.0133543443776,0.09431747543817603,0.13892413404029405,4.672919183303344,204.04714152573555,0.08549125314730988,0.12709089936888668,4.82402316557133,211.05172701011455,0.08851114746256429,0.1321726338560224
5.152077159179317,224.67202909155026,0.09422871984531989,0.13987013379063742,5.313081530265238,232.79962316007052,0.09741871729174259,0.14539948869372138,4.950679159731928,216.00372651370145,0.09096535934465658,0.13430852542635802,4.981905417660601,218.261156676408,0.09175206643897856,0.1360044325637844,5.112373091699037,223.36244224461316,0.09368675886788687,0.13977383748793096,5.09793207011521,222.3860362183567,0.09368511058502207,0.13755369548500498,5.044142273598154,220.16559914814235,0.09300792078933051,0.13900947045872253,5.011078649549287,218.95124386300031,0.09202961686004504,0.13665533289738957,5.35047410274205,233.525738602146,0.0987981465834272,0.14623060635664265,4.9594432587025175,217.0221435424382,0.09178134470514221,0.13618034059846373,5.073678880011162,222.30691160553113,0.09345049188252381,0.1380962695219771,4.976587307094814,218.16661540275882,0.09142177043582497,0.13613616168263143,5.271690549525843,230.44242940775348,0.09695463467962517,0.14393105952006213,5.089059093451459,222.7786358348536,0.09376474044261053,0.13933876648949853,4.892028043295918,213.43150468417215,0.09039932761766009,0.13284143768216522,5.011731082190352,218.2006497658711,0.0923878432398687,0.13566432634494097
4.981607510193203,218.57237836042972,0.09160460848899528,0.13668230244268056,5.344902264929313,235.19300478329,0.0979718766236658,0.14739938331247868,4.750950121515875,208.19644731314057,0.08805259227082499,0.13038692117774545,4.671382483636426,205.2484015030192,0.10737400671544997,0.12959605297455062,4.959665762853009,216.0789078102785,0.09144500127592536,0.1340077477084974,5.125855880373941,223.9740907489513,0.0944026956879843,0.13970209745769338,4.865516689362747,212.039782693815,0.08969736381230595,0.13153847526131288,4.738006959227973,207.53929033569594,0.08725533625320081,0.12919568867666176,5.136624043092709,225.20250587706744,0.09450039126577027,0.14101843917344375,5.012710258713562,219.49680681661422,0.09229984344909202,0.13694303163616423,4.896657819581343,213.31911020416817,0.09021104216468141,0.13224009717631663,4.799540526330594,209.46264452098663,0.0883032914810089,0.12997351708934884,5.134833529748119,225.8695868833922,0.09455377238835065,0.1418899025732663,5.143416961879447,225.5372948477135,0.09439543862985304,0.1406133928547117,4.6372928955172705,203.3743420610695,0.0850692064214756,0.12709014611471361,4.737597237943877,207.94105527594124,0.08905504185954444,0.12964475564912092
5.076923202237041,221.94479870375378,0.09338194542103843,0.13918853280511337,5.327145906511943,233.10212147315943,0.09789132694321515,0.14479254457654586,5.154501787973831,225.1049881946503,0.09431201261406925,0.13984956111757982,4.799721778557169,210.45035379516878,0.08812294752342062,0.13025228599824448,5.072482697595115,222.35237146497565,0.09330038184499671,0.13902290300244072,5.116181298952271,223.7261356955989,0.09444295445899441,0.1411942630725272,5.195610917182739,228.46323039250208,0.09562375762183707,0.14270333311593167,4.789371981054015,208.92855968959037,0.08817083139697758,0.13182702115236486,5.322392029893594,232.37346613842575,0.09795481001145268,0.1440345090015074,4.98212331290957,218.91756853873912,0.0917054325747605,0.13537189046163034,5.2211411428839085,228.05633482836757,0.09614640756324658,0.1401777997582019,4.878377114045597,213.5286578159995,0.08959913162422722,0.13407166839658272,5.22243600830096,228.38145687854984,0.09603316908730951,0.14161815686528328,5.114908329506893,223.56862090796957,0.0942230007895678,0.140714515271049,5.076537099830862,222.77915067571337,0.09316720540337588,0.13832100781628107,4.8214210612763715,211.3104499298365,0.08852802226896442,0.13222166929086296
4.883036513569216,212.6579582299172,0.08984547279098591,0.13188804036395968,5.2331576868877105,229.2070684484119,0.09612701150604769,0.14372788393888725,4.845186594501837,211.66346483934208,0.08933053930851029,0.13051577473574913,4.766173755766182,207.52652762990542,0.08791109179222509,0.13272446450430192,4.812668769756394,210.55484501629547,0.08880511020308775,0.13255455683979464,5.045244427997583,220.21580167728592,0.09253978270275083,0.13741304866274878,4.954498825794104,216.63998380037458,0.0905805906254937,0.13578114315706466,4.732862300815978,207.9388870447805,0.08712812359135276,0.13070579489599682,4.995283871558104,219.6168130139332,0.09163468433904276,0.13741559542572862,4.926490180235518,215.11176779579642,0.09056312427799815,0.13431721972087846,4.952219007320204,216.27860895037867,0.09104445785264825,0.13611898314758858,4.794773512495025,209.23485891634658,0.08848090590389764,0.1310056739643167,4.982224334620108,217.3187248717526,0.09166414240816594,0.13700543240683577,5.021372403960687,220.43225961251218,0.09251931033941954,0.13736727106284297,4.814143535729232,210.5590378309564,0.08808816150528632,0.13180560292386445,4.798953964028102,209.05352034810383,0.08886919350284665,0.13064884929453874
4.867822411149613,213.20829611371238,0.08973951574859651,0.13230844103952052,5.277507694832202,231.07519883633555,0.09724432613570816,0.143510715486679,4.822988637186379,211.16064172832625,0.08835349092115254,0.13227392555186576,4.701395746068153,204.7084125620423,0.08684756443060207,0.12601476512124157,4.829092424509785,211.30604346712562,0.08894040101147926,0.13177671974946767,5.0215355811096085,220.61573978952012,0.09292754840598096,0.13877671260775296,4.956981026902208,215.26954648472196,0.09141126154917122,0.1346829524467734,4.698603496969519,205.8613523082652,0.08677146381417804,0.12716759624806234,5.089713346024923,221.79690412758947,0.09409929446278283,0.13901894305422155,4.916613800570655,215.76708787664353,0.09065800665227636,0.13354550180186966,4.897771635361707,214.74918728482058,0.09033375724383018,0.1343455826905221,4.7720636604259905,208.13900858436926,0.08795450676737958,0.13046312571093704,5.023929150060363,219.41136106526156,0.09260562370024006,0.13819685291236752,5.079318556467449,221.7410971055881,0.09351414794134996,0.13923702708276503,4.696017041826711,205.6149294358829,0.08633533833853457,0.12628691574645964,4.761396516358753,208.1685674714481,0.08751060258043561,0.13136019195766827
4.872893748137931,213.03372302008864,0.08948771082887372,0.13333139426131504,5.2224697855196265,228.21837177900585,0.09606897832300029,0.14123699940540893,4.715371839280337,206.82642060865513,0.08634843381959427,0.12936395774770623,4.877573622854276,211.9039083360446,0.09010165017178318,0.1325697063980216,4.8793198577660455,212.83271132274587,0.08963065991380566,0.13356440401398964,4.9868902997260065,218.37238959155178,0.09137058900633699,0.13539443368894263,4.854363956603162,212.10000004439425,0.08988281803852106,0.1323477700797092,4.820360886565848,209.87307998574454,0.08932950838918177,0.1315691661038498,5.112376377010689,223.58564529994766,0.0941366797374953,0.13980002752854953,4.913939457977419,214.9090313605624,0.09021685795539501,0.13460921352687413,4.865575907743799,212.95661083429698,0.08940977326468641,0.1327407957146989,4.840447303099095,211.678393192624,0.08933920490562876,0.13216952108025048,5.060789654433176,221.06864002451542,0.09258341938696303,0.13813426803210024,5.05445057787417,219.79296912435072,0.09315229070889056,0.13778178171735395,4.744124023359571,207.26517589802123,0.08709099413936004,0.13069920999944448,4.862337012522535,212.77539816665364,0.08936328551111448,0.13220914619919907
5.078902871065228,221.66542580975056,0.0933240699944461,0.13775043903194042,5.044440709327809,220.92334545928523,0.09319825175478479,0.13692257725441195,4.6773655542859425,204.44605442780772,0.0862492405753867,0.1281006913510424,4.748257012114774,206.8254359305722,0.08717058634469967,0.1288327880681537,5.02284232425745,220.01502672591727,0.09223200151194114,0.1364504750682338,4.821807380095157,210.58082667874135,0.0894329663089269,0.13194616075240623,4.798092171147088,209.38044452128946,0.0888400416311915,0.13169035905190107,4.790765811639387,209.31848195800382,0.08810666125319318,0.1308539991783887,5.306740452780145,232.21775696572612,0.09742988179061257,0.1448133403642587,4.69821308298868,206.2137495749253,0.08622627312634744,0.12894073058774896,4.827168748234339,210.96157201381016,0.08857575242859643,0.13175970114073535,4.728555515713677,206.53000951513164,0.08653946465393497,0.12801924195790393,5.254985784990432,228.79539457221196,0.09650547140407277,0.14330558157553322,4.80780920506565,209.41608761588589,0.08899657303616725,0.13141609338082083,4.640464562461648,203.72460242412149,0.08509993664625974,0.12725325787928898,4.72346312394721,205.6457401794556,0.08723584619890352,0.12872728232493957
4.935752954492813,214.597976208889,0.09108415227449913,0.13493384732879968,5.161790971747555,226.7355454366409,0.09471544571197234,0.1412952904204464,4.8126889502272485,209.73153249680175,0.08831489849058811,0.1316638882619686,4.705640899588716,205.15997737946773,0.08633912032913345,0.12880297828012474,4.858006887477205,212.0254259458619,0.08901596665393768,0.1329189637603402,4.961131866120926,217.08227313676284,0.09099795267769531,0.13583683191035745,4.893221902093972,213.6521197233413,0.08993207377707281,0.1334482767735839,4.69572168550517,205.48786240816295,0.08613896547107011,0.12828963656551204,5.11357966185267,222.78873161982472,0.0943037288178025,0.1404494816366761,4.836904045143985,211.60366960676302,0.0894922509171583,0.13251452579657644,4.879712206244156,213.45823043755317,0.08955915520676686,0.13389050128714838,4.749370046064673,207.48493638981736,0.08754402254206184,0.12989719359301416,5.052774016740482,221.829560561638,0.09285621547256975,0.1392337699692518,4.974985987185159,217.75986814855258,0.09122860907102559,0.13614641856392387,4.709264372733955,205.8692233019606,0.08673349398227699,0.12784952780600942,4.670715968476985,205.6640315303688,0.10698399353560277,0.12859446510881695
4.899626978945789,212.8998262684462,0.0905721197665595,0.13324572789965014,5.339086243616026,232.27685451333443,0.09828183665011271,0.144082119123438,4.890489168957756,214.42076037065598,0.09036661463938443,0.13306024870026814,4.748823921092218,208.06757399850812,0.0873880394751029,0.1298561689138318,4.852364163542836,211.6507793725274,0.08917928887577467,0.13175615512602917,5.085372248101107,222.6235986208887,0.0936032768889776,0.13943828228631958,5.009084196072307,217.84867336886515,0.09253581146291623,0.1363208576513256,4.744575701191653,207.53390692889607,0.08720446100447848,0.12921035153783808,5.09167005287842,222.32387082492775,0.093917719755407,0.1388560500593306,4.9884842269479694,218.25542231187012,0.09198257510383978,0.13550572564453198,4.980815295889499,218.5671982817155,0.09101070529084046,0.13629901405020517,4.845937317031302,211.64551170767302,0.08942954677763243,0.1326924612373426,5.038975338028249,219.82199557580208,0.09237023343213317,0.13762305458098337,5.123295636008707,222.9620984049919,0.09436686576717562,0.14112131884816936,4.84020744629977,211.6864254110652,0.08905588894736773,0.13202520718375624,4.822685750400879,211.37870182261545,0.08850061556243309,0.1314194442430582
5.293012356248149,232.09099107410134,0.09710594015440596,0.144346554582826,5.404411532239196,235.93230621043,0.09932021341271184,0.14783224731014075,4.984285642833342,218.01834669912643,0.09204850411696272,0.13651160619958247,4.790629311682835,209.456379953248,0.0879913568922224,0.12972685775834555,5.176358409224298,226.56099545474393,0.09514597926677057,0.14330634439134807,5.1916493859298605,226.17744806093452,0.0954884452805891,0.14130996393339543,5.047552345923934,220.4818317423061,0.0927420703749376,0.1381182918416125,4.902080712228393,213.81349692284866,0.09049989804495379,0.135749863054131,5.455833914270068,239.3180480398783,0.10067669662440927,0.15050237809355632,5.0402483555205855,219.8862331236863,0.09275356857201525,0.1376944376667689,5.122607573166001,223.38721186911852,0.09418161123172995,0.1392356539410236,4.867807894575147,212.59948099225662,0.08979212032746205,0.1323269502779653,5.451805125955996,238.90812928780264,0.10038342772433995,0.14942482194989373,5.1650082711469025,225.324294855368,0.09523871858833566,0.1406195351007822,4.830304285536493,210.44213329737227,0.08900772691628119,0.13124429815494934,4.817555799558169,210.05209122625564,0.08839707025916177,0.13103508142499884
4.806541186530142,209.87471254265702,0.08835761988551542,0.13156109573650268,4.913398051264647,214.93607826252526,0.09037754300246244,0.13470174710859267,4.6601225161150905,204.56680171448332,0.08521613335694005,0.1259393819897106,4.611598625613215,201.54769221895475,0.08508825943255005,0.12677885833177532,4.810025418880608,209.64141341437102,0.08859727748343502,0.1314893884976449,4.780733424106617,209.16487752572743,0.08792709747518178,0.13037612468406748,4.794576771735674,209.06256341113598,0.08837646036105715,0.1301215067277783,4.570709599076821,200.13277170034542,0.08424671295067196,0.12617143343415205,5.023553508717584,218.93184967066765,0.09246514637767206,0.1360136010080213,4.643429402878528,203.04508394506752,0.08557245752928466,0.12717182587079393,4.798366679037381,208.99552150720223,0.0882812373672232,0.13077023939904509,4.612700445695725,201.97031839650595,0.08452679260212903,0.12327394271733591,4.932226252629181,215.78389816538046,0.09085495290307519,0.13428092034680036,4.737867144292221,207.6373529493187,0.0870202033059785,0.13011952604956697,4.687186498343208,204.91151556579393,0.08593141948208503,0.12698471199043948,4.577440557664554,200.50614382789294,0.08383330645532246,0.12472093281153683
5.232435563668519,228.17629717924552,0.09625758176716258,0.14230439516235466,5.351707203736172,233.43375162671137,0.09821236892300754,0.14598341226969916,4.9246844606778994,215.23333424842656,0.09028633010616682,0.13445831139883271,4.81716851776696,210.01913235358109,0.08834369480613477,0.13099160126678938,5.229416885481578,228.90822174756337,0.09620925812935616,0.14200501299347093,5.084851756955751,222.78633158918393,0.09346276555744827,0.13906872701514297,4.947089002245443,216.9864937378899,0.09075856501973774,0.13616979862907516,4.829786907304428,210.6995614865067,0.08846041722199595,0.13090345521272467,5.43728439554428,236.9740956343259,0.09994356805119177,0.14763823091504377,5.006895962637072,219.25841530142836,0.09210854589908542,0.13533272870449334,5.023793233487854,220.26799195815738,0.09265093583386393,0.13661523679103557,4.822056382593148,210.09094796235286,0.08848185455513946,0.13280271792795936,5.377775918575173,235.15518563810892,0.0992951016269245,0.14817410909510317,5.092498541041585,222.68092973058623,0.0939590736370429,0.13944264798096107,4.790495934803581,209.48178657919215,0.08820840636947035,0.12970544649661112,4.861602377164353,211.8615209419648,0.0892850464619155,0.13029952971089137
4.936113038826475,216.27163068489796,0.09093525539143832,0.13423235240016096,5.069825189513597,222.0587552054231,0.0936761630720849,0.14012465727698822,4.7383846224587325,207.27432422284272,0.08697173435237308,0.1291746719282782,4.703062893104521,205.83152073644345,0.08624086715437404,0.12795665538577636,4.913223736083519,214.7716135042957,0.08992254023641309,0.13342036806500732,4.833480890884334,211.30414170052262,0.08908432394046158,0.13301786697417503,4.835148022454952,211.3485985943374,0.08870880772842912,0.1323583114207502,4.774544815293223,208.19700832573494,0.08789115600310801,0.1309380762570534,5.123143998692411,224.71070963970058,0.09447571947704066,0.14023155585184502,4.747496865583967,207.65610792562458,0.08734596168270015,0.13057715721331897,4.828055299306859,210.84588214857712,0.0886774519012992,0.1319749381905778,4.717184872520546,206.68043221167878,0.08664546381610139,0.12979221884244416,5.105633728998821,223.45985825509615,0.09419695916256432,0.1401445816787709,4.881222804492873,213.52178029799998,0.08978518775212388,0.13269350705199284,4.681209225407272,204.4647215730038,0.08654390414549316,0.1307239384484466,4.718180345382922,205.70360937561955,0.087017526363977,0.1308046006225495
5.022777556084155,219.7250877241146,0.0922432753488184,0.13688332479266968,5.167086071194147,225.59619128608082,0.09534604196560142,0.14011062408896344,4.947125914704307,215.22285053484518,0.09100589539554509,0.1335581946907801,4.722241240935049,206.5510669018496,0.08694502304101136,0.12973539966304387,5.060399324003393,220.8025797539634,0.09320586224264922,0.13667314586542348,4.957705692548502,216.36562453696519,0.09106567260388697,0.13499279146137672,4.979036177200568,217.1382514469692,0.0917420028294575,0.13602949312456983,4.736554012020819,207.22427726014126,0.08679771847274542,0.12988206017135032,5.245291815507107,229.5519851000761,0.09644486215203474,0.14311075130795017,4.872305082793533,211.8448593594016,0.08973178192482552,0.13386406530228237,5.022142480379146,219.32341948344558,0.09272594734669543,0.13731932428977933,4.742057816098037,207.24663442386074,0.0875924159113131,0.12709144521615345,5.185688556794219,226.05117112142062,0.09562339282545151,0.14071322506266057,4.90720861462579,215.29098197323052,0.09044785104495992,0.13404604465296197,4.881262375686657,212.2445717753299,0.08966607754506706,0.13234051929292612,4.726602451486702,206.68894775592912,0.08693517423784922,0.12919379401538808
4.749862158805027,207.5972507689568,0.08752721347232119,0.12900869938470072,5.081706387083681,221.99023146179658,0.09352972256499059,0.1395781399797799,4.793436314821816,209.52505464855324,0.08813265331278672,0.13069825815103625,4.649674872891561,202.88731469183972,0.08598812199738007,0.12697363531616834,4.807900853830863,210.57847182532888,0.08884183362248585,0.13071752886146212,4.875551737808748,214.1847705726722,0.09851962518723012,0.13464786902889622,4.8671255572932735,212.44257607274804,0.08981216410050337,0.1324723430506576,4.653690914679803,201.9391992079336,0.08607307039292135,0.12540340646600048,4.991790304103105,217.89985752428257,0.09172855830002276,0.134670862352964,4.794701055627654,209.71745940592598,0.08844478784563081,0.13072952735197887,4.836048218205275,212.03471404706386,0.08890085857553205,0.13244896476379478,4.660180067991858,204.54626030105356,0.08597628767337075,0.12901776121072295,4.86901809116252,213.53480000829575,0.08938195409903775,0.1337323809744106,4.886014518888591,214.35904218558505,0.0899591042544282,0.13383893648596967,4.74778638841541,206.65310419585805,0.08767573101755775,0.12794829091346246,4.680527705516866,204.29879467010946,0.08658790309365136,0.1298514152143431
5.156539393065674,224.7100014746143,0.0948785410078993,0.14017731001038344,5.22650150414675,227.9542952165348,0.09606877149985957,0.14152162627052273,4.8763465743373855,212.50741171432458,0.09012062733811019,0.13411888573877742,4.902108776824335,213.78684007539698,0.09043044560600767,0.13237833486659242,5.189616163785111,227.0178226259278,0.09534788883125656,0.14274584544489818,4.981551103961062,217.10374760387245,0.09157511043721496,0.1367030560958871,4.937176220039014,215.85349626628135,0.09101452010577811,0.13490273116960635,4.894945634372606,213.8944673846862,0.09003232219599344,0.13417043017618877,5.398089867724739,236.01093450220216,0.09922690260702403,0.14787137141590564,4.906200253501253,215.14455194256786,0.09058768641271507,0.13446263033334863,4.95782620057854,217.45836914658614,0.0912773825191406,0.1357067565044231,4.905075284750686,213.33794713199762,0.09043983006311024,0.13418335732391434,5.3480597209469085,232.9900613276125,0.09872426170279602,0.14639087195541461,5.00140520673677,219.30230673376892,0.09209056411414156,0.13723316301358993,4.861189601787949,211.9365527348107,0.08916396015290973,0.13305070910789465,4.887605548287713,214.26464572169164,0.08991023581084122,0.13319829789441734
5.073627441468481,220.79634748271818,0.09389730104944338,0.13766910042684735,5.434782201857557,236.07510269781466,0.10046975798004255,0.14960671691919492,4.867846642443432,212.60454555257638,0.08972779656417643,0.13236107775924108,4.737945983884332,206.99863674462262,0.08688277410006838,0.12960406888547035,5.058483751965876,221.21090438467692,0.0930813379683339,0.13784935993830758,5.098036456670916,223.01507514548345,0.09396010262065414,0.13962064202154204,4.92905327899944,216.06096889908142,0.09076346834501557,0.1345107134863497,4.795533869510238,209.52010668759524,0.08824338760676993,0.13258365665171168,5.286067665726389,230.895023751168,0.0975544799109775,0.1455523919877598,5.00631329793005,219.06823443798356,0.09203054446689778,0.13539970233440768,4.960063102250523,216.4432885538653,0.09142612879861758,0.13529752608481996,4.794200338586049,209.34829401419933,0.0885408228808412,0.1306448564603116,5.197510181443864,228.84212272865778,0.09591139292555113,0.14128077611045703,5.16512120420648,225.23073787156596,0.09531599009027515,0.14112116982981868,4.755772940977193,207.29314032417255,0.08754799948503579,0.1305034400001975,4.791846111169079,208.7908992435093,0.088535654563805,0.13045626210446948
4.943582525496583,215.0871969161662,0.09108198393027486,0.13357920383918456,5.054165234818379,220.50033177702437,0.09328284833507247,0.1370900660635628,4.884497283582157,212.87266541276688,0.08979752229691472,0.13254377732352574,4.858465500881004,212.73792279868593,0.08929401068939796,0.13162131626166573,4.931339558684462,215.42037268992397,0.09036910534969747,0.13510015943199818,4.868297328727309,211.77125719059657,0.08961274111322393,0.13253538625875053,4.92969833703895,214.73991115004333,0.09056158650998686,0.13473874950875,4.8605494596958065,211.73488030494573,0.09008714146486078,0.13229752141555143,5.135251066924121,225.36731800373852,0.09387516700377989,0.1413211304646002,4.711920889171701,205.82652519194582,0.08656648110727375,0.1294066883654971,4.917706711234278,214.61597550441115,0.09047119309756309,0.1349470280588742,4.874042966527942,213.1049469046905,0.08968767523307125,0.13348635263921513,5.012786456108792,219.4958781767448,0.09205536392800787,0.1360475155079147,4.814066817217506,210.57804622386607,0.08834702885212403,0.13140003584902663,4.806509383748612,209.61349721078778,0.08868397846148231,0.12984263843061233,4.866895191821591,213.60052774871846,0.08942479223722433,0.13262225072198727
4.832284039570263,212.05618304990554,0.089239861884173,0.1336362808154119,5.28315888560201,230.85254854606498,0.09753362900192694,0.143114254741963,4.750878076802579,208.05172248485064,0.08720590502480215,0.12952558605478448,4.661927024606115,204.44852396318944,0.08563646536043967,0.1280896536060223,4.843192991004634,211.14443721672023,0.08964280426176739,0.13161610439328675,5.035425742021792,220.5194373839453,0.09256031451186277,0.13737140348172866,4.84815868453569,211.97199726094382,0.08920717639280544,0.13170974675178998,4.690063681887962,204.90030213575918,0.08635199186096008,0.12867567562455967,5.032866743871039,220.49958908925336,0.09280159350249671,0.1378635483750947,4.957619966317619,216.98357920135854,0.09141040899601252,0.13348033314755228,4.851546123041697,212.44951178517,0.089613530297262,0.1327808528813093,4.722069549563243,207.12309647412337,0.08689219167374494,0.12932520433806666,4.999271838345463,218.56221728628037,0.092206927316034,0.13455185152816662,5.078002614407191,222.94746102004507,0.09358602405039143,0.13809640392201714,4.682872309004946,205.1699873373729,0.08625878460308288,0.12676024474100372,4.759348866894156,207.48982669315703,0.08746482579455848,0.1287623172478634
4.999174854659861,218.70825964791968,0.09190216771734723,0.13676133941771182,5.321399617735086,232.9139417159867,0.09787910787170886,0.146165050357603,4.886895386373325,213.62969195155227,0.08986068738041472,0.13301699276772194,4.728778819382269,207.0241377344414,0.08689176089675354,0.12858419681919947,4.9993414753213,218.52209493517972,0.09201661146130061,0.1361386765735489,5.079380345979561,221.44559293312875,0.09347655802369718,0.13889600228766846,4.9862086909884615,217.7163759601634,0.09166987889322856,0.13651044420421587,4.76697033236217,207.4853554473987,0.08812240151760091,0.12979991393954665,5.229269068098118,228.48084762083766,0.09605104458319128,0.14084167781776305,4.999690285984018,218.46887288291305,0.0918863049937296,0.1355895537140917,4.973672803800911,217.3017276702991,0.09136890737057116,0.13550629941637302,4.786238496404616,209.74816554168245,0.08772268659509024,0.13097786226869884,5.161914670035188,225.4540221063992,0.0952295980494839,0.1411615477103648,5.127067735087822,223.75004758162993,0.09423435351790453,0.13996422409581152,4.82847783708758,211.57784453222533,0.08871246876230338,0.13291805553992664,4.768365304440518,208.52499341104735,0.08840710199473205,0.12864050751646025
5.193518018053908,226.51405392578152,0.09533619260695217,0.1414323011112554,5.204752749564529,228.4197042161231,0.09534928937582106,0.14227484548231487,4.794655886075538,208.90264948650955,0.08791605199646466,0.1281373625939682,4.702932181447476,206.84598540717,0.08637931203463801,0.12847429975829353,5.177767147590944,225.5137437290211,0.09544374358308384,0.14099255618730266,4.9305674362474345,215.876203520742,0.09075876924555704,0.13601889490227906,4.866920422265609,211.8664537016447,0.09000202313861182,0.13171077801228195,4.750809402613513,207.44639586283046,0.08776813347594789,0.130049860837476,5.411737924756914,236.2838281167625,0.0998091387319914,0.14706659006380052,4.878094152480637,213.65709728657566,0.0895825515485239,0.13258158687577715,4.914454770086179,214.68448140940004,0.09027253649360133,0.134925739588578,4.715273619830047,206.09572218146252,0.08706214380342177,0.12863065932301784,5.3962623387274355,235.32298543329176,0.09906374716087578,0.14728916063508007,4.959549839849267,216.74519974566283,0.09155140903095375,0.13694245407350153,4.694062955350198,204.71459926986452,0.08657876666911371,0.12787814275229203,4.6975862547778995,206.11632867891123,0.08647111970673046,0.1293545339521021
5.081592587495622,221.49153462593452,0.09346920736628263,0.13657027146042078,5.2595913004097525,231.2396434595728,0.09683558756666899,0.14419316137307542,4.8794936113578595,213.51066228050652,0.08955164875079266,0.13285826309877138,4.751763469457687,206.2817490567999,0.08788699801552537,0.13002644199161742,5.001205760292674,219.8645750728441,0.09145199680015816,0.1373215015553492,5.048874557348145,219.78218501562068,0.09344445305727334,0.13804976698881072,4.966390048437371,216.6180874139839,0.0914883296499321,0.13411378725757234,4.743216873737055,208.49944680804293,0.08734709908299072,0.12911175791368015,5.293281687824748,231.68516292897584,0.09693427584159295,0.14403133410903812,4.93749917197821,215.1894166929763,0.09099390190183593,0.13574484563637454,5.028082317328705,218.71571927563886,0.09267098794916281,0.13809925328014985,4.799188918371851,209.3190572332458,0.08871618498527371,0.13070709925474097,5.2253795887419265,228.92754309007603,0.09617178665697848,0.14370531108243276,5.038232502694174,220.44018032270577,0.09268230150386032,0.1386550733784885,4.849850683508362,212.06135568913194,0.08907544472455538,0.13217794488952378,4.757997395490568,207.65844631987926,0.08793833768289512,0.12855875785980983
4.928432355454604,214.91448995009407,0.09070080227665202,0.13466227992461707,4.98695055452592,218.071584733002,0.09214502609284202,0.13714131123297843,4.662483446604019,203.6379116011936,0.08604597246300914,0.12782809565278794,4.539632715387825,198.43951758511764,0.08338644415911317,0.1247017427175589,4.871162298387344,213.15405449985042,0.08957574912913087,0.13372457789174022,4.844455293656803,210.6760951467219,0.08905316337982304,0.13243886276370087,4.703090942766068,206.3291240545901,0.08680749119398633,0.12874951898481105,4.544537544293725,199.06267151785454,0.08376488977355546,0.12388942166854848,5.122692257329207,223.46593915162757,0.09443163795612032,0.14008255645711687,4.65649530657687,203.57989156281994,0.08591322113472297,0.12573574029610415,4.72759853271736,208.38090468278094,0.08691655737063944,0.13054177911268958,4.509681003722971,197.12478909047465,0.0828878533528021,0.12325733277993733,5.021969030970816,219.6049032061873,0.09254776148697033,0.13684712786890146,4.757298600806078,207.75725671045967,0.0876754678292395,0.13070993182815746,4.545359013499191,199.14782453777968,0.0836271114774672,0.12396589982828783,4.510964400630488,197.10612613408458,0.08341557612313964,0.12445351945039468
4.917237579059922,214.8158450716517,0.09080245845760078,0.13466013657304995,5.239414522055759,229.34607362450933,0.09678091234271351,0.14442577725876748,4.780599855891592,209.60872261494995,0.08785029364332836,0.1313610334081907,4.703035860773919,205.5930229151982,0.08674760018654272,0.1278819504202618,4.944960167901867,215.62766665680903,0.09131856408114934,0.13571095293051216,4.975841136662373,216.9684781846205,0.09184686813486921,0.13811393139152645,4.909026020551982,214.79654988558042,0.09053957902539564,0.13562449565214144,4.762633400808299,207.38679353546394,0.08767483171443786,0.13058818539689893,5.202191797175834,227.18385837107775,0.09612477484002978,0.14251181340302221,4.92403988574849,214.61461146040162,0.09060310635972582,0.13459154504560195,4.928979958983684,214.46732132155714,0.09107064621216394,0.13511534469189446,4.768927761662395,208.47572230008106,0.08787751112744413,0.12873692551607413,5.126341208619461,224.4956338097866,0.09432476676485244,0.14037371333047943,5.0567480991180584,220.85662796086513,0.09276411216308586,0.13898317698639726,4.829192307559877,210.57460053641827,0.08918298150529125,0.131618588654367,4.757313862937087,207.76144804884333,0.08753965892638248,0.1311418606967867
5.010546961794049,218.56945190035927,0.09205350318065225,0.13763377194849283,5.4837445121594115,239.87725638390046,0.1013375295096113,0.15034557072343205,4.839091655012381,211.36294174094112,0.08969410421585738,0.1310259546898028,4.839845977334121,211.76250319988128,0.08911601657656663,0.13027777788200776,5.012124270141947,219.1118117683727,0.09237003770694749,0.13731206309863556,5.208019878096401,227.86154281211427,0.09566606166671388,0.14239285682551764,4.961721201027105,216.73592819902328,0.09136163274568905,0.13551365270524454,4.838952082440417,212.40362751151198,0.08935662163456003,0.13245021788391395,5.208620143708104,228.05201704735185,0.09554971266159182,0.14312508989594566,5.141650861946022,224.8254973902131,0.09444046432490354,0.13930902324687489,4.912818435057069,216.15386727586844,0.09048302768670376,0.1344797957475481,4.8966697833332145,214.65794191111624,0.0902927890659212,0.13203569469103243,5.2209538105809195,227.4856671194065,0.09616393168545743,0.14233918832972817,5.314052798799649,231.54427690293454,0.09805472112736563,0.14540732846617646,4.792530196660477,209.0819089950205,0.08861087425350472,0.12996483480021764,4.908550227085985,214.48610439781172,0.0907108143631057,0.1343034253681098
4.996889336386829,219.50867715775627,0.0916605013338626,0.1369610345904482,5.3588470144939215,234.20671731953746,0.09860866024573625,0.14734039823212083,5.001956503135485,218.59976270627828,0.09168106067555941,0.13663568564397002,4.918881434151665,215.65774084523085,0.09029014434669774,0.13435733075402514,5.040598688545249,221.01434938850912,0.09324513463053326,0.13683702591308342,5.14852772812152,224.11962552898802,0.09493786631931043,0.1406010754476009,5.120044135983805,224.19812487019314,0.09392939654013267,0.14099845832023264,4.900372860964525,214.40915415200618,0.08986477530258553,0.13226607689804076,5.235851059989104,229.58595709268812,0.09566580702328,0.14346554579406615,4.992398962953684,218.24411654796768,0.09123260160321607,0.13702129244619757,5.061872058567346,221.79252089382274,0.09308589593508736,0.13969005918489852,4.9595702691205465,217.14258370107538,0.09105414641075538,0.13627192312996142,5.141364750620782,225.99389438238424,0.09398132837189971,0.14144224448735807,5.1517282260765604,225.43528593205292,0.09467347962167053,0.1407400178044575,4.9694643801956,217.44503944609056,0.09116397791890234,0.13298617192466616,4.983672881149579,216.97548410671934,0.09175192494007386,0.1363696590026693
4.835272081726963,210.57371171675703,0.08904226837267204,0.13229052948714343,5.241054529454404,230.29457222715922,0.09618226859920304,0.14366427374255475,4.909905654235488,214.44812624068254,0.09093954362756801,0.1327033675048956,4.726367682161842,206.1431258295437,0.08743937663410388,0.12894792349504017,4.859491578674545,211.43727074958426,0.08989936538066182,0.13287010765810922,5.034767036801095,219.6777905228614,0.09245291352279318,0.137943369048133,4.97350271462644,216.89798408029293,0.09163642099365074,0.13642975560504772,4.719131395805327,207.1796641837393,0.08672307845363766,0.12916254665367297,5.052828295142282,220.1275469559422,0.09348658500125889,0.13872814884387522,4.9272103241403,215.51055906916758,0.0902469355848785,0.13574950232861802,4.985782364030178,217.64868140715885,0.09187463194419222,0.13688326593794703,4.818792828949534,210.5365687586894,0.0884649504158613,0.13204514190444516,5.012896288426734,217.80306603449642,0.09252639471041205,0.1351744381648903,5.071051973152711,222.18962801145125,0.09367279722761199,0.13947568562658202,4.815016401351804,210.95725079310947,0.08830528865452249,0.13261811027070208,4.824526357636911,210.8642071521736,0.08903261489498948,0.13056334663485075
4.884707914857458,213.8921909831305,0.08966693820686189,0.13482275522568263,5.346142874074395,234.40997069057764,0.09832685686640642,0.1469742559693211,4.80142190952216,209.51285268901034,0.08833459145401763,0.13081125525335432,4.7355724669256976,207.2528908709823,0.08657503933646965,0.12999330148327032,4.829805916019623,211.81790851163473,0.08880989646240219,0.1327551692759135,5.15778522239744,224.89249287332686,0.09480482284233059,0.13990473222285443,4.892793439800368,213.32019722146967,0.08984193268018621,0.1346375754854342,4.772568905055106,209.13895899307374,0.08795977843901849,0.1299763998110162,5.091926333799936,222.66920658692214,0.09356132634836835,0.13900988080882373,5.00390746968169,219.1595671253448,0.09147247167148216,0.13883045715583756,4.879495338263788,213.08705118472972,0.09004303676334198,0.1347345171278332,4.831095252385246,211.09915022780737,0.0889972542025086,0.13258735682748954,4.991123321273565,219.76041662836988,0.11104557815224143,0.13781376787805194,5.1727465013398986,225.89779710345076,0.0956873189701132,0.14203197649784854,4.71701588291469,205.91068563460541,0.08504886302597724,0.12997211111276805,4.798378519470745,210.23613868216373,0.08798430628444069,0.13076228014103514
4.803026269366572,209.65162189766338,0.08822970190107127,0.1308865617346853,5.1764677966733075,225.5676212130204,0.09539908241449,0.14102605316885025,4.80167228194655,210.6727156888648,0.08830362602447571,0.13064167041881128,4.681353783110727,204.7457978299779,0.08630053431301253,0.12745823325186847,4.8625368861788,212.55499151051345,0.08946006517337235,0.1321814725825136,4.8949821997530325,214.4433470194019,0.08989925013508315,0.13439879090323348,4.906531817228075,214.1487988197622,0.09041522015097254,0.13410775934728025,4.688495335753708,204.98687660730945,0.0865274434966219,0.12958185167034011,5.044892125192645,220.35045652212216,0.09315798021480809,0.13715011995914567,4.821781277604728,211.21700138801705,0.08883929250877609,0.1325684545573269,4.888118994745011,214.02129123046802,0.08997209231098789,0.13463483245684107,4.7584094065691644,208.14823695415348,0.08736543850762354,0.12971791212785014,4.979803662257113,216.83668775683594,0.0913865875431301,0.13552508660359744,4.961884047119449,217.2092548326376,0.090965951847645,0.13573013361460207,4.775030072587834,208.34952704621693,0.08783030540327344,0.1307771058288574,4.736835585459162,207.25634502327944,0.08709622726245962,0.12950575112731388
5.1315076063060925,223.60733488049414,0.09471414632818995,0.1406197902964282,5.179740216870831,225.78632905375028,0.09568640182290317,0.14181491110930916,4.836202077064266,211.42257974453318,0.08918867752470246,0.13155318088665138,4.853290353501542,211.84626915435715,0.08934759227019531,0.1330752226070784,5.090491647104861,222.06640272283795,0.0941366679728474,0.13836527541019114,4.969729446886059,217.22262631004355,0.09153042402371506,0.13498852610926948,4.898582399200178,214.98772609916728,0.08965880683925043,0.13285309444625454,4.863547134535858,212.25570981578252,0.08971245819591003,0.13259380057698852,5.352493585648364,232.72273212619038,0.09867403231267009,0.14721195144927948,4.85026663716013,212.72063415002538,0.08941814952923313,0.1326555323696122,4.960625889345287,216.85644175208492,0.09128665859016434,0.13605156705852334,4.845153594979455,212.12287500531798,0.08833611651783425,0.13189978811296438,5.2373058122272464,229.55286533979861,0.09642771807234353,0.14410847007516203,4.94871779895945,215.40055800635008,0.09103317062059871,0.13382001758926929,4.813357873091535,209.86440103296553,0.08788871913028448,0.13081882504744824,4.866394746584001,211.44461177106348,0.08948528414724623,0.1325595087556575
5.082229191917319,222.47558068950954,0.09344282437157794,0.13770799374629364,5.245850453548819,229.4438043283796,0.09629436120645367,0.14279562422463682,4.970817236178474,217.20182235064564,0.0913091793972094,0.13671710713627733,4.785466588769461,210.21396545313107,0.0878954453349062,0.13078258911209822,5.057163083233598,219.90775504428632,0.09316197716107422,0.13752633063099948,5.040535911367725,220.43587057627857,0.09265420712080738,0.13767815491051644,5.009233919958099,218.23299296050686,0.09255858523324555,0.13715940616954553,4.813207967526573,210.8222272764259,0.08868745933364705,0.13104777870812986,5.277968395571673,230.46137918065662,0.0973713278700541,0.14340514023822756,4.963135976289061,216.47807536178223,0.09145571118126472,0.13680313286487877,5.05930409417177,221.21099079829784,0.09283822877790564,0.13759755819504738,4.823460405586264,210.92976604882608,0.08879494114667916,0.13160825063165163,5.209029715870447,227.60971866088227,0.09572233798089717,0.14466102295946218,5.062256786626264,220.39008761106217,0.0931276688905402,0.13803953640549146,4.872943976776101,213.28821361071738,0.08945668061130979,0.13401467101003808,4.831121699189249,210.24411591592474,0.08881833617017548,0.130677403201732
4.912046542120193,216.1291337108819,0.09034893930652886,0.13392576778442009,5.1321357611845055,225.01258776900315,0.09433917228341437,0.13890766681007916,4.731082755583395,206.8695946351613,0.08719926054332852,0.1298854172932147,4.753972419286669,208.26933809942247,0.08723513685932692,0.12934239713068874,4.9599471224322444,215.8286912990517,0.09174346803828208,0.13580944834100056,4.944261930874938,216.39520864967818,0.09082478222850214,0.13564672062293057,4.8638504671868095,212.09944241529675,0.08881122904905331,0.1320751602923198,4.764838563712955,207.94101972565917,0.08763109804062429,0.1304941217954515,5.13899979605624,224.50559684637327,0.09451267798970193,0.13974469989502208,4.853520927405463,213.10830851030738,0.08903654433732422,0.13300041144617974,4.834668522869623,212.20620115171695,0.08892368266052912,0.13328568598062837,4.782582626796954,208.97299072148215,0.08810364644310702,0.13165791448418046,5.0674806644345125,221.41411595278873,0.09307710074711477,0.13758338392503947,4.951471536937663,216.46067065548488,0.09098796827000537,0.13444399916513386,4.6867003941218774,205.62149416880274,0.08593530659952804,0.12814570250596583,4.780582555273991,209.22245150466995,0.08790742897421576,0.1293667878883739
5.0483175721629765,220.00459838050847,0.09286555223547355,0.138572309487967,5.1317713007069985,224.55658475709026,0.0941789988930244,0.14158091616514007,4.902796927455388,214.8179429107438,0.09038822934146411,0.13345497255186015,4.6186798031090746,201.03789996375394,0.08515991488822314,0.12562598783511209,5.040412326426326,220.33742178450728,0.09273710922128674,0.13816692591300153,4.894695636070294,213.2359755100497,0.08986540672311365,0.13319177151646863,4.971706315621381,216.75803399391572,0.09148080782256743,0.13595753796874066,4.639991409161459,202.53474267093648,0.08573256693215212,0.12611821340436752,5.286007290733533,230.77791270891393,0.09711439572776885,0.1448122616271093,4.844383458442416,211.9567177363253,0.08936326665658656,0.13215743520697693,5.0354431704152915,219.40699550579544,0.09286208863259225,0.1379937972598309,4.683357699691783,204.2344736986336,0.08597816451975593,0.12764073991324767,5.193620847192186,227.4607008944554,0.09562968720047253,0.1429615509201197,4.899125006704704,214.4137546998781,0.09035692539155991,0.13482003165483408,4.881795732437029,212.35271496559457,0.09008479265832496,0.13419220920542632,4.604170048018476,201.7059416023732,0.08516911835442828,0.12729499789464838
5.060901628984594,221.43809931868682,0.09345685279992284,0.1381255751731185,5.266033340784547,230.6344863131109,0.09688323542728178,0.1429122938418745,4.87216579044042,212.81315002642367,0.0898274081532391,0.13194551093971307,4.823344925105163,211.13492310468422,0.0889113646430032,0.1316835465315806,5.109159275240542,223.59700648618252,0.09438323071030409,0.1390478855346995,4.960735007200473,218.41625996847281,0.09146167898043615,0.13573861123781508,4.8972824021274155,214.44769373377466,0.09032962224559529,0.13394170278708747,4.799411823944113,210.67353966075908,0.08801603567971183,0.12977692681268443,5.309232114806408,231.19816023874156,0.09790560552188335,0.14542146722812618,4.945333450353215,216.56738257338938,0.09083914208067453,0.13508732018950534,4.990946711677777,218.10348224050583,0.09148208126915829,0.1350693170119172,4.823224286349871,210.89068496703425,0.08895530007274965,0.1328089435500338,5.23498486316694,229.0489891031694,0.09662842169943027,0.14291658719367087,5.044917146124404,220.804625676618,0.09285939927148298,0.13969648395379666,4.757026460199783,208.83293824055684,0.08770964414753389,0.12944887413471867,4.883360180363386,212.8762129840979,0.08991214464429775,0.13194842986031283
5.172222289140872,225.09417396203023,0.09540926829858752,0.14024077595628395,5.218569586659708,227.8036812748215,0.09601139501605507,0.14171746364843724,4.8312154493176,211.43013374128157,0.08900514462304976,0.13283545136355024,4.773406269893394,208.38262236094806,0.08802628147310025,0.1301139690115051,5.156557904483053,224.81135756296297,0.0951005661693817,0.1405577236992624,4.928355029395966,215.0177482939743,0.09079768264070445,0.13505779788979097,4.909613938349369,214.85482241904597,0.09007817305350704,0.1335271234294745,4.767628229719094,209.4554551772244,0.08803845950076539,0.13055582145346137,5.384153330777616,235.58121296970853,0.09909028245251053,0.14720182084455688,4.9175743063019555,215.10853739080636,0.09018083598873684,0.13416577456828083,4.995411815675555,217.4483416839524,0.09237389029020858,0.13728799842862913,4.786959028138836,208.64075195234133,0.08813601442801368,0.13068134971658102,5.350009647287182,233.1773421402663,0.09830262730343967,0.14443553167094347,4.987466688291459,218.40211986026728,0.09150696303129377,0.13736988345184933,4.859556584399154,211.51617485842576,0.08940823416488242,0.13369338327348843,4.7904098621142275,208.76630532556743,0.0882863392942852,0.13005274172386735
5.022567476577431,219.78353333495792,0.09287080143424654,0.13871976311777914,5.110267958995326,224.06372912863492,0.09402045813737454,0.13837065934337608,4.770032357716827,208.93116244001519,0.08789994874114458,0.13218555865466086,4.858183038624077,212.07337872426598,0.0895997269361979,0.13224706035437295,4.99682600300868,218.62812815081304,0.09237725221386908,0.1379712529732008,4.9453621037274145,215.40726424353568,0.09112583350078282,0.1353871583715894,4.878284962211839,213.8306833103494,0.08956273750911499,0.13282022663392037,4.857850179117056,212.3456432248042,0.08954909284655081,0.1315570140271022,5.267271483246038,229.7588327400825,0.09708802724578983,0.1454680339659611,4.821468576793365,210.12996917246727,0.08867345242808308,0.13110679885769344,4.895130570244357,214.32248416098986,0.09001127093963912,0.1362319318545896,4.839363896960985,211.3365787650268,0.08908223721811362,0.13143674765030183,5.166121372627336,226.35901241274783,0.09525644645822266,0.14335340537848185,4.913537331804079,213.96791014155616,0.09034763020382534,0.1349074099765237,4.722005858071564,206.52986691177557,0.08711016863728001,0.12982461204583057,4.804274423152445,211.12178193159568,0.08820611842397384,0.1309140452661937
4.918589455905806,214.20007248193542,0.09044693568492175,0.13293752661241295,5.254070650755621,229.43140048385897,0.09676908252368667,0.14406463634420472,4.883611194798709,213.3517173008329,0.0897081080519587,0.1333839543415239,4.6988442676837305,205.03054495240477,0.08641945291568229,0.12757800463731647,4.847648375777285,211.0203083356749,0.08948680928989969,0.1321082034012003,5.049454156554617,220.13075214095656,0.09276662085372975,0.13759717830418586,4.994755043509871,217.83739602020924,0.09230454090384858,0.13683000670520318,4.7283641108497045,207.22773055104517,0.08730985886411072,0.130299819579845,5.077037567007288,222.2121874772211,0.09329216317045586,0.13954782901846938,4.865159013655483,213.1750547059903,0.08953940527577953,0.13135339885914096,4.988832696842662,217.40100674078045,0.09210555907774536,0.13587850211597413,4.792653662798263,209.66058279371023,0.08782736082717196,0.13299804328729084,5.039979429286255,220.5687220368565,0.09296079244057784,0.13848073384509516,5.005358254344973,219.65181146424382,0.09201429576673341,0.1374258525725221,4.793424683135083,209.58625170608929,0.0880996178967697,0.13106918084250577,4.77960138413755,208.61335039219398,0.08788029239989617,0.13095223620195584
5.184398760328485,227.0205671960965,0.09559818850717551,0.13995118049451552,5.475313738913858,239.45786220414163,0.10075262799089016,0.14858963992621757,5.1264161284857614,223.66933561225798,0.0944314866650181,0.1397671794615376,4.794967968164866,210.1879453164591,0.08776487546687395,0.13088007847769495,5.190026512791881,227.25307493297743,0.09526440125963555,0.14000674158880225,5.268952726478057,230.0049257401467,0.09711502433254221,0.14355456965036406,5.214370106504376,227.0548360609605,0.09586431371815687,0.14138273365373238,4.8607328280705095,212.08431301907555,0.08994859636885115,0.13275163143230123,5.409298678654155,236.42207351060534,0.09982839276889367,0.14720250135003646,5.112229105871933,223.49812106850024,0.09436210961762025,0.1389184731004021,5.187960829950724,226.97423637905328,0.09586537390764466,0.14244709997467134,4.877449209771875,214.37173306668197,0.08942827232466331,0.1336596408576848,5.345355488274876,234.1961325469813,0.09795096076226513,0.14659789118508523,5.2468104464238134,229.30842786156245,0.09630776234939596,0.14302734025344044,5.0136591135016175,219.57999970971852,0.09236160055928815,0.13817371513542703,4.833529091030867,211.9293245244081,0.08896111437896315,0.1319717133902261
5.259816993659014,229.49094877670984,0.09703445990956065,0.1436034639636709,5.4251972302297276,237.9269933018391,0.09978941410565485,0.1469379938892655,5.03339546739524,220.1902413822121,0.09275308670153286,0.13790197143655408,4.811596054979639,209.36253781184686,0.08842681961113306,0.13161264557105923,5.221741569367845,227.68006821808717,0.09624730231007861,0.14368660894023225,5.214952448463494,228.3699788164851,0.09543232816033514,0.14258218643202963,5.058594904845199,221.7493383712875,0.09336383752322311,0.1385349775822203,4.889743273431484,212.39166576997692,0.08998711523142941,0.13145129996738597,5.438384275625819,238.084907450522,0.10039221132764616,0.1484224011386762,5.1362214410763185,224.2792335988138,0.09463707158638505,0.14037462277369706,5.1106323305397074,224.04880524376696,0.0940066728167435,0.1385533223947469,4.864508460617865,212.92319063786488,0.08951356773715544,0.13123987157718148,5.388073402742094,236.63615873686334,0.09884274535028172,0.14692594475711698,5.22140293598389,227.9942543177327,0.09586207492715199,0.14222054875253543,4.896672699926143,212.98982814025732,0.09029006941856309,0.13222485056633987,4.847519434998323,212.18331496697553,0.0890677443735191,0.1333889219175331
5.343161290376667,233.31106011856545,0.0977519373957908,0.14550477304395118,5.531093595561158,241.87191968097338,0.10193450930603051,0.15126141217098776,5.061160813987485,220.82732653991712,0.09353865530681968,0.139428089057224,4.9251505159438995,214.7885366856695,0.09118265498897894,0.1330218238093503,5.251007651225967,229.7320249524811,0.0966702074040541,0.14450392508036475,5.287843199833632,230.9843639651986,0.09722136453643641,0.1466766372133073,5.137398840752267,225.49080896519823,0.09434073359597876,0.1410630565872979,4.9645663687835455,217.85470137818396,0.09138594878189378,0.13554607440489316,5.536104120120804,241.9439621803868,0.10174954786608328,0.1501830974420937,5.140489216308614,224.82936109351013,0.09487799423767865,0.14184772426858394,5.208655139793628,227.44269923614388,0.0955590367464308,0.14157330112015923,4.974118112078326,217.0811627374409,0.09182015536952216,0.13575562210987996,5.472980985123861,239.64111184537586,0.10087686512180112,0.1506454518780818,5.295409963206058,230.99131949069525,0.0976256323985525,0.1437056082005639,4.932186549953866,216.151023428525,0.09056983523335753,0.13319436733745343,4.939812274508206,215.50955514874465,0.09160465748271916,0.13610073206870846
5.195256230544684,227.03976248013453,0.09521832809813936,0.14086830704974762,5.318196470883684,233.15141485919526,0.09787302448599691,0.1451078872039189,4.847653154669073,212.0216264666879,0.08919036569774122,0.13036115406733567,4.741704242143938,207.41103859536258,0.08740786962532665,0.13032090223224915,5.130458671642282,224.05001243211407,0.09393653072638423,0.13878599088366037,5.1405776168206705,224.73977790601026,0.09490916724793087,0.14188639300401112,4.924583431011188,215.34219969872782,0.0904314429054808,0.13372497098673441,4.839371129234953,211.12144956035283,0.08900445150663412,0.13365413492505587,5.398359687722449,235.14780788327616,0.09928471563343906,0.14755497383921254,5.053498043166872,220.72167133355353,0.0932456241555329,0.13743578006238372,4.995712468560416,217.88227439120723,0.09181073359042999,0.13594629476559925,4.776073422596139,208.04996681370554,0.08812882230279481,0.13037887084502084,5.366455483068117,234.3042480244584,0.09883302911230428,0.14648736498293333,5.119859463387592,224.4885181629021,0.09419311196519815,0.14027307565515207,4.751946898471191,207.96091009538017,0.08730082055428964,0.13051531652594062,4.773362130837439,207.75582691999605,0.0883317394688769,0.13031500690177594
4.979949039778836,217.7559739765209,0.09145961093496831,0.13577364484427204,5.067254367373756,221.19982269187045,0.09342606187722621,0.13805591916792784,4.606201006300953,201.7028761203587,0.0848271601294052,0.12594636543329918,4.648229600245872,203.93680267359377,0.08516750158910655,0.12670062214949496,4.944885387440657,216.34505610810072,0.09097930101380251,0.13429344535336143,4.83494067551053,212.0249134133529,0.08890488127274057,0.1330678281179758,4.695211213909992,205.15998483110326,0.08657749869086585,0.12790002302799489,4.728098605821195,207.06316581489386,0.08693111125113095,0.12857639069798824,5.193112836112321,228.04790847664404,0.09541048887336202,0.14164350777755305,4.785801152272869,209.29707423677257,0.0881052914681059,0.13009586035331008,4.748569130547737,207.51003783990146,0.08732972349101148,0.12966503362736367,4.64180703740004,204.12133457994003,0.08517334290933368,0.12703230719488456,5.165889133736481,224.48429582145877,0.09514246265843358,0.14065198903153248,4.862884740235275,212.6078532269171,0.08990365416172998,0.13293961974119065,4.549913695850874,199.09815091788042,0.08370142676259008,0.12419363319962887,4.665642121485885,203.89593313208107,0.08567516207709175,0.1268583285640205
4.6805085831243645,204.0253498842094,0.08609712902358643,0.12736718618819176,5.110216547687276,222.92400708259663,0.09387339346183217,0.13881368879367426,4.6407043304193625,203.13482011687537,0.08564192839807429,0.12770707949109644,4.843159025593962,211.18896253541647,0.08917490343516807,0.13125800157982534,4.743524184797508,206.0850782480096,0.08778293233829175,0.12834553806824564,4.936500129999633,215.95160343083998,0.09073375229536032,0.13382209935748096,4.802619963743461,209.2231284406063,0.08836302944917529,0.13128515558915335,4.796948018021273,209.5657382171375,0.08822556495303867,0.13089912496950803,4.859683565285886,212.81809367944078,0.08987366470418348,0.13352933237653303,4.815014477366219,210.88407246158613,0.08866057858114383,0.13213489722181346,4.727089634626119,206.49875138059122,0.08738283414348771,0.12871041985608228,4.809984373074538,210.8584579179781,0.0887741232013252,0.13131271029116778,4.734578824384744,207.78573459550435,0.08710821886949742,0.1311363831531838,4.921927697033564,215.46014823404357,0.09102311334587897,0.1346302349878406,4.6333077940571314,202.5607414477308,0.08527525398188868,0.12819840017236508,4.868785001118478,212.9972223144029,0.08917654414760963,0.13367402553215763
4.997600957760551,219.30407831048404,0.0921173962757674,0.13731718596328873,5.224661311306115,227.80457136870112,0.09612415030507644,0.14293151642800736,4.866458902297152,213.47599967107945,0.08940298691024598,0.1333265329927963,4.7567952383611996,207.5014490213668,0.08753683916577891,0.12864702452320015,5.03549792216463,220.10803777866528,0.09247256990448827,0.13853906129500287,5.019500473770418,218.2173553042403,0.09236785848324995,0.1372011855733758,4.991812950645412,218.0750359125485,0.09175946159724857,0.1384025308102199,4.771479374174364,208.2319682847285,0.08793620902713757,0.129717899809741,5.278350168900486,229.98418795194067,0.09748662442033312,0.14390484810769733,4.920268685332253,215.23346544739522,0.09082944291413961,0.1333341592196161,4.982000268786808,218.5578529162832,0.0916983526011144,0.13664898506323536,4.78363534273678,209.12931283724959,0.08835580569542134,0.1323290043432875,5.190766749542551,227.1423573832181,0.09561695086740228,0.1432037362674087,5.046088347374041,220.16648012011822,0.09237860198967826,0.1391871756581975,4.9012503078373015,213.90203686433716,0.0902743063657565,0.13497166659246318,4.786978269524937,208.73652761898998,0.08809952009328652,0.13028629740125158
5.001001291674632,218.43907691040604,0.09185463048583041,0.1377991528838991,4.945016396731279,217.10876072215825,0.09079658827711472,0.1366500179073268,4.740561099799256,206.26428179141004,0.0870988462505982,0.12828994714149494,4.678668005344852,204.17994500656593,0.08592156639267348,0.12538085673415533,4.933864036582724,215.82345137301016,0.09095460968953895,0.13511227064241146,4.719701812261482,206.40126711649162,0.08717483069758611,0.12983436841943155,4.781825638623106,208.62922892472946,0.08804953280694262,0.13071900764391872,4.700895632651614,204.90952026654617,0.08669546051506893,0.12792508734157998,5.178173381033096,226.35263304511042,0.09578281037179102,0.14228554736629212,4.6548562111514,202.65028457893334,0.08578116233839973,0.12483954341302576,4.852563511019756,212.2123098885631,0.08925705953525098,0.13236069645640017,4.650784055177798,203.6870240770629,0.08587074676418738,0.1253685062725669,5.118062171569561,224.10935137153,0.0936801245430602,0.1401845350953258,4.7239765738434585,205.85109870391298,0.08703638330798459,0.1291544953163552,4.633447105746047,202.92957646625152,0.08520778002838125,0.12645774338271962,4.663433568711989,203.34408525582273,0.08570130338076169,0.1276552938295637
5.134166787136069,224.39155358000903,0.09479649616810808,0.14056898868184237,5.371680655248335,234.5252494821751,0.09900642049239215,0.14557601103407874,5.042661144242599,220.14530066006608,0.09291695845513699,0.1369842722445561,4.956907403223475,215.7970591924279,0.0908859133218981,0.1343748992625609,5.061434981614152,221.49181714445103,0.0933337981713264,0.13755975645093382,5.117985133445977,225.2440013408901,0.0942750289654549,0.14122568767950897,5.157006320185078,225.25884372747396,0.09535012571244927,0.13948559976658761,4.922723171157901,215.0883375334897,0.09066857035266211,0.13582398577870228,5.356066567691524,234.0371710506124,0.09874717646187747,0.14737401770005637,4.970495303725132,217.50815861155635,0.09157352988619025,0.13659965318609552,5.152260780040277,225.11385801478835,0.09420431228814287,0.13983343150226596,5.001393902884614,219.38202755866766,0.09200084894461784,0.13481111619430433,5.282551998119331,230.76577114319653,0.09745304077390006,0.1440079585948814,5.122106046459535,224.3828800661285,0.09454253055136326,0.14079946214820313,4.964804078823789,216.99304246508987,0.09137685122136002,0.1359123552528674,4.9474346915346255,216.65030484936244,0.09096150341019796,0.1360000208114033
5.228968751870969,229.06669777481568,0.09601943857892956,0.14270762731768807,5.578812952626066,244.31877547544184,0.10258565017124369,0.15279176047636342,5.021379683289117,219.7893445643221,0.09256035129173787,0.13686264830784806,4.89882418102939,213.43770879067657,0.08997561948796277,0.13607623100980926,5.209068318189855,227.14655694136238,0.09623128001166685,0.14226027899887095,5.303412967413916,231.83516626197576,0.09818418258691775,0.14300508613191118,5.136071094815563,223.7466399267533,0.09510426820174588,0.13973245047349844,4.965354865827118,217.11333919866757,0.0917819731284509,0.13424278396831824,5.427747021285847,237.6220698992323,0.09972555689362192,0.14911222588211898,5.193582367696042,227.9259960041884,0.09514793714274554,0.14241222512568605,5.146779699741981,225.2551251780769,0.09461308222093277,0.14097807952991873,4.959070014038116,216.77598996169604,0.09134007330511974,0.13540517567085017,5.369539676650673,235.18051759175515,0.09861789300163254,0.14747808357821607,5.354837716756027,233.66906025167762,0.09877149053716129,0.14700004524965118,4.9415888853376355,216.62452178402327,0.09067241482184689,0.13490595404406422,4.9456749092144054,215.97725095064325,0.09125983158725484,0.1341107711561537
4.851092243726138,212.29773107555758,0.0895740119885451,0.13128114391837054,5.5705884152839165,243.3066465799702,0.1025344044312627,0.15194580261553903,4.910625989352755,214.6251873096957,0.09035169942227474,0.13329734279935126,4.893612371210693,215.01766101818893,0.089863838515835,0.1358392957001601,4.808987056934783,210.80104190104066,0.08832384393988749,0.13222688709127442,5.341772403786458,233.30993935333396,0.09844627260740463,0.1455599486996703,5.000538938908967,219.13724907083358,0.09199991611788397,0.13841980034348694,4.910483023261165,215.18138356205972,0.09065986011317781,0.13548433141984387,5.012280308131837,219.3870821841719,0.09192049054233502,0.13813416911515158,5.312002662892414,233.24465578665126,0.09772746630409702,0.14583828871602933,5.031892261560632,219.90969777722387,0.0926087695551164,0.1391544060037723,5.004406311490353,219.19647580963098,0.09212024707812219,0.1368496270499667,4.964571805739812,216.64425868493538,0.09187816235375992,0.13673261997595768,5.44190165151841,237.39420491358885,0.09944066815783752,0.14833437909585387,4.9710236920917925,217.09084586141523,0.09166586300056342,0.1360521662498633,4.9496017571052935,215.51524603154246,0.09102545859458709,0.1345638090391146
4.786285691725997,209.87421913596904,0.0879125536865207,0.1313340275669677,5.521740939449498,241.27579582419276,0.10139278133549211,0.14907665284095065,4.8191905462470155,211.6035423266696,0.08797862485068653,0.13208763756573627,5.183175882237192,226.74692945389097,0.09550698267933584,0.14134349184803965,4.897854353449452,213.60184483917178,0.09000162306233249,0.13367910833374044,5.251490535246107,230.17262403003028,0.09658244500811299,0.14432473684199554,5.004095795575228,219.69708260666198,0.092631157895037,0.13718273071613388,5.2100024024067935,226.90516986701937,0.09598119333382024,0.14082363524651303,5.083139554911311,222.6390697170827,0.09337725852216307,0.13789898873640535,5.2735753314365805,230.33629821916892,0.09714043122607978,0.14289577017122396,5.014809552294422,218.76427487290042,0.0922266802325224,0.13437620804682712,5.2117010804392745,227.6915828555539,0.09581584816152368,0.1437404293474436,4.898876906774134,213.90050210920285,0.09026146828175223,0.1317751965503374,5.36659107484895,234.64478485251695,0.09890865114541385,0.1464415074915255,5.0526297480415066,221.68364380127716,0.09265876508185285,0.1386652812985641,5.210563146324947,227.16670982420231,0.09613543457361748,0.14237382156001285
4.952854323718109,216.65700124103338,0.09132924188910425,0.13657662284541713,5.446396391528973,238.03734737006155,0.10083970663482388,0.15062937231441734,4.936875996899142,215.8648758988041,0.09023830707899692,0.13465119462168967,4.886020001283202,213.90641105889537,0.08928728400612129,0.13293859347030665,4.897830405212572,214.28901215451003,0.09013432940756397,0.1364006869477866,5.222571670900798,228.23577393441232,0.09596133797950439,0.14283277240624626,4.970332900798355,218.34676340604668,0.09117984449954102,0.1355903131714636,4.879805817152336,212.76004974025938,0.08999758712011498,0.13281707642664756,5.110111074340588,223.7138167397206,0.09450438294749972,0.13956067691172863,5.216165982395564,228.48151714204883,0.09571213168787926,0.14208889686404486,5.013147732669323,219.2398112678787,0.09239158101255122,0.13766923300771577,5.005767076944991,218.7641818060963,0.09267563369771299,0.13641441486538078,5.0675687221682075,221.44307917265954,0.09351955414011086,0.13820107476673202,5.318298952358695,232.03745743272182,0.09798642549968085,0.14446602672597236,4.9366113942796765,216.10189169268781,0.09098894188134822,0.13509764825792617,4.910065761732151,214.6597909972276,0.09055883264177128,0.1343678892072924
4.972908517415897,216.6758199853567,0.0915039450381172,0.13409263642997069,5.512728989507671,241.7813798063902,0.10143745981708792,0.15163598144341442,4.992324756982431,218.56065166705056,0.09186778412221909,0.1371099828053187,4.977690414051987,217.767384824734,0.09139191506871065,0.13466854166563605,4.974210540393971,216.85439385917118,0.09196100244633874,0.1357460214234419,5.351210526267242,234.3220735072946,0.09807393836250221,0.14720548152927176,5.108444668555229,223.3170341750643,0.09403534881378971,0.14008244217315666,4.998097916206634,218.36384022110752,0.09162874535061642,0.13731151935049865,5.128349231494765,224.36786364547763,0.0947419245275332,0.14074199301167997,5.404230716261706,235.2386694869919,0.10028441723933762,0.14741794991818835,5.134658167514369,224.58403889323625,0.09476058814886547,0.13970295423625653,5.084736622969876,221.4994882375358,0.0937029691660813,0.13782662360464765,5.028465302197864,221.02187648469743,0.09210710505945617,0.13891250249994946,5.413402163212298,236.77676819069202,0.09958070435274831,0.14770225837982587,5.111377750746252,222.62773402247979,0.09437591140301818,0.14031191553438352,4.956364143613228,217.45677326699604,0.09099193051027622,0.13602155185495973
4.906626522010406,214.33734837211946,0.09008975640718363,0.1324475620272571,5.556942321473931,241.91669860967178,0.10240556822606262,0.15085444291901126,4.96877213315125,216.02904204878683,0.09169089879156438,0.1343183323513335,4.850941675347967,211.86108622743242,0.08903177305117095,0.13298079202250038,4.848769333290353,210.3534713633502,0.08947785183757326,0.13140855833582488,5.301158666410618,231.8790845293845,0.09726058364873111,0.14253861904793103,4.967135654002717,218.13233030830492,0.09099313317293974,0.13561779422319525,4.836518121131308,211.44203621084844,0.08850717760986236,0.1322719898203789,5.015890737209471,218.88176820173283,0.09249199933729935,0.13839948020859474,5.290044774106457,231.66023905778474,0.09734728562757812,0.1450146466819007,5.01083092310449,220.64470080213525,0.09232013674156639,0.13739095268454177,4.949075409561107,215.9516857858904,0.09121033990331831,0.135767879774237,4.987861179572921,217.9208385807001,0.09212441117931632,0.13445550884311558,5.359859877474083,235.0081251191641,0.09846139628323726,0.14797281169563495,4.958202515451714,217.03232867801864,0.0906659222720533,0.1355707860487194,4.878261735227762,212.2417818204975,0.08967953475947728,0.13286192582354225
4.959276551069432,216.25958415341503,0.09090447666122096,0.13511395294690118,5.565620254116702,243.50525321529497,0.10289134486428105,0.15400954170586056,5.000496603093846,218.46159087385507,0.0920227727610433,0.13815685144188278,4.995925108599519,219.05651163565457,0.09177614672149377,0.13730579532951698,4.87538620631547,213.66312626953962,0.08976762985010185,0.1338816346367917,5.339873032339584,233.70050292386122,0.0983989107432969,0.14593033396496197,5.0832173444234865,221.66565573669345,0.09391793252040279,0.13859528493243797,5.018142440784178,219.75534042021425,0.09254754046367457,0.13619080872773012,5.070222136487609,221.83278980434727,0.09349997472344314,0.14039097343087953,5.413864079477387,236.10221543590364,0.09967972097588473,0.14605440523474528,5.103480284004853,222.36750597180801,0.09397116712995826,0.13879243758626147,5.124424225005132,223.77343858227886,0.09440960498804361,0.13973938328074012,5.034279417475668,220.4468910380396,0.09257191879561509,0.13879115982769183,5.4871612986132945,239.84510429111808,0.10120231234051112,0.14886527647400133,5.0582301560060134,221.19960584761478,0.09328310055803914,0.13688906076138618,4.9861801859435,220.04965184658846,0.10301080960689318,0.1368852950051384
4.912867365860672,215.6635213751958,0.08997140691702343,0.13542468977441727,5.517435487206537,240.40090877168305,0.10153849451950532,0.1496702416752212,4.930594167758494,215.90872594359763,0.09043165857870904,0.13392448594758613,4.9719264065407085,216.86361712758034,0.09145696270996792,0.13383989463263202,4.889648937893495,213.62229303312589,0.09001591955585006,0.13272973111873362,5.307692476375317,232.4971647700087,0.09753769943860684,0.14554785211796298,5.021989965052969,218.62716035767068,0.09285601065527187,0.13637192043606713,4.962636325434154,217.1595435276593,0.09139886557903414,0.13591263811392196,5.105904303398699,222.87391360405346,0.09357842441920387,0.13976032746918984,5.335255398488334,232.79271051887093,0.09822518164205342,0.14526617494455932,5.051006571531026,220.55469172832662,0.09325255166829827,0.13720184996099047,5.01460598372601,219.68038763623971,0.09179892674163302,0.13712730207684695,5.0259358804692305,219.57503883547056,0.0921877092879332,0.13772591318503394,5.3716849666616575,235.3374678422993,0.09879220409342414,0.1473594079745267,5.058032805838151,220.5074459663274,0.09317979571107764,0.13703438075613397,4.9184350993964845,214.8096011239054,0.09067495703202233,0.13288912053630636
4.740597424867835,208.03959325039085,0.0868677448996556,0.13014955760463684,5.104929936491731,223.08477535904282,0.09429196214255015,0.13978593200344652,4.72935269423166,207.0446069847695,0.08654938801986399,0.12944776883012593,4.921398184336082,214.78546201226624,0.09017667927861098,0.13405805021000688,4.688587354250004,205.72316607960315,0.08601029440046098,0.1283198572975766,4.882166368786583,214.14433060393762,0.0895995644481214,0.1342857175393413,4.814664091403966,210.6356877055442,0.08898185492680011,0.132544437238566,4.914662802192179,215.06587828037365,0.09028577786208868,0.1343027790461618,4.87170945451121,213.56814511899222,0.08931676587603041,0.13362963957318635,4.923256980799691,215.88364882796986,0.09014296466569309,0.13497280550290164,4.834556619936652,211.51115331918405,0.08874958943895087,0.13209922876196417,5.006652659997742,218.14824264040507,0.09181491955512822,0.1371942296391296,4.774775307820209,209.06458503879128,0.08775086847031213,0.13031712367180479,4.988859295529684,218.4536507582093,0.09135455395238014,0.13690385513744424,4.8428558478609816,211.63299570996674,0.08908597973290448,0.13264718872437792,4.882206199688181,214.8656844421762,0.08980733460862354,0.13456666456439353
4.758958668828969,207.99817609107282,0.08742920520282382,0.12920454930851585,5.421097160933928,237.3939709513339,0.09973366008299597,0.1478178303902509,4.8156854020384925,210.6392410390821,0.08900734331166893,0.1321504999538482,5.053827069027171,220.7147272420169,0.09302165773583917,0.1371064291172836,4.740696063485382,206.9890805578241,0.08728446647331273,0.1282656406146467,5.237642578208807,229.1991776346837,0.09631170839409338,0.14374890689572026,4.897432196017688,213.77877025803627,0.09038696019359459,0.13378121933148143,5.043337095784907,219.7822986741294,0.09293380943592829,0.13686166791945437,4.963727082303127,216.11532590911932,0.09139750046156762,0.1358832247836351,5.225254801120339,228.03059346941677,0.09641370489433446,0.14413625290724363,4.94309466078411,215.72591280710068,0.09140310592005911,0.1352570805119209,5.080930381997929,221.24290825039046,0.09411209325340286,0.13843630606279878,4.796905842831018,210.47053617355175,0.08852540370801003,0.13169184025433636,5.328690170283071,232.32374804252595,0.09765758411142224,0.14431876684027795,4.962341662708452,216.70411236087344,0.0914882321378906,0.13567515882289252,5.040621699251865,219.25536414796818,0.09300611622304954,0.1368220131349714
4.849538893733943,212.22880444526376,0.08909289847688198,0.1332570214187837,5.309579174558156,232.08067460800785,0.09795282882996324,0.14697267900636118,4.802619652935995,209.80133769124802,0.08815136838201963,0.13247470811283993,4.840927118267778,211.2855743574843,0.08905256378982429,0.13380925995350304,4.742540773692649,207.61472351405757,0.08777521123267264,0.12775998771108946,5.131948245293508,223.90003481284532,0.09430906729111453,0.14078726707404285,4.858874371144468,212.01509433915797,0.08978262197714003,0.13241263666395817,4.871572757039907,212.06879188937037,0.08999725332522107,0.13330340535456012,4.924668023072702,215.38880409845865,0.0905457204280683,0.13445400591329998,5.1179109570008405,222.09715969541534,0.09440209833262278,0.1364999441142164,4.869792502086209,212.9178228857125,0.08989464799439129,0.13416386559184676,4.872998751399674,213.81279200599374,0.08970760716882661,0.13336164884179594,4.8724115869282905,212.51326627673097,0.08960713939442419,0.13276399183968604,5.1604477208029005,225.45908135236405,0.09505527680273021,0.14186112524216335,4.801778121635384,210.17935747171646,0.08823250706914913,0.13014845383392432,4.837146025415772,210.73202243900155,0.08889683415027418,0.1328381887674844
4.902044035088371,214.39589812190198,0.08960512071740336,0.13457509604565218,5.433260816264956,237.64038536239016,0.10055838946163773,0.1504053168630176,4.845719183371567,211.79844294121597,0.08931321867800784,0.1323432949767717,4.795416784322236,208.87156603361103,0.08861360336377781,0.1334175113830578,4.802368169715061,210.30044952450433,0.08803586713073012,0.13282577588065828,5.247580132963941,229.54013798691255,0.09650918231331743,0.14422903492251862,4.93226401065214,214.42908169602626,0.09132222135204683,0.13461845714229748,4.810199694579575,210.864068819919,0.0882754683307517,0.13135691758259235,5.042062805989445,220.14279585436563,0.09281319431393861,0.13852304547743582,5.2647837006575635,229.78253248032664,0.09682875833264054,0.14253254897123918,4.93936690515727,216.3091375981382,0.09084646855359592,0.1358177992682617,4.867096338686866,212.41147272639319,0.08973495339771027,0.13345010791999937,5.006166392366257,219.17557834089214,0.0921267412315504,0.1362404675136257,5.335678184009653,232.83860874539687,0.09860252522346044,0.14528904769661757,4.849618846812261,213.26735685255397,0.08884234178486923,0.1327200822268316,4.7678788600027415,207.69638317760615,0.08777103617729953,0.12778551702802296
4.8590741387519705,212.29956306947406,0.08957057852724067,0.13307075650784858,5.744192128549763,250.77329614291935,0.10549614067683223,0.1574891343174412,4.931383373119274,214.68414806433623,0.0911009093499293,0.1340435391931134,4.9257690687620865,215.78439808006212,0.09070609358886297,0.13436987451563007,4.7915374799665535,209.82936356355117,0.08828220572838254,0.12957375304634192,5.478781602800019,239.46786442832112,0.10103998400217225,0.1499598057723291,5.021779184525558,219.4526794169741,0.09282825071197938,0.13653308119802124,5.028336300931867,220.23826801196898,0.09239643730996265,0.13784349079229177,5.016216790121703,218.60817145588845,0.09212702400371717,0.13747413314104479,5.533287433123719,241.49750888442443,0.10181458575201369,0.15147126043289783,5.0611157845683294,220.99583289546234,0.09345079806677782,0.13926662361251843,5.085012676471514,222.30599641728315,0.0936131015374452,0.13880191590542287,4.967718027074908,216.38585803089978,0.0917935591886608,0.13543124673482312,5.631508138240348,245.89076453940547,0.10356348659293753,0.15356086427041946,5.007653844330671,218.56539068430686,0.09165892420370643,0.13583835867512264,4.9868908983585225,217.9407656749584,0.08956783552793013,0.13506596873383572
5.025338482717367,218.3810117993449,0.09263241423673331,0.13902110842132429,5.725253911947663,251.19378217050445,0.10531934394263374,0.1560100936482134,5.131526498469998,224.20646543008937,0.09453387238946458,0.1404477293528953,5.242471760273858,228.97760518836247,0.09668261515183409,0.14420704944772603,4.930782316968341,216.41693558535877,0.0905681769957514,0.13545291860191933,5.527314937851457,242.40763024771445,0.10137142831099429,0.1513786726268206,5.242663800238181,228.31722790779827,0.09640574916077385,0.1421718422824365,5.171787712150495,224.94173613858388,0.09538856597982054,0.14110916410041754,5.148659317962268,225.17866086527644,0.09429343221388686,0.1402821659051007,5.471911371826658,239.9615720962347,0.10043431688068835,0.14929186528463514,5.208017379306828,227.5455025122485,0.09570938082215807,0.14207562784930294,5.319881890143741,230.8835761654794,0.09808862795239119,0.14579598647512818,5.036826395646977,220.47224774811832,0.092829289752017,0.1381110540143848,5.601485900349718,244.1458027242111,0.10291455498406035,0.15187687753386164,5.216467809335301,228.07405811279764,0.09610536542607986,0.14325185987408012,5.195636424873436,227.261406577617,0.09572174761603117,0.14160424868066185
5.047799602273633,219.78568311590254,0.0933093876803412,0.13769870120070019,5.605006802731449,245.05533738994802,0.10332082207639214,0.1527966016825781,4.992458707095833,218.45619317976565,0.09205844231772907,0.13641597462984406,5.0219990951437525,218.77626101334857,0.09236994392712637,0.1368306831786859,4.979849170331837,217.91609661636406,0.09171021801131495,0.13776205280715814,5.344686106455521,233.29899017443563,0.0984343537585078,0.14537347111213858,5.087260561990969,221.8384634704921,0.09367578429672936,0.13839797830399245,5.01543385306125,219.74526449884087,0.09188779870574296,0.1377502879705613,5.166042438630354,227.0975434868139,0.0949906576627431,0.14150527558293952,5.3805249003757964,234.41701330676975,0.09880217702775394,0.14630661463666547,5.085921505221175,222.00198372092484,0.09418653307828509,0.13908832622312237,5.11263011028115,223.88905762077994,0.09409330418890344,0.13908642768452362,5.1575199934278855,225.4052802744942,0.09485141561543597,0.14241088959606743,5.450041683818238,238.62719221213817,0.10038407157703816,0.14922044806759,5.048804484000228,219.98887605429226,0.09338711672645861,0.13705971853667356,5.050168022004401,219.79716277244083,0.09316984991426992,0.13779661014047737
4.908293986003867,215.03685010642943,0.09052336200434068,0.13365802456090942,5.471658990553234,239.42088333205936,0.10022406959228614,0.15015379754239996,4.962618408966756,216.43508208983752,0.09130041229924,0.13434924896930017,4.967172459415938,217.50533465328732,0.0918574471572713,0.13666703706649613,4.872923487183188,213.80189977791028,0.09010141209796385,0.1359524684927517,5.261955909768536,229.62488840621734,0.0968709612149896,0.14349192024542276,5.042002366549664,220.64397774173628,0.09264256130938633,0.13798321737910033,4.995600070247652,218.11530243953402,0.0920551715781562,0.13548748746824332,5.115199595205053,222.9689335530862,0.09412819650811959,0.13905280222743732,5.269198272744546,230.77064953295684,0.09692357345332363,0.14339474843321176,5.130798171686353,223.35300951634923,0.09431091986551862,0.14049738989248822,5.061921088010721,221.08336159016454,0.09311437120673481,0.1393270737376908,5.004470179698108,219.18020683151715,0.09183777965300334,0.13637617791586448,5.348114613915818,233.80474669775862,0.09862154692166335,0.14577626348048156,5.11146542286693,223.4195169818748,0.09426703348432061,0.14051525733112177,4.955971871986354,216.52021305028902,0.09149912424796068,0.1370230068662054
4.845870417124505,211.75750224849332,0.08936817381173749,0.13328151727537937,5.840197069086287,254.53909628620218,0.10761420834399128,0.1589800022415042,5.045162228465825,220.6125068751664,0.09243594377518105,0.1376734441942614,5.0970143115922655,222.54520119439638,0.09375370371934809,0.1379901139935718,4.8659041612402625,212.22418885935284,0.08962904202626086,0.13156384977439303,5.567085177729327,243.66019376233848,0.10187382273651677,0.1538834182804802,5.172000021929233,226.96933704731978,0.09493783849141986,0.14210667851981965,5.067357027205957,221.50516538564275,0.09304683705835225,0.1381104215092309,5.051988289244365,219.80940575417372,0.09281797770236484,0.1374313176303912,5.498988733831361,240.23932715067878,0.10114363766758157,0.15149345082562132,5.1664426823365,225.4825996363188,0.0948314559033845,0.14072013963821298,5.1819740019089,227.0703639454502,0.09556327168684187,0.1428035091164576,5.000266825864426,217.60346469588663,0.09165944905641257,0.13595280339696553,5.6512772636759685,247.2756271497566,0.10426983805168089,0.15552989076650237,5.100573307459084,223.20205412627553,0.09372038947509134,0.13818084490742283,5.159437396695409,225.61830160798917,0.094662726203208,0.14188382591929466
4.831222543858114,211.69230009002865,0.08902946981230453,0.13354244744449426,5.4692091464375725,238.99042564320592,0.10054629641213415,0.1498128294576022,5.018161845704429,220.66362687346657,0.09220891800393495,0.13782239958308698,5.196244787558438,227.38755969154673,0.09520738430753346,0.1420577558901865,4.822013508458227,210.8481411394743,0.08889656943916688,0.1330408123876054,5.267566221569426,230.58892704816162,0.0973450331894767,0.14550371221031191,5.088640187966818,223.6367266425498,0.09334446189769512,0.1392786670179401,5.100042708799356,223.79055162871924,0.09366099937875093,0.1396562318530523,5.043214654411982,220.70830803167638,0.09198516661107772,0.13833897180454474,5.241672728816031,229.28549425130444,0.09633477863843785,0.14182425516438338,5.143319367457005,224.00353495446305,0.09477451796873938,0.1387497308039381,5.258356302284904,228.8312842412492,0.09668898590016069,0.14353277659951796,4.869485998384708,212.8266366137516,0.08963805844498186,0.1355305803564783,5.334172985687953,232.6121563550566,0.09809410596167259,0.14433347900670182,5.17520848071309,226.25302840576535,0.09504727711663442,0.141246399441933,5.150090311188459,225.638650683823,0.09489370127812598,0.14251872445070563
4.9153301338333915,213.93245326213864,0.09100384498585479,0.13368439570972912,5.6314663053939675,246.18969559575297,0.10357155643461372,0.15333299872040532,4.893329457885933,213.7577143166956,0.08989265868635095,0.13288484779435528,5.062022315004451,221.17786773903688,0.09319565472792375,0.13839543952500702,4.868008180675596,212.8415481975973,0.08959522831055075,0.1331850460293336,5.455242215961967,238.32942611185715,0.10052261135396398,0.14876985974463922,4.999602377736286,218.2930655300387,0.09200032702614999,0.1347200658537168,5.091336896762193,222.33311693445037,0.09387004276910199,0.13974577147396236,5.062025242306329,221.33521999947595,0.09290493650655174,0.1376874702777606,5.452504015665048,239.2696633850432,0.09975160986735013,0.14851172857249836,5.034569236456858,219.5484141300048,0.09283820624486132,0.1371857613781588,5.0977862339337054,223.06620946246173,0.09389252724363732,0.13932740177518246,4.972193209606049,216.77467414146724,0.09133903585840746,0.1355081204536133,5.541215993485256,242.09288740529823,0.1021601029728638,0.15099833558511502,5.004616412989962,218.80832477579574,0.09219749069999476,0.1358996415299401,5.028927108481068,220.01022831452482,0.09279885373131845,0.1374886628337406
4.931577772178071,214.81811937889364,0.09063119822478068,0.13607128616983882,5.535796686975775,242.9916078193624,0.10203989798044151,0.15056531464149908,4.990111826252236,217.64904980729455,0.09210023789717214,0.1366225859637954,5.071631904479793,221.94930036007995,0.09315140368575844,0.13938595777777466,4.890212489937822,213.59466062623844,0.08987777745496339,0.1330314414924369,5.3566429270130715,234.31745079273836,0.09863651612176183,0.14764078464066935,5.06168430300287,220.40080086905664,0.09344089927960723,0.13733107065984687,5.087075208285025,222.54009254042265,0.09391762683638116,0.1380841871584534,5.097272563147968,222.78540427437397,0.09363552208683115,0.1381811139039749,5.4045567599405295,234.6895817068953,0.09982474202968575,0.14525460942780952,5.068642168642794,221.09351784640407,0.09366746719698663,0.13920959374475247,5.1204722902734385,223.93758115857642,0.09427227272177814,0.14054752431603182,4.985955961639713,218.38989216604324,0.09160219150135572,0.13579127792446682,5.469123672470335,238.64892772031172,0.10079072052223573,0.14768775242278107,5.069580308993005,221.1045851723548,0.09316374674235892,0.13996345492056397,5.048083840936511,220.37179542637696,0.09294719650303193,0.13811026547603142
4.845704391695148,210.84630158961963,0.08911605237495203,0.131132101772003,5.350950065760255,233.2576486552924,0.09868301366490838,0.14593961907007355,4.716936066654103,206.58982687434224,0.08688839079934615,0.12939912770316353,5.028944978793667,219.66871435942068,0.09270082182759025,0.13783700021192705,4.774401983905969,208.4485590838197,0.08840243966159313,0.13047545930420207,5.136315657809888,225.18634187204182,0.09461057488322897,0.14002563658172712,4.815438104478911,211.24508896010605,0.08688690987361372,0.13167042242727306,4.994598206022114,218.76431958913548,0.09209928655858594,0.13624055646042477,5.044625073356592,219.56641303020564,0.09274618088804745,0.1374572671153348,5.10786426684291,223.50258946818434,0.09383592018826206,0.1402139673948291,4.828977188959043,210.67636013878735,0.08873353827324656,0.13382706875078118,5.022950044065942,220.08202142829285,0.09245631974443869,0.13582747870257605,4.891540936003777,213.46165696734155,0.0899010331453594,0.13350743232008855,5.201935807337696,227.63276485768603,0.09585742221525036,0.14246347600098705,4.835491736309232,210.9050992701858,0.08900437938046298,0.13201053997328185,4.981497732111441,217.74563518457202,0.09176083991703389,0.13829749102033476
4.7422905084727285,208.22310419012908,0.08756692647391207,0.1310497155169518,5.337879854690516,233.3945272377235,0.09822230161524631,0.14729897162057673,4.74196179110929,206.21242030353784,0.08755069401193981,0.12862132999026557,4.818061697956907,211.21514782424416,0.08838100162416562,0.1306047302058563,4.764221539219275,207.94564072902565,0.08762268702572239,0.130225216086593,5.117251788136372,223.56994854759913,0.09384450569348404,0.1407912668582606,4.781622084334128,210.3056427108895,0.0876941791878834,0.1312176820898324,4.867969960861414,212.71987468098675,0.0894609904419704,0.13246445018360084,4.94805893999016,215.98342818199063,0.0911405346886907,0.13576117790016629,5.164294072496345,225.85311907815154,0.09472187961621867,0.1416668806177224,4.878675958708733,212.11827620554675,0.09021133732745426,0.13335321750735812,4.918906054208721,214.98723700638038,0.09043136141248923,0.13418700169785205,4.851432705937252,212.52805021612244,0.08964053781693353,0.13235665574603572,5.243510620767344,228.00047171724393,0.09630267855695773,0.14232348612512077,4.826503620195546,210.7692767604053,0.08903602882715647,0.1322147906410234,4.834946987490329,211.04940048507223,0.08891120310168973,0.13077719849623
4.9557686438038075,216.03693565660478,0.09122294204275629,0.13535394885444368,5.636991191359847,246.4003594719933,0.10387776868944956,0.15499381283369004,4.945467103294568,216.18417724274835,0.09099589172809262,0.13547327990947228,5.226916108006677,228.63810231014975,0.09595868492677997,0.14151678702335588,4.956662649729462,216.561402438072,0.09149660649056879,0.13646822000543665,5.416400479342817,237.11890682057532,0.09957575759752946,0.14738586513342297,5.137393926759666,224.35304118272356,0.0944593690114473,0.14089139142952026,5.2390941443186385,228.92608056229105,0.0968650540549475,0.1428180168814106,5.145514648721714,225.60206620370718,0.09489312228165472,0.14139378577436099,5.381969288124021,235.66316692351745,0.0988209427093261,0.1473147467940431,5.124745932005643,223.90528835144036,0.09424794243583644,0.13968101483926762,5.263641529148973,230.1221012458386,0.09662340989618581,0.14318231982846125,5.049680987673609,220.92914891425653,0.09334905424301913,0.137108536180759,5.496304463900524,240.7657227466172,0.10100192502256951,0.15107386764169148,5.117328574482377,223.58189942345984,0.09463335728072711,0.13915078014823193,5.239645971091955,229.91622300755165,0.09594015189831884,0.14415759294335193
4.751435118254862,208.6765973276621,0.08748031923969349,0.12998881030549161,5.426392338334351,237.00226690066285,0.10027761415840952,0.1482695592489864,4.965406092517439,217.28994890231522,0.09119901338530105,0.1367512559343388,4.969043109954033,217.56687662256874,0.09111801937101582,0.13585367596108952,4.708966169818196,206.72120528463245,0.08655864536794283,0.12750208875144098,5.26987425364822,230.00267302536517,0.09687826824067149,0.14330587010703275,5.058029707759026,220.99047542169322,0.09338145519717277,0.1395008544122041,4.90280970539937,214.2815762005445,0.09021097787880042,0.13510188449567223,4.939840120010043,215.42564912931059,0.09124649389165856,0.13471352690329527,5.223597798899162,228.81906328029174,0.09624310362774093,0.1422523331533512,5.043607933587391,220.26927829524794,0.0928008569719912,0.1395122551191678,4.993814884205848,218.32934702968342,0.09217704723155098,0.13709443272925823,4.8382680291525055,210.5074108952708,0.08943579819834842,0.13136072699604853,5.291551527963913,232.47828339040353,0.09738514121779952,0.14334343616281528,5.0328383915722394,220.3085809565445,0.09253642645565849,0.13762847364935862,4.904069960519604,215.1731735422014,0.08848585516568395,0.13566222150112248
4.847966575391029,212.54580109319522,0.08929393884907721,0.13246838480005288,5.400186271399796,236.52808427154386,0.09925334750826285,0.1500943739162696,4.864789311150403,213.2334652571322,0.08950653175352807,0.1342476950915028,4.74653202403025,206.54904727230775,0.08773071008817303,0.128202467450138,4.835879832136173,211.25453196441154,0.0889763198476661,0.13337887940537846,5.216011225901113,228.76009851259647,0.09580201084066477,0.1413958060778566,4.922770281692577,215.1845751305909,0.0907185937072789,0.13354729239706947,4.707796385414562,206.420060015657,0.08660070781251253,0.12935109783164936,4.987900673787896,218.823515639159,0.09147940541433305,0.13901198636851334,5.215730238923165,227.90782924243888,0.09619761558472663,0.14145914939276552,4.943857225041868,216.87313248839087,0.09114075311582416,0.13662022097039522,4.827612991952583,210.4627353168108,0.08887909798563193,0.1310287071673547,4.984529176861958,216.83850574819326,0.09206854924725584,0.13594847148747694,5.257816240281037,230.37655418088744,0.09639630247494078,0.14514331707311143,4.889014224307877,213.63637538598437,0.09026749232559561,0.13471268629857672,4.683008873274335,204.7869432614257,0.08560493918191232,0.12648529818763501
4.654255670100282,204.08339740442406,0.0857979925370013,0.1280156714140648,5.479741674092159,239.10240891027462,0.10093578951942296,0.14820434972999627,4.7832082464066925,208.18856754254855,0.08816896192720457,0.13002131527713973,4.869538056285826,212.56146742119572,0.08957153826397625,0.13321574253705523,4.655496991213452,204.13142488188166,0.08525950591455941,0.1272133673334628,5.279243009420661,231.4208024476716,0.09728878100663114,0.14327711001481455,4.821306133810378,210.66987826778916,0.0890382319157761,0.13226137816848232,4.907977691484135,214.27695655918546,0.08973613762566934,0.13341080704689412,4.86663966340638,212.33292684947216,0.09000427153792911,0.13255620889746864,5.2982113799813515,231.2831535761084,0.09749118951796533,0.14485156073777306,4.848321487177793,212.49063749825652,0.08914652344942557,0.13186115369354884,4.918199798644889,214.30636601122865,0.0907549567135099,0.1339838031061943,4.752114530830319,208.11021369728883,0.0874981843558933,0.12847178342360283,5.36980657634603,234.92231684201002,0.09880443689056521,0.14652497004356,4.870127666688429,212.85804871198724,0.08933534783718156,0.13210662684786995,4.813799448579528,210.05441711561633,0.08876220905515389,0.1309987270052403
4.96200695700009,216.98719189265006,0.09137676346516364,0.1342956745093441,5.878370100243077,255.98383111404277,0.10771824557681704,0.16044984131209677,4.939162508244599,216.4338311487892,0.09051348468925284,0.13710175254053517,5.133697769668567,224.7457879277526,0.09443841753431104,0.1396561343262337,4.974331391370388,217.60322201550957,0.09167351026280772,0.13674716396762626,5.643146028286493,246.556490358413,0.10336466486146324,0.1540966253997916,5.042928841397121,221.05619906029486,0.09284496437000085,0.13766725456297646,5.217659447513462,227.37024055394843,0.09629896051246202,0.14117981506145647,5.1110408011298505,224.62899607933096,0.09454988021479648,0.14086529306336665,5.661266836732058,246.932419308308,0.1042018064954114,0.15407347962933207,5.11576627142795,224.05473270062086,0.09452650444062673,0.14089533487754624,5.1968428199127725,227.02875010290305,0.09614759663493866,0.14080767048205292,5.057698370187666,220.79311632685693,0.09338320535754205,0.1386941661659493,5.746731794831612,251.23402183138953,0.1056020318305793,0.15613452239536638,5.09105707378705,222.37122511103252,0.09367336225999956,0.13896008088660183,5.150727745871357,225.08395491893575,0.09461250041138004,0.14159253927861074
4.7930762080247336,210.4895186845498,0.08777463094529522,0.1294967780918742,5.419019727120951,237.23794513675162,0.09989995355074996,0.14865365005327386,4.830247518214605,210.33923122016355,0.08890111658462799,0.13247690586625113,4.80433827967884,209.5225916862257,0.08848436963955075,0.1312750481024029,4.729198165096799,207.004260896159,0.0870848350560076,0.12850036631196088,5.214430324947802,228.0556487627773,0.09593152214353944,0.14104236419074873,4.875582459691051,213.39856208233905,0.08945463004015292,0.13446656841370047,4.836898493411864,210.74270609062617,0.08904740289156546,0.1322343700435973,4.903202561558047,214.77977083243977,0.09006362683978249,0.13316158709543016,5.222749101022019,227.81881817198575,0.09605335587301934,0.1446353512856643,4.914996606294121,214.5614061381936,0.09081391006112828,0.13529665679769107,4.902959767445096,214.83422479625503,0.08998400984039397,0.1326450863033977,4.9096284008432685,214.1486565091581,0.09036288972862443,0.1348134898138983,5.308495264747622,231.9001428840863,0.0977849169085283,0.1446276363012167,4.86151521860384,211.70085129547218,0.08971721779888235,0.13251576149713476,4.809400214954206,210.27273233989524,0.088928332589935,0.1327916024437063
4.763298295137989,207.46355812162662,0.08812156843614677,0.13196730122275485,5.4459669048068395,237.45276269063535,0.10004559967133365,0.14837385145083906,4.762461511905695,207.58041088828642,0.08792166742582727,0.12861787403270555,4.822982880973479,211.56078678884882,0.0882546835470222,0.13268939273868266,4.730640545416126,206.3534036889689,0.08727378873945607,0.12969885507575857,5.190802399082612,227.4215191364283,0.09526527972396584,0.14214309502186007,4.871132294344087,212.66792935909982,0.08988616040875788,0.1331571163547372,4.870075862406921,212.56130609138694,0.0899308566733528,0.13121566875979013,4.883608715908403,214.5028332234262,0.08950926472739162,0.13169398272105853,5.220623031436506,227.9227972650387,0.09651155382475196,0.14339393463593428,4.905816731215321,213.59440560040443,0.09038342049977757,0.13222698832004268,4.933268670385994,215.31550344380256,0.09051316606579907,0.13435992835269636,4.862724114365454,211.7872801286196,0.08984522873191106,0.13151716404262773,5.310727754193419,231.87033438297416,0.0977420333200953,0.14565527650233737,4.833166818106119,211.5088727548328,0.08878667694035976,0.13181997162840633,4.838391777167537,211.02305148912617,0.08933794895208146,0.13055575712090828
4.736346364543964,207.1540923041226,0.08689983399323396,0.12851283091537033,5.44878294768194,237.79192307772672,0.10053499155475058,0.14707154415399262,4.911452419959476,214.51308531464068,0.09026576183620329,0.1331890049117,4.8465120870154506,210.32192163106734,0.08934480610883525,0.13176678954893528,4.720394400106392,206.71736234385457,0.08692791180931157,0.12885586137018595,5.203455394221086,227.87739816458514,0.09555744838163668,0.14268478388918338,4.9840424178422165,217.10154139109946,0.09189465309508603,0.1362847655317104,4.786810780782444,209.6122534410942,0.08784335373728065,0.13188889927318032,4.935032250548209,214.6522248372152,0.0911964126757643,0.13436990030861024,5.2186063717842215,228.3215430275185,0.09620091317480003,0.14261781495328388,4.996827959058464,219.64104980733117,0.09179586034354263,0.13590013097562498,4.926061121553524,213.69564174202864,0.09153888719731126,0.13321454843337052,4.866115168666217,211.83538334318393,0.08985784052764081,0.13330236398460155,5.289126234897236,231.64507667639828,0.09751661844502749,0.14480262960373833,5.019305842748184,219.20220453623543,0.09249130300808428,0.13665059691058612,4.785333396861891,210.51918506766594,0.10151381919183308,0.1313366055957708
4.725983700417292,206.72774495318652,0.08671014126621458,0.1282655599324437,5.2398225981185185,229.21177650072627,0.09642891864153218,0.14413382555288565,4.7829627826408725,209.52968676280318,0.08811603434678004,0.13137718859899566,4.623043929761618,202.01415209253588,0.08516018518792194,0.12444657639625253,4.651785401569397,203.8414707471208,0.08591875198727171,0.12616262585957894,5.089942971278884,222.27334171565715,0.09384607465550864,0.13907220948624063,4.7597801149141965,209.75822083311803,0.08751788104983901,0.12872691007578,4.692478431676191,203.5294018265041,0.08661347016613125,0.12843969514602796,4.830843439193156,210.70129109840235,0.08857670712702242,0.13220415787671222,5.107738475324573,223.23686138178175,0.09377714949596377,0.14013401812493773,4.930556296069067,214.96104042650614,0.09073887494907244,0.1328965432494398,4.7015544070953545,205.1096480940467,0.08674675257300905,0.1279757374200154,4.762253274221679,209.35797916346365,0.08795766541489107,0.13157836303861192,5.154014947403803,224.85220394436286,0.09512761786395757,0.14043586442006603,4.86514983913341,212.21837374849324,0.08960235233587059,0.13370642362345858,4.560245740943281,199.41971864539317,0.0836976349962292,0.12446355175421914
4.989550439286836,217.98160000327798,0.09172999437231433,0.1355394006273719,5.773576122049753,252.62981052055966,0.10592168678145306,0.15866617265500793,5.023356644403767,219.17932186191183,0.09230739393915745,0.13623708415614968,4.891924260848121,213.5325851785997,0.09020888795617256,0.1343333367422902,4.965860114965268,217.10703193734219,0.0917229845089174,0.13548821913979278,5.568717227538397,242.96914624527884,0.10248917281328337,0.15172892716223116,5.051448902109583,221.09929573789998,0.09366057370116415,0.13778229856155125,5.05046781670799,219.82982440797807,0.0928149942077004,0.13742756809377116,5.128937032180144,224.09528690956478,0.09480357995191227,0.1401531366096057,5.579394787859359,244.31296566989226,0.10253586592342792,0.1518401452324228,5.139415434677778,225.3715344139422,0.09453348518362828,0.14052420457229242,5.041613461163612,220.17123090258693,0.09300266413167795,0.13797990257989773,5.0896452545068005,222.75542732004828,0.09338807387837642,0.1402518876910917,5.6769885867539855,247.70144539760724,0.10493486874505425,0.15521216711696476,5.082881285843773,222.69569062082763,0.09314820866336762,0.1381979464678593,4.893244304153477,214.27856955811987,0.08994964692522112,0.1342691528444204
4.874507273547255,213.86809267795505,0.08928494810648684,0.13243889542840825,5.419278632288133,237.15651506976556,0.0996178793048835,0.14869981405759167,4.966559784616645,217.88760585571478,0.09133095333862003,0.1357216780137134,4.89528547722551,214.41139805943172,0.09038697820703334,0.135951635886932,4.863284358585906,212.3549797189021,0.08935558034052961,0.13292981267774598,5.221819554842398,228.57112289249474,0.09594976490361104,0.14228716880403577,5.036870487366768,220.5668923416781,0.09263711016151877,0.13924889240129035,4.8572445237962985,212.19235876642975,0.08966737999175804,0.13098643780163682,5.046147640458352,220.5310935351798,0.09286819220734627,0.13699751298094556,5.204831763486078,227.18368379363392,0.09624842478700005,0.14115297105073227,5.079225691263364,221.79983364236548,0.09292760151887061,0.13838733979123072,4.99080925166584,217.4302026245091,0.09214362220506035,0.13639807471492754,4.958703211987513,217.6071065925577,0.09128007237886053,0.1359995726559839,5.2977885831540155,231.14226094503297,0.0975671450243376,0.14382867204557545,5.022471636172644,219.9485027270546,0.0928383317886969,0.1368151562298994,4.910483497527452,213.83408982206558,0.09019569079107717,0.13294353896096048
5.122987343383707,223.6468002451272,0.09404526631936388,0.13925638778854035,5.478283113519808,239.94580328649798,0.10063466177499718,0.14981165082308667,4.917898137948756,214.12916487764497,0.09095501116732976,0.13605763903121706,5.122218317303579,224.45611790195156,0.09428302204855424,0.1406188301567086,5.065474355760833,221.61227360998654,0.09317846354699288,0.13879683404803514,5.28112683252027,230.50674663531439,0.09698208076169514,0.14544332783024386,4.990576988426193,219.21994353367384,0.09167306965637752,0.13642324482384172,5.137937173144884,225.8373109636906,0.09431618173192267,0.14076985470426534,5.32827870898584,232.82109017341085,0.09756240608439341,0.14569396505196305,5.30054363369484,231.62257659075962,0.09771242790025694,0.1455102645997253,5.069206594462943,221.11402060433943,0.09328668684690565,0.13753062015432374,5.142375050116376,225.797895602314,0.0946568482374176,0.14068540924418368,5.204438538929772,227.61238820090372,0.09561733577495411,0.14342177647634846,5.3593622523886495,234.07937882766242,0.09839608136802502,0.1460974398216921,5.037167900987276,220.90191320474494,0.09233906576098248,0.13814961999104997,5.093210030093935,223.12994589507562,0.09363554078171084,0.13820185505939372
4.791947353607646,209.68840864032057,0.08810003065810178,0.1318753814275662,5.728867596988556,249.90613960626683,0.10516524020098099,0.15603145955020367,5.004224094090666,219.00301626644986,0.09223837473172027,0.13737888104200205,4.950501028633828,216.51086285106265,0.09123881469309832,0.134625115528138,4.795962067893523,209.0489602620272,0.08835116418999295,0.13064439614387616,5.489435867177196,240.7954683392608,0.1009731016092006,0.14985385019292874,5.080936734827189,221.716514309308,0.09364662507687573,0.13862447558002752,4.941653271610149,215.8786210010743,0.09096278703632185,0.1360720512455351,4.9474004840933015,216.73428625376772,0.09149618894431956,0.13668281985717382,5.437476406639193,238.49450217492281,0.1000815965284399,0.1503991530320682,5.114954324238241,223.89341406627355,0.09387060833438593,0.14051155617944916,5.036973013579088,220.02161816768,0.09304115207517753,0.1375877649579678,4.911164662518287,214.74507945725193,0.09044438648922096,0.13433248750992616,5.583807412199546,243.8730000996158,0.10283717422781367,0.15344600003018036,5.0753344241504355,221.09894922129558,0.09342429768809207,0.1385595940465011,4.97990946773242,217.20986550919307,0.09176432343404696,0.13755303736888416
4.884025995861211,213.83090193576624,0.089358265117869,0.1353666716162062,5.478208081541846,239.63393176884827,0.10057715877584122,0.14968797636277845,4.8355715613019905,211.28253538559966,0.08884179538830299,0.1325473808887758,5.119435722222569,223.65344154025175,0.0946485967896702,0.14015559976348219,4.865026720475202,212.69283483556106,0.08955199158343852,0.13340486895231865,5.232225314484544,228.50671498726166,0.09672983630784246,0.14098198116691654,4.965522072058173,217.6792440266747,0.09161884234371233,0.1354374619233911,5.105851813264413,222.63642148498712,0.09381669405639037,0.1402061570629528,5.086652227517183,222.59946823317446,0.09356753373696622,0.13929458173085227,5.202371624008173,227.7487531780153,0.09568550967855352,0.14222147193052168,4.931386868822562,216.14564901556622,0.09073408682006948,0.13559012460977354,5.128526730592402,224.5388247273391,0.09432816961527504,0.14020585722483492,5.001556556587176,218.13802091636364,0.09227474793198427,0.13600766810178513,5.329601894027698,232.75737114955535,0.09809733188851791,0.14582678340143868,4.934240020265749,215.5177370927515,0.09085147447788876,0.13415249161907056,5.109380062963423,223.20526561332153,0.09386715278027903,0.14055290549581662
4.8946234843172585,213.32967872849687,0.0902306913226171,0.13404033995983555,5.4618257613663435,238.19626309386928,0.10062128177532159,0.14974921337259506,4.872311111222463,213.8515104054684,0.08944177682229411,0.13339567318307363,5.02263025117799,218.797389934788,0.09257164570483316,0.13680857452702014,4.830732659984778,211.29215430854785,0.08877707052506283,0.1318315084991156,5.227965482725814,228.688811497158,0.09573782738583632,0.14323568554941774,4.979952802535999,217.76005778296457,0.0914935286968706,0.13662640985916796,5.028007472165707,219.0396614289546,0.09281883984467276,0.13657403165686835,5.0196951291271645,219.07046584706134,0.0928363609796188,0.13618366463496492,5.2463675316778335,230.3916657833081,0.09656892989194184,0.1443958922788609,4.982070440663318,217.62608502775169,0.09179415260047272,0.13435998360439708,5.087668665159398,221.93950018571053,0.0937879506999387,0.13836601430685913,4.944287804990914,216.5900057879594,0.09102605777922902,0.13295996708301247,5.356585617040239,233.79457870621602,0.09870658688320613,0.14637038802123722,4.928880630817705,216.58892966387825,0.0906747474558035,0.13501628793303413,4.999426009739304,218.56516495835598,0.09197416175154889,0.13463316398844308
4.885721569238051,213.4713267841997,0.09005375707891755,0.13544676979252832,5.597131554506436,244.91853065277664,0.10282883956877026,0.1532858544806452,4.909640811262981,215.10336084581053,0.09011327051903374,0.1337804280526274,5.039467959114853,219.97998579922768,0.09293193655127255,0.1370410560286953,4.855871168831947,212.04890100714115,0.0893040658607506,0.13427917807051454,5.3826232219859875,235.60962110934076,0.09856587496244536,0.1475888740659107,5.024789751030736,218.95338469863492,0.09262903126506848,0.13713285302206035,5.054395648536357,220.6812989401644,0.09318680158618303,0.1375838398281549,5.077059318758419,221.61933709056348,0.0936477671395488,0.13936768255384321,5.3693988721498425,235.03879583660625,0.09868649440619652,0.14602557669972327,5.024142091410447,219.26725937812165,0.09245497204716659,0.1388243738275651,5.0784611290112585,222.25943128786645,0.09399115809970011,0.1372970152391594,4.984037760773507,217.38742372187764,0.0922461090765734,0.13568227765361612,5.492128511799369,239.62324001719784,0.10070428432642349,0.15100206388560677,4.995631798746981,218.9178635159777,0.09170199769103461,0.13533036265601434,5.037355591207102,220.33507876209165,0.09183785642657556,0.1365197455922998
4.981499942152169,216.76344362197923,0.0919239527822317,0.1341317854748819,5.62474874721539,246.09037894274195,0.1034341194320052,0.1538525217118805,4.935229133980702,216.31905913772158,0.09103197302173573,0.13607184651402807,4.919700637477184,215.06483733408206,0.09060818573990588,0.13371152956889973,4.931388806991879,215.49191484332945,0.0903222777828706,0.13487247243644757,5.466051814222708,239.51661247257258,0.10028393656449879,0.14926977887372736,5.024732321354911,219.83048243895217,0.09216227783684318,0.1366129430166056,4.990862330782484,217.90179734597527,0.09184086809008295,0.13750308696509747,5.133634310074136,224.77070747294385,0.09452981224241766,0.14236790680544356,5.478004996339377,239.83194782064552,0.10092065568463209,0.15057643775935461,5.105799778019993,223.65454918415512,0.0937812758223311,0.13977886278617965,4.991278027647199,219.15848643189744,0.0915308705702741,0.13677113653982512,5.068408445228209,221.98582102153793,0.09284853458344586,0.13808457928439377,5.578256117892568,242.9128129786831,0.10248437624458498,0.1515459835966592,5.098201196123018,222.92058848682797,0.09365398617456665,0.13846328284101597,4.859705820551362,213.1620950172405,0.0895283260691769,0.13321515918027388
4.823647333277019,210.53431151794243,0.08891077794930036,0.13249404649926488,5.362026934292258,234.1727095216105,0.09862001220752618,0.14543059970014463,4.8505146698081525,211.40949920729167,0.08921509638495091,0.13349679914132043,4.940735662910027,216.01036192417666,0.08923472958176311,0.13402422946921927,4.82864567848031,210.96120978672135,0.08858488772439038,0.13265974739724815,5.208276498131103,226.85290572750466,0.0957440245750734,0.14218638375515838,4.927958818268322,215.97641669513217,0.09083152918897505,0.13399626818325186,4.989650403128326,218.19848179266623,0.09174299132936467,0.13683386896804203,5.001888920059332,218.080420461795,0.09183771232568101,0.13712254881460698,5.237658289803732,228.9028258553049,0.09582537667023094,0.14040625494754944,4.975743313671458,218.0805022507991,0.09175952363642262,0.13631743593725107,5.009036058366267,218.55695427726624,0.09198329199795413,0.13634285500107718,4.882917019644611,213.6780142259985,0.08974197009822381,0.13292390856768913,5.243526997751708,229.52963811292585,0.09634896684347376,0.14349907296752917,4.9880044054253565,217.78609935157823,0.0917379446417244,0.13601818566246837,4.910890868813884,215.23270723776685,0.08984834538005476,0.13519397124209875
4.84772735113051,212.74899794720088,0.08959012596996437,0.1331029302640032,5.5227555111638855,241.37819249869077,0.10213520986864504,0.15165297862850974,5.057512895480061,220.43485930759826,0.09337764691729145,0.13832717247308438,5.150264239944039,225.23895256051307,0.09521031328826438,0.14007835618024553,4.805340433624406,210.77413792845957,0.08836109818386036,0.13234957784302723,5.274707355964121,231.31364241897984,0.09749203165059772,0.14520256819729174,5.109773617357152,223.62657332633086,0.09401880990952993,0.1392424470537101,5.094944793346783,222.0356030838919,0.09417114998130698,0.1388497789271405,5.051959410726223,220.57769875748312,0.09323779252166581,0.1380808473639713,5.27135335907927,229.8403954446897,0.09727390635779588,0.14298778725526262,5.093800713267027,223.5745740472124,0.09354537791359899,0.1412222922984589,5.205777377583223,227.37183438325167,0.09601546012211389,0.14116019551834,4.915099425346133,214.66080826474254,0.09072490121497935,0.13259902468152837,5.368207976654612,234.9569475248718,0.09849040194110713,0.1463687231623762,5.134034151308551,224.410038515692,0.09447435188492308,0.1412961613688272,5.171024779598565,225.2426744383085,0.09488121289533907,0.1396178430006487
4.860275548862685,212.8920853920272,0.0892829253935087,0.13309848674961658,5.3259268843395695,232.9609591810538,0.0976980843628143,0.1446600705431305,4.829050728252186,210.70244588244694,0.0887070903775893,0.13004231552264428,4.776338486793863,209.01861781096588,0.08725645802770697,0.13075297895306076,4.759363705840164,208.90270710346306,0.08750025735864245,0.12916543391076168,5.104660535320644,222.5854943106353,0.09437636144659693,0.13878886924673817,4.878106290136425,212.8508809473208,0.09001739598748197,0.1345682614087422,4.8092134091898355,209.9011962617546,0.08862619641530359,0.1320129447958711,5.021457218648031,219.2963273564401,0.09216668852214162,0.13758141824408143,5.151088646434048,225.0275314609768,0.09449980639000517,0.14097628823996913,4.9530036945402465,216.65938909951493,0.09116511603242733,0.13437075166956053,4.887572319711732,213.55727696052773,0.08992708458155668,0.13370003732874167,4.992350552512882,218.36116179736703,0.09203112374631682,0.1357998008534948,5.2044426050174994,228.4610293886748,0.09611820376303347,0.14198220286454438,4.897314444153997,214.29397354546424,0.08968782992250492,0.13373908230092743,4.739620682977798,207.80432947682087,0.08710773034603274,0.13036702513963183
4.832733275717207,210.4697515826512,0.08897120530703834,0.13142630854027101,5.571331094069612,243.38081468119844,0.10250874105952212,0.15150376716963704,4.768385429895376,208.54481234403787,0.08802283168992033,0.13165743962093515,4.777927552121405,208.73222814026687,0.08787452423854496,0.12993421023476812,4.819076491239407,210.46145931568336,0.08869728663543144,0.13263207185195608,5.41001361159441,235.77398633258233,0.09965810109854603,0.14772499305784972,4.803908340681009,210.31713075752222,0.08827443275425335,0.13196339493549872,4.84440954022329,211.5543748584446,0.08936363928062914,0.1309867894019169,5.017148302190543,219.4610325841563,0.09250082781508878,0.13522766176037135,5.4189813228986665,237.29936515239896,0.09979113253192122,0.14692756749715188,4.9344743216369595,216.2937431182761,0.09093712684770702,0.1360114122847742,4.798602687344376,210.10080536518666,0.08836774963167597,0.1302142320092038,4.912755326727686,213.90188670028007,0.09083497308431687,0.13407139733762913,5.440261718945977,237.7222047175683,0.10056202139180029,0.14853555416112518,4.937149179679193,214.92614206581104,0.09100342039265844,0.13349183781812096,4.713318809478191,205.84427192582723,0.08678588196031581,0.12904530405683717
4.881397982080298,212.61351498294508,0.0901982043127486,0.13182094874477074,5.544003533314361,241.8104346983666,0.10235399923859301,0.15104694633105392,4.98960444934519,217.56724942645974,0.09168525208412263,0.13519100597592396,5.117348564073406,222.14345451010215,0.09420829624259076,0.1398416865876126,4.8243535212690905,211.0712392613525,0.08885034911388656,0.13155385711036016,5.308439538904468,232.41981010592087,0.09781576544143399,0.14542245207242263,5.082321277255849,222.1895832007206,0.09349387290930321,0.13995126924792017,5.0787671566333845,221.4054088938951,0.09316937147659951,0.13936851517027132,5.025405992638298,219.94066329137434,0.0922953077779705,0.13766058605120157,5.31864326292451,232.0001300052083,0.098055563497907,0.1463980769326483,5.108368557905553,222.64091969900477,0.09408136403830715,0.1375601264975506,5.152704534841185,225.64415794219806,0.09496450629049782,0.14113224209942682,4.937371945703774,216.02899609986102,0.09125494402077505,0.13586078435245652,5.4048072656724235,236.54559018294282,0.09938605078016395,0.14599934095714584,5.078190299466643,221.2785149021075,0.09359672625693848,0.13867403135290027,5.086716170390025,222.85396980338936,0.09368492881428277,0.13777732883698915
4.95161438088181,216.98287920224888,0.09124163535167529,0.13483061167640217,5.444794663115435,238.8693323234859,0.09996666566324815,0.14949775452450742,5.027340445257176,219.9226670776546,0.09240430729569404,0.1376535543850337,4.824425577712379,210.9316094179013,0.08886311551217066,0.13338755008308287,4.791143650645578,209.72142783100827,0.08852372474785235,0.13009149576118295,5.2672834146316365,230.47658576791562,0.0970835922546424,0.14330958171925426,4.984428790076301,218.80535914377114,0.09204861984950251,0.13822034933095093,4.802854581596311,210.84580777741576,0.08821595094473456,0.13198005973980498,5.072911791559127,221.43605453027473,0.09347242563791265,0.13923726630143998,5.264870047017922,231.18713267679175,0.09643310153528913,0.1439006825550272,5.1149964768251905,223.68272562425557,0.09429844305547996,0.13865471635100476,4.921544587540199,215.65159117475218,0.09096863210161936,0.1356747574568258,5.030364818161999,219.85301652490512,0.09268060291132323,0.13760112729569968,5.348003898985089,234.03054477001552,0.09835526690561854,0.14664166824904312,5.054633742801156,221.33576457019745,0.09287255594516303,0.13838865612866197,4.772719367935762,207.95133936986767,0.0879288258110692,0.1289651969514005
4.825105764321652,211.8057970139668,0.08887050926275854,0.13292786646951696,5.487649889266276,240.2212517843041,0.1008301936833493,0.14868674835006254,5.006772254209952,218.7622666828327,0.09262966912646493,0.1375852137271103,4.907270130895461,213.9857268238407,0.09047250077657872,0.133437676921904,4.769690743820258,209.7134335943948,0.08757319449064649,0.13106774708983704,5.259408203103755,230.43449971040607,0.09634906428680859,0.14533767704511238,5.076685444509248,221.55329654313363,0.09339515096440273,0.13875066720070856,4.877714841360074,213.6608436797951,0.09002066760659924,0.13337877949181207,5.0156868168386755,218.86423261989498,0.09213599875752647,0.13744203638487976,5.279012089811005,230.71445019771824,0.09710458084165226,0.1453866025138366,5.1029420526951865,223.8166511036663,0.09408913486547102,0.14101536790460642,4.977252522118834,217.59959153961827,0.09201463564505859,0.13697863423993967,4.985035354955947,217.25591447660076,0.09181901551622672,0.13476563465107297,5.375968287980138,234.75844557209095,0.09848687494243105,0.14698631194201095,5.065442207724258,222.10672338424513,0.09295100248574138,0.13816113530555038,4.887090074191771,213.40127821030495,0.0896701962083184,0.13256877356301294
4.755528543061096,206.80038176898097,0.08762381635826184,0.1287802361907313,5.410498266491313,236.91336849915425,0.10015195761006755,0.14834587851828196,4.817616426023705,211.62624859612333,0.08902694042752272,0.13183584564715836,4.719337361107262,206.4759610013678,0.08643550533903113,0.12914315627567877,4.75792697731549,206.9964571801552,0.087670083519094,0.1293275491173877,5.240697106491059,229.24778770802934,0.0965747523161956,0.14347670051238767,4.937765954039348,216.08792209633097,0.09076003643237514,0.13397582815553896,4.788852231109865,209.46480568685422,0.08823461672661331,0.13017947022683646,4.920615165115001,215.29537436523955,0.09068525135970992,0.13422834043605375,5.278846745429133,231.04758976376172,0.0970815923579088,0.143019418555301,5.018667138655072,219.1373059967672,0.09231766383115704,0.1376672115575198,4.819145132359614,211.46395708855732,0.0881129582075415,0.1324078872456283,4.8484781285486,212.33714732234336,0.08915030233750806,0.13308193584679298,5.29560396973234,232.51584946249568,0.09727784673811826,0.14618870797545677,4.987223739420612,217.28248025771705,0.0915243150774379,0.13667596488099407,4.722393694830403,205.56883467975456,0.08661846463819783,0.1279784744256949
4.791848811684025,208.98307493280467,0.08818614754338604,0.13020098610959846,5.435110775560666,236.94497504147466,0.1001147332799177,0.14883357063149752,4.889664259334925,213.60977008107113,0.08987552750670569,0.13456414490865376,5.123443766111393,223.86284469945454,0.09443334601868392,0.13925860319176073,4.7532871545855135,207.8436837806936,0.08770210396911211,0.12890358551998324,5.19981017575307,228.20392181976013,0.09596211153203163,0.14434013823092592,4.988819217697419,218.78636023325345,0.09147574103662477,0.13763441994001402,5.097637942363517,221.98664364811842,0.0935975621907663,0.13920745886607772,4.963375294611227,217.43846922638284,0.09152665321878364,0.13472070650489512,5.174761317726111,226.87458342903255,0.09544277590852336,0.14124993407876676,4.969439150898763,217.94863054388762,0.09166262155518519,0.136813228024319,5.113946842275137,223.86435786402086,0.0943849382987733,0.13951725012674113,4.826641774207488,210.77343882556787,0.08895051836740571,0.13179062767040467,5.305270160757356,230.75652486533465,0.09808275143985377,0.1447925610313567,4.994516533612938,218.6541418181985,0.09217507067747885,0.13645051148972526,5.108086372092167,222.92267970136547,0.09406390122585498,0.13830210009460284
4.822220874956231,211.07143010528765,0.08881448485650498,0.13270502412380072,5.380284170876331,235.6601741230261,0.09880098699873004,0.14568040414487485,4.792065105421072,210.11112049456935,0.08803765459624993,0.131816816146713,5.018630810238513,218.9405526498982,0.09272663141627435,0.1381859368297898,4.80058660337715,210.59502278605308,0.08820915515654326,0.13054567220566232,5.231514885984272,229.72900612392743,0.096052294036923,0.14367037505293315,4.910876329578316,214.44084978879167,0.0904370182584139,0.13379385440237274,5.00723670004101,218.41262899082696,0.09295175046643205,0.1359937522501568,4.986622630918115,217.78433578897636,0.09204158000211046,0.13504049211918717,5.235469638046198,228.52669555167054,0.09682096098601661,0.14113033589448498,4.907531080469947,214.13254561951453,0.09039879447931032,0.1341396378983027,5.062163159529313,221.76436845328692,0.09302435389600912,0.1384891067114902,4.860524295605425,213.23485925159355,0.08947181551354833,0.1326857286125701,5.299369270389269,231.30056062480142,0.09758069478891976,0.14402572208590866,4.859797880140218,212.96964304073072,0.08951952473068588,0.13353880873982946,5.0382000389575285,219.31683746876743,0.09259557306407024,0.1376205567371502
4.698819651452209,206.5719832786492,0.08677557644727453,0.12800044504187283,5.3422042596821875,233.9946135885625,0.09851105339373659,0.14599346084214657,4.759964880922624,207.9623886925566,0.08751406032830245,0.12935516378539869,4.905694196091533,214.80445444208743,0.09094112949465208,0.13189047470011234,4.702622657451194,205.5071523760131,0.08612082760270472,0.12855876366012925,5.120170259546937,223.88337591927896,0.09371202065533205,0.1402881356859181,4.861918625911463,212.4021523030657,0.08932348415668394,0.13285413853232184,4.932961556531655,215.17844824594235,0.09107445912134941,0.13604342091339802,4.856616325110308,213.54314826632455,0.08883962645409889,0.13375680967699077,5.102862447902821,223.19588277410358,0.09351819680106903,0.14175731786372203,4.790077101413644,210.0734301212109,0.08831487489482374,0.12894525470472412,5.018474914669412,218.77516086042243,0.09248503474039044,0.1358806037135251,4.808095340586076,209.4328492876516,0.08846194194171181,0.13217868858633278,5.221348535775874,228.92636703650544,0.09577543924289626,0.14277521409752728,4.766152986196197,208.68881925103295,0.08787251216975317,0.131285762400252,4.945283341561777,215.95205639753257,0.09122104755577029,0.1349650851729935
4.558468945306778,199.5041548423146,0.0838116409613352,0.12401252368376428,5.289730088028123,230.7493632029585,0.09766912509209454,0.14403029824230798,4.6601178818971425,204.20264938126624,0.08598857848237247,0.12584913073175183,4.661081000363291,203.68573802384077,0.0860184382806104,0.12745204116630524,4.551466150117472,199.0273842712884,0.08385658037860659,0.124341953464036,5.130497856494566,224.89450072618425,0.09411147682533476,0.1408479913267169,4.730445259650823,205.92285248187733,0.08689751496310383,0.1280962666646662,4.606184034971686,201.22232923813715,0.08497636035663358,0.12735992998876403,4.715732246049888,205.86776927233277,0.08710287405920647,0.12984086161334468,5.092527115821819,222.14576077664765,0.0940411372689538,0.13923014384974153,4.708516677715847,206.07797883457994,0.08688322828081048,0.12711829364618335,4.695762570474594,205.08543311077838,0.08671527652209587,0.12922976735291475,4.616607673495554,202.56574944997115,0.08430418317506277,0.12725138310862474,5.199961730742792,226.35357920431915,0.09561543601767017,0.1417813184836424,4.720999987509558,205.92243135079417,0.08731086465032585,0.13159203835209168,4.5712044386410895,199.7075963741318,0.08416719216170716,0.12511339603009253
4.7323996589378465,206.25774099587508,0.08671626505496696,0.13069525752225097,5.044433307476335,220.65926716625123,0.09313279504098813,0.13866459703135717,4.651877684030769,203.31448809074894,0.08573056038597743,0.12834764738567384,5.158532759674865,225.49154061779763,0.09509106397978159,0.14113098558955997,4.651660136458306,203.23723806209156,0.08570766970024853,0.12494495863277827,5.055108032908465,221.58803507977262,0.09248971108761253,0.1378957653302982,4.697075912403241,205.15866977760572,0.08668084292450284,0.12643854334023835,5.152493956499887,224.24079819225074,0.0953045651860297,0.13944232367641834,4.775784401001535,209.58605108123768,0.08766263811559076,0.1315392742720015,4.828050353372696,210.7820175279945,0.08890414153168559,0.1317419957771281,4.659617073882369,203.77485934119375,0.08537671798564807,0.12641633891043752,5.149848942728886,225.61098523857055,0.09461333767543728,0.14233120112573594,4.713384253033241,205.063089306766,0.08659697450149892,0.12989985410763144,5.037225049683286,220.10209312353442,0.09285130234488964,0.137750164520159,4.5622692696867775,199.98236442883695,0.08416361063501487,0.12422303653786752,5.123543087034708,224.80979442644363,0.09418260491306911,0.14133445040405337
5.009182174233145,219.1953257278666,0.09239509064591213,0.13680685692497072,5.441121837519054,237.75906284393812,0.10001048890317113,0.14940014123045248,4.954919479249469,216.68968953319447,0.0909083972146662,0.1355806036679011,5.387968316074273,235.39885566556487,0.09923972130148698,0.14864580469558814,4.896324132519002,214.0894706167093,0.09055637234274201,0.13333978451098555,5.3900413724855465,236.29576590089945,0.09895625849903103,0.14798385295554112,4.944402004992444,216.14769492028466,0.09119009821145967,0.13489139541722475,5.381158882658598,234.66205305418907,0.0994022091741981,0.14577229474694925,5.082992814520733,222.13966963163546,0.09366976415498987,0.13661119293146393,5.154475067156008,225.7312267478693,0.09503872321261196,0.14105257842924815,4.964361205081732,216.94659139191708,0.09124359225273003,0.1356396300784487,5.432238537175099,238.22620396201708,0.09744891462433898,0.150760609215607,5.031620649940899,220.57025913048594,0.09288182096515242,0.13872065602394892,5.387490526202267,235.80998428788047,0.09903211056953412,0.14717926804755735,4.755609738646377,207.94176876403407,0.08760309625211812,0.1293626604254206,5.446680519734089,237.45057679416726,0.10039133495210227,0.14726845752432954
4.929861920155143,215.4172736463606,0.09052671383372635,0.13480236639622975,5.461775051598666,238.41673569520827,0.10053032412166067,0.14973096097327468,4.918094126759856,214.56388825686406,0.09012953124102084,0.13380387632329735,5.645155279694263,247.0184113108895,0.10385760418266185,0.15464374324140714,4.822614077037931,211.06238043073682,0.08903671581264275,0.1311290322813556,5.371134774149626,235.56933881063978,0.09879804746397394,0.14666325706999006,4.986042729918779,217.09353397104542,0.09180668090840641,0.1368543030191215,5.576491755827126,243.83712308647486,0.1029845451431174,0.15420239764582888,5.009403052424858,218.20606197722213,0.09227616697035583,0.13556808503584097,5.165670862421752,225.58825163616197,0.09505738014939213,0.1402719452715001,4.913068047507939,215.04785334624248,0.09041180156616757,0.13506908896240047,5.648544884266197,248.50388006510283,0.10415615542018555,0.15540622231516188,4.950939244527861,214.93567165826337,0.09078309626648497,0.1360727653166652,5.388520922898085,235.32431019529244,0.09937591574608604,0.14729020480975655,4.83935077471768,211.84354569655022,0.08888388005188258,0.13212052530785648,5.668980211476527,248.28839204559677,0.10499569628440877,0.1541262451817199
4.885434806995081,213.0221127549134,0.09046535925605215,0.1344177737523224,5.245173065423817,228.5438511861269,0.09658799448824908,0.14220227962664891,4.78368030009547,209.36704323234898,0.08825883776397726,0.1309262374559637,5.132166521578835,224.71286175172426,0.09483050243854038,0.14072748619724604,4.772264162710068,208.84183335033038,0.08756506106702089,0.12990124984729584,5.138813707326675,224.4922426731565,0.0948631273034614,0.14034093706605388,4.817302487501568,210.22766169808858,0.0886926778071426,0.13210593928511263,5.113456002939346,223.73208484649751,0.0939533390102945,0.14090722468017064,4.954393220887681,217.07020014827026,0.09107171581353138,0.13506324746313325,4.952717156559558,216.19526796524684,0.09152418103939422,0.13526585158666282,4.850466080333472,211.36661546459052,0.08983651040126617,0.13202265109126482,5.196711592096608,226.88202876201922,0.09550182108693756,0.14131938493454027,4.953781874420103,215.17358149380647,0.0909094396207876,0.13510012355385442,5.135856569901044,224.56485560480135,0.09459184757678744,0.13985556638374072,4.633667626100806,202.40814570358924,0.08541492339795169,0.12492898445312628,5.152514022944363,225.0676052910052,0.09490288581350739,0.14167642346204998
5.059794445193232,220.7889957413906,0.09321243665324315,0.13783923969291656,5.3629599149354465,233.58903222298045,0.09891023148161851,0.14625162700159383,4.878034221070871,212.83077016566213,0.08982414948230458,0.13374119910051133,5.417133295035855,236.76499153057,0.09958021713718655,0.14898033711634034,4.876969301395141,212.95769195124964,0.08954790416359486,0.13357924834451257,5.305133206898586,231.77702506854374,0.0978925751449797,0.14520907973760347,4.876004073798949,213.12794944095845,0.08919984639124291,0.1343257615509169,5.368494459279287,235.65507288243123,0.09888831987509313,0.14614177826884114,5.084671313302599,222.92453079576907,0.09326392548877639,0.13946125295385156,5.0609469577726465,221.34767383273126,0.09120471932696443,0.14053899129129732,4.922618191438806,215.5344276416888,0.09064848571271117,0.13305807895365465,5.4470200737714745,238.6418741903661,0.10010984082270576,0.14812462907626558,5.050889793919255,220.5084202612054,0.09290906515150688,0.14064926651718726,5.271392555531624,230.8808939867233,0.0968737382732443,0.14496892547837031,4.740843687767331,206.9535591356375,0.08721498673964886,0.128822304786909,5.442174199144922,237.36455938714533,0.10039422481275705,0.1486959657313102
5.0105033568530475,219.9139333904663,0.09231121735494874,0.1376519784993677,5.317857352723106,233.11152659842693,0.09773030138346284,0.1466118427286788,4.973448651563973,217.74872365667974,0.09154074585853009,0.1363629919068523,5.404635652912568,236.59238303871987,0.09976606129773226,0.14781709681671593,4.9294809289760675,215.74981554253625,0.09081140055121179,0.13479946319109967,5.185842910628169,226.41213270824903,0.09603467742021307,0.14279110891882438,5.056988611857807,220.65850592076274,0.09356144634977893,0.13861790175920222,5.378100553731068,234.7560144966431,0.09914268447707547,0.1448088200272018,5.18133495420199,226.32366983457854,0.09527053536968126,0.14086688905785094,4.956516426010873,217.05365932397862,0.0910393846578891,0.13496853929817126,4.993833649115661,219.22427633975678,0.09135591869131333,0.13831275304717955,5.4404285977462,237.76820931874983,0.09986262796908181,0.14732981143241924,5.126176589796728,223.62973475375802,0.09401404811298737,0.14033238901543973,5.171357704138477,227.0839099914678,0.09477239131993531,0.1427027710339359,4.871048691890528,212.93270185959182,0.08961152777667315,0.13326764452261533,5.447409357813868,237.64481657676805,0.10053097771525443,0.14754437919412877
5.219040693659652,227.50913540962307,0.09626599146449985,0.14218040946292967,5.706680842899257,248.82735510254668,0.10519482577768914,0.15563179234556956,5.056342559160641,220.72611783725216,0.09310681243889896,0.13894147649837157,5.384557133481596,234.61954978072325,0.09913365494119904,0.14773222264707578,5.049847433316375,220.63293656758378,0.09337069418195228,0.1380427127782256,5.565600605331765,242.800887021306,0.10235067826311643,0.15123166504624372,5.086470194710397,222.5244031513637,0.09374938507166294,0.13987501979655773,5.427970699174689,237.7679111989542,0.0999471635447961,0.14687691851728044,5.272982084346503,230.4360252880212,0.09698278004303348,0.14534763400763412,5.373189924474479,235.11039650205205,0.09863129668128261,0.1478744368730222,5.098528506261432,224.11618226080014,0.09345817763248103,0.1408055634853659,5.467346202248179,238.96610870002297,0.10052611227447468,0.14907291689032387,5.261599448975748,230.2570436939544,0.09706444958587261,0.1427862773548018,5.603062780034883,245.24438631322863,0.10256628090212053,0.15307023058097846,4.865513681968556,212.8660167827838,0.08922929365732198,0.13342362497431515,5.4223296507547145,236.56280394831805,0.09957829335310943,0.14888509262740196
4.81332085382647,210.49750316985583,0.08852246461910993,0.1328125489870223,5.3769201766783095,234.3955334147069,0.098851020862281,0.14504101138205552,4.810533396771518,210.6264939314216,0.08841765641018412,0.1308072572962702,5.314804250549482,232.45248643727794,0.09758185091838438,0.14492899614236962,4.73365909498089,206.93642927459558,0.0871668866889298,0.12934392941451917,5.351549680653655,233.56185294642606,0.0981889582112453,0.14560775315797692,4.794933084014799,209.64800003144495,0.08812185812076505,0.13082444268289048,5.272795920466693,230.633041740291,0.09689972831489277,0.14369044066067102,4.874650409613466,213.1652107554662,0.08977765507135682,0.13305396822325719,5.122320362291131,223.32720264466562,0.09436686359795587,0.13842788621788252,4.791769918465235,209.18715871651364,0.08759713133417871,0.13063692995617637,5.340938741294945,233.77614958803602,0.09855391462601477,0.1449852711991282,4.820024185063415,210.90909716138023,0.08901552364534776,0.1322354906690414,5.340989179990995,233.92850098997266,0.09848951368005121,0.1456515149540289,4.606526061307827,202.6417301520039,0.08479226098405664,0.12652630463884576,5.349398876676013,233.15603765947304,0.09868830969756376,0.14591264476064053
4.923420492259702,215.91297614722262,0.09057067477029682,0.13393375454048712,5.58301754244181,243.39281797447254,0.10300459245437013,0.15254963526916313,4.911343503995739,214.57685151995506,0.09016193268521154,0.1334589457372699,5.533668462624109,241.73800614048722,0.10172583757122354,0.15144414394968062,4.849664456771208,212.30044775177922,0.08956104834927754,0.13241204648973431,5.49743355383881,240.83642324889217,0.1004559007331326,0.1504396967493676,4.972051515502575,217.6787848232848,0.0918678122751209,0.13559579417239345,5.444005843198926,238.55451966248933,0.10012647133477852,0.14998928831645783,5.018167076791083,218.8955549795825,0.09222379629610537,0.13555069360493424,5.261228328520685,230.0457222825814,0.09681623531960822,0.1432171536086214,4.935627377593397,215.44423459514897,0.0907850461479283,0.1351605841861464,5.541033174788166,242.6586177990728,0.10169706444500362,0.1537322153767296,4.936448195626537,215.9971879777077,0.0905170604921046,0.13451695066349495,5.521767460750844,241.46346011161518,0.10145739772936213,0.15052061761216207,4.861267227414517,211.5187409976243,0.08939954618215153,0.13204300493455506,5.569844264232906,243.35227188865528,0.10269210767015939,0.15188088140507477
4.727332286292986,206.24234687275546,0.08634917788352311,0.12967670975718001,5.235761437168419,228.0600840104197,0.0965959292797791,0.14282887664141433,4.769042572293111,208.09518304614852,0.08768087897340889,0.13042998308981996,5.175164287742167,226.87715534164983,0.09336894377109775,0.1427862687009975,4.700583727210368,204.6441474133206,0.08645754559361186,0.12788145082863359,5.123065938370736,223.8198549835189,0.0944024225228188,0.13918196579492984,4.86126385583454,212.83263843240016,0.0889003769520678,0.13201918991825096,5.168351489104849,226.68368772669123,0.09559065512150058,0.14126370400145125,4.826732771092361,211.62593877262157,0.08895896244281841,0.1328958002901807,4.9424774792291695,215.92607770451713,0.09135388850229616,0.13542643111654268,4.753577994572277,208.69392958620895,0.08749985134560188,0.1297072185087096,5.209824694707086,227.85346042365182,0.0958267244399222,0.1423010512999858,4.755058337642533,207.71438575010862,0.08778966344702868,0.1308956878379114,5.178478934030352,225.74751622552344,0.09495503488704768,0.14034515150049723,4.638939688050807,203.73409866184628,0.08535415930947092,0.1261126694587604,5.191236048545926,227.21151667673604,0.09552748834949465,0.14144037936962786
4.914015753591452,215.00176654024943,0.09029681626174055,0.1349944085343974,5.409335124581416,236.89446990243482,0.09940445962293099,0.14858213490910974,4.867551381710882,212.69623084717986,0.08955427720694246,0.1338341556226531,5.4761220873827,239.9154378643905,0.10044541745395981,0.14988839029985415,4.871239831067497,212.91633390554216,0.08986150180175494,0.13184463002311644,5.357072508333488,234.3462165006408,0.09865387088766676,0.14676559184408974,4.8963941314536275,214.58104338432236,0.09011200528375311,0.13375863866430793,5.4815476575515305,238.55976111038095,0.10055492078845685,0.14910934962332378,5.049468839534954,220.87851745934924,0.09300011667710267,0.1370680980958548,5.099264977861015,223.33445930801466,0.0940514521456858,0.1411072669405163,4.852471128337342,212.46439078479042,0.08911927472720613,0.13260325556443173,5.477524908739568,239.98500264632904,0.10053066293362839,0.15083401002115532,4.989165736006141,216.92524760268773,0.0919244037577137,0.13679174019964302,5.367347407046725,234.81398981593466,0.09926399059016351,0.14662603606042104,4.722753275009403,206.20663852197058,0.0868802308541377,0.12931504300269428,5.490841121476577,240.1126789022712,0.1011477843560347,0.14997911890797397
4.818337872038453,209.3484196212153,0.08892577509953042,0.1324835154383856,5.083038237741972,223.04186719901313,0.09348346779849415,0.13878449425011172,4.658360470863156,203.2856486167761,0.08590801384316925,0.12555227625258986,5.232596996722929,229.65618046725788,0.09621026369963373,0.14186630171815928,4.771338668877295,208.27395228864302,0.08755696493433651,0.13005334497965348,5.118110586141658,222.78747436492313,0.09438059473783403,0.13983684592987758,4.738290695859202,206.0111560283309,0.08742582401482664,0.1283187235669576,5.207877915541203,228.148359670655,0.09555993744876698,0.14167969760582036,4.909201843195314,215.06660661056895,0.09058720470514152,0.1330025517394415,4.875403691218025,212.4533607991588,0.08984042899990817,0.13235828367199806,4.6675290932287234,204.6389025125709,0.08568494550400542,0.12683984011830607,5.223981868258256,228.7015760584584,0.09610721131561231,0.14311728919694064,4.819124751783168,210.46628665728463,0.08837941585693657,0.13235179488193444,5.08654599068795,221.9342313234297,0.09381944020806443,0.14042006050658334,4.551963525455807,198.96444696786776,0.08371656981593452,0.12425048909847151,5.236897866212772,229.52984696408663,0.09613319697832139,0.14228292305705886
4.825749934970015,211.04289440037803,0.08872345221844001,0.13255268023524722,5.117940909708537,223.35697139368514,0.0942959357293717,0.14041531736486806,4.6928252938227795,205.18626678217143,0.0862328481145615,0.1280390893038607,5.265813997755535,230.46428060924129,0.09726240017011997,0.1433182494703709,4.789826107461378,209.9307152641636,0.08804240154069083,0.13137451697233513,5.140308109915873,224.62258435152134,0.09391368515013093,0.13964393238207504,4.678937401970176,205.42205543492062,0.08586561573731635,0.12795381469675424,5.235869869579725,229.759008066707,0.09623989787221429,0.14386327399297832,4.941575787139925,215.5837855195857,0.09117018275748336,0.13543093925442978,4.903601587006688,215.09256086849942,0.0899582920767578,0.13244310181232075,4.701277439909896,204.50383036653935,0.08622961370337422,0.12835514960173644,5.27997596240598,231.08004944369932,0.09717959062782419,0.14328469863072033,4.851233726174077,212.7323792531468,0.08870258529913509,0.13263913196080393,5.102897860649346,223.6383029657925,0.09411072848782291,0.1404043347754437,4.507526230472322,197.89843870647846,0.08317022294331816,0.1235400846989008,5.247051720267333,228.89731269095546,0.09658677679195297,0.14323908138683755
4.845961098547812,211.88525718451456,0.08928148969274305,0.1322902831412808,5.130351610500527,224.75284984666754,0.09441904783080704,0.14103840426418982,4.681305036303196,204.02596014869252,0.08668294143972939,0.12808652695662262,5.3380835440831005,233.08474906225948,0.09809180478245756,0.14525320934200156,4.759148066244922,207.56240033191955,0.08699468185006554,0.12923538457175568,5.160066264836332,224.27305858620804,0.09452860068937617,0.14063629448673323,4.72477366826166,206.62749699979122,0.0867787169522388,0.1279270744488194,5.3096209555912495,232.0472152019698,0.097911274757102,0.14477144923535368,4.943328445956281,215.49134116423045,0.09116397481594138,0.13462380326422796,4.92991261577075,215.10885226646542,0.09062294305115783,0.13382976217355397,4.685491671860161,204.59404007843668,0.08646615336158328,0.1283338777587039,5.3477453870130205,233.75251822218317,0.09771882248176494,0.1457684683409517,4.8385246735935175,211.1864871949396,0.08912530302257606,0.13191655382023676,5.070958021244007,221.959240199747,0.09337826190690333,0.13864715709894965,4.5713883462210685,199.58250724433768,0.08419202417927363,0.12451275897538311,5.322277372357407,232.6053104193066,0.0982000843197878,0.14723404848013263
5.000781147424428,218.41150932830584,0.09190775380630142,0.1362849481218336,5.44364477537614,237.62539935276783,0.0998831939743658,0.1488431577930949,4.892130357242595,214.44861418027352,0.09013740470129158,0.13358521240835622,5.159827284398306,225.08198583154066,0.09482605627781372,0.13994193094649574,4.83329699444111,211.67710303628195,0.08906194712810796,0.1318736425566769,5.310607909005148,231.96706222836545,0.09816243524215373,0.1464910529924031,4.958379607507686,216.21342233273666,0.0908091848048487,0.13537193312624093,5.172725306833455,225.75362050669287,0.09534788173609803,0.14137618682838235,5.1005284397212085,221.63124396691566,0.09402239454928443,0.13926896482026188,5.085112682145539,222.5655505737416,0.09364628514665248,0.139617972844653,4.931236771390195,215.66143792413362,0.09086623029148626,0.13480095635518996,5.23997036639974,228.18498751722234,0.09635386506823002,0.14214466106146614,5.0479393261086045,220.8683272918565,0.0929419127822422,0.13864404358335194,5.337238179068148,233.3183195838604,0.09804738629672398,0.14761050314258212,4.679368000049076,205.414062293549,0.08575538324351024,0.1276417292340822,5.1721780465829905,226.16006947305442,0.09559543784722616,0.14100997367437965
5.072060273528651,221.7277387201888,0.09358489324340981,0.13735682276444286,5.273769591111586,231.0874011613221,0.09720158939829106,0.14369448364690016,4.794402451459211,209.83083801036076,0.08815230806860372,0.13088992276493425,5.373004222133336,234.05860015782213,0.09915683098708684,0.14701318699609195,4.894362331631891,214.8951981723681,0.09000412296904035,0.13526023850553495,5.163511127693651,225.67367400992904,0.09517478087064479,0.14166672689264498,4.875617859261381,213.44362843949736,0.09007055743411518,0.13260269648603978,5.33547598019738,232.79395119164863,0.09856784314710128,0.14594457953532824,5.169359803767038,226.2996374122912,0.0953305227824662,0.14240317959517995,4.943339673755503,215.34355443113125,0.09110773640763713,0.1362674685872044,4.846098097619576,212.71048343436797,0.08943201087553612,0.13316669412990162,5.395394218817517,235.85711730743225,0.09897610212553797,0.14757014286917855,5.114899561195025,223.7284782804663,0.09393655280772874,0.13941540287466123,5.158782295352405,224.55484134697477,0.09490495967436535,0.1407183133974172,4.7100797658976035,205.30393339073467,0.08682789338956316,0.1267519761072246,5.3765493923934695,234.81551902717194,0.09908588837229973,0.1464172863988919
4.957364152185212,216.84504203483783,0.09127252231970394,0.13505690241882107,5.502875148036797,240.19847189604525,0.1014659656052819,0.15030974158786145,4.960210011070059,216.65976592050342,0.09185364996739828,0.13400542236749194,5.4809363655115,240.02082284045554,0.10077709782999547,0.1497570298820837,4.9234575575846105,214.9051598151567,0.0903857341438751,0.13492572162230368,5.382741967829508,235.70004195263942,0.09904055333955539,0.14885035758604598,5.059011478962032,220.3943384650696,0.09307590663440256,0.13660402155714824,5.45466199211754,238.01570476659998,0.10023990903664924,0.14791716945440275,5.092691650443616,223.12788728384834,0.09368593411031947,0.13896857226408485,5.1937089788311415,226.77003611905593,0.0962212953476135,0.14362725727656908,4.993905779742452,218.28218317653716,0.09152991040137523,0.13591675475049625,5.481747958839325,240.5977873665427,0.10097838649349579,0.15045488518518493,5.0018440282765555,218.18963289669068,0.09262837681999568,0.1361625195539678,5.4261618676365995,237.03992061117188,0.10008737208397593,0.14633980728896978,4.939824484190749,215.29024590557037,0.09109290398861689,0.1350006263047701,5.513921621003492,241.3219098777101,0.10147476142778766,0.15042575282663337
4.933373691018568,215.1754668719725,0.09097120957024363,0.13397801351000765,5.30780353757352,232.92530037317516,0.0972475306483953,0.14608982349765778,4.773281347076976,208.47930050893217,0.08787198528290836,0.12956063551108066,5.216464115709259,227.9405918793027,0.09587315705523203,0.14268562693800899,4.791908519737984,210.35574659119698,0.08745454599704086,0.1316434295956158,5.223990896197236,229.46552886016724,0.0956161026411059,0.14361663389680995,4.789526622595364,209.4572132420331,0.08830373245060466,0.13088891078651774,5.215269260382376,228.07444552242825,0.09559472140058418,0.14174366664728835,4.976413736626862,218.6140733710112,0.09111820557769072,0.13542971884357596,5.045510002539882,219.7678362702498,0.09258960464215477,0.13863507014646728,4.805465681149919,210.42419674178058,0.08840509798706246,0.1324720413713299,5.248627676554646,229.83132586446123,0.09677829441699391,0.14328557408300222,4.949474844459165,216.33591780643994,0.09113201041450554,0.1359170399497331,5.215943414392337,229.09826739347392,0.09593409927570802,0.14337563744876902,4.6732784482051635,203.57504771237421,0.08621716134566941,0.1260658907351978,5.250844534324612,228.39158748001663,0.0968411778598132,0.14336414778947168
4.906477696814538,213.9136790302744,0.09073494815424998,0.13416748968884787,5.211233497761725,227.7133597786988,0.0956154072605283,0.14280572334350705,4.8068156745854935,209.48592487361367,0.08843320023326148,0.13059666055657498,5.168468291185283,226.38028072454568,0.09552562870346434,0.14144555499575787,4.783160409054731,209.29673523913632,0.08793687253787129,0.13077755723548848,5.15953481933584,224.71291652073776,0.09470264635165462,0.13967944023955975,4.826439427041523,210.68784344559788,0.08930308180270335,0.13381370128927075,5.19304224697318,227.10560614582025,0.09568291057130933,0.14370134108937754,5.021377464161015,218.75236314503894,0.09256901066208525,0.13657246628580602,4.932703234602442,215.65296207039265,0.09038407305790895,0.13396616370983436,4.813922169369994,209.81422632409297,0.0888975273876504,0.13129859171981173,5.223868491178033,228.48159427402598,0.09628279512446525,0.14318960590622323,4.987894009729196,217.33294880632857,0.09209203150450267,0.13629173800483352,5.120031970044992,224.79673130138352,0.09389684110594398,0.13989886384127725,4.631129073889591,201.8999343313187,0.08547009560566679,0.1265237871606513,5.207119507078523,226.89177648780446,0.09557018393059913,0.14060946121689213
5.02166993775766,219.83464119444136,0.0925394663200515,0.13570953754673448,5.6028825064918175,244.4928068130608,0.10337839497937427,0.1543300180762815,4.905687730329582,214.6207692544221,0.08990849858012791,0.13384954499481108,5.29259186853078,231.80514104629293,0.0977179155727672,0.14564283105280637,4.922503042931955,214.70257775579643,0.09058424335499835,0.1345022329201754,5.436040512366938,236.7185160965321,0.10008963337556605,0.14740394224760295,4.991248595581677,218.21305049893027,0.09161354675492324,0.13660118330110102,5.302804423270022,232.41167961349169,0.09726969756667687,0.14644968605766764,5.096662814225424,223.21010149168498,0.093635971128748,0.14001269762435256,5.214891742173926,228.16561019156276,0.0962921777383437,0.14335339164038846,4.94095357325112,215.5583466692768,0.09112747758183935,0.13434695975872726,5.402327957097926,235.54924298018483,0.09916916615775397,0.14827986561315737,5.1048034440597,222.95615264391628,0.09435677369322659,0.14066253734011866,5.491951785433947,239.53552337970902,0.10152513344907622,0.14982838635417947,4.763522811279847,208.24028513596485,0.08758041760218198,0.12989750913185166,5.363404555755341,234.0701753726945,0.09907464695512379,0.14702369755138164
5.13615865771229,224.10804340236913,0.0943988842172038,0.140712539092883,5.466334267039896,238.46899142757016,0.10041801246527468,0.1477640462252057,4.8721588787649495,214.41151534647827,0.0892354014353947,0.13422840382373324,5.4337677584305135,237.65743798398393,0.10002262130269911,0.1488501148985724,5.012603872137186,219.0347906211571,0.09229315162877602,0.1355655560909005,5.350591806143564,233.7872439795177,0.09823722525922332,0.14603556383656593,4.970850065834135,217.3701182833357,0.09172109429848825,0.13609888867758238,5.4206603271476945,237.56810565655388,0.10049978974969517,0.14932909095604446,5.282463287028195,229.23504512754013,0.09728366597136383,0.14305017319706145,5.126888027233446,223.96090467686864,0.09413828530036404,0.14046645283537848,4.936159117120274,215.9490169434187,0.09124069950060923,0.13567115268112442,5.468767989836967,239.3988049988837,0.10089429388008785,0.14850375590825732,5.187821153550527,226.69779799578367,0.0956466375545154,0.14137488453222116,5.318292148910162,233.1338013577878,0.0978317207533097,0.14527227107766388,4.759037449137656,208.21391950301248,0.0875970666134152,0.1282388488919727,5.475893683021793,238.64501557360487,0.10085000871929126,0.1498730327973775
4.813630797203714,210.9535680395712,0.0883666879416374,0.13183030102329052,5.322557694435111,232.16521236815962,0.09798165769491407,0.14421957243465242,4.796161019839407,210.1571970266625,0.08839063900023003,0.13162670418901226,5.351436915105602,232.9769746422356,0.09876355900054061,0.1457022116232044,4.7763916339220795,208.72320316044244,0.0876946614918588,0.13188565321405013,5.290585301395909,230.7628441033163,0.09748793788783393,0.14369701248809433,4.865904703204734,212.81510923941542,0.08770362564510768,0.13404011684848052,5.291976357018007,231.6512911646356,0.0971906892348246,0.14530180237788945,4.949011122421123,216.23957125664745,0.09124139334030472,0.13384381747574386,5.054230571470575,221.55818493499817,0.09282537250737102,0.13898069036004854,4.81804002883379,210.57054257306743,0.08866434673568598,0.13117922353308845,5.348211741241888,233.82604191493684,0.09852329643050851,0.14602934231293777,4.854233962301526,211.84228242771562,0.08949302279326264,0.13301764537588598,5.310291155582437,231.11752018426068,0.09769181232488662,0.14403467504991235,4.716541770653467,206.30678622480275,0.08696411476371659,0.13072468638917806,5.339750142048429,233.22010537896276,0.09796848449767444,0.14466131701832238
4.941569958468089,214.54027263936064,0.09140123776112184,0.13286546475340205,5.209349372932046,228.68973725949058,0.09575126251354406,0.14347039600257197,4.804082045515407,209.66166940693807,0.08845626020515665,0.13135932811888876,5.119410791474472,223.709312279276,0.09460969294698093,0.13959967769106432,4.785465408728245,208.9055683564256,0.08818084292535784,0.13091367006982554,5.169107138668804,226.20692479755104,0.09496858190113372,0.1418556807726815,4.818599124437624,210.31834640521615,0.08877376626842823,0.13005768793991784,5.128137408540525,224.33479951417195,0.0944521515622269,0.14159662904642842,4.979506115273552,218.06964868904512,0.09130422366502472,0.13752729044299505,4.97793201675116,216.86750500008083,0.09170319816661297,0.13624326322161506,4.852422395368945,211.25981373531476,0.08991672480530957,0.13174067509575985,5.134041984716597,225.05712526314804,0.09438587687294361,0.14118503066923785,4.958743344943511,216.74194215263032,0.09127953709728562,0.13502474137410045,5.178435666107509,226.4115738489953,0.09536975733363724,0.14178387664190734,4.644697391221578,202.67893968547284,0.08558921337129977,0.12702093211747212,5.1424664776434295,223.96301989754718,0.09450279276448938,0.1403052383272803
4.7815354336640326,209.55037913942175,0.08814385289732607,0.1304030119911686,5.114620562025699,224.171101327488,0.09415774954256607,0.1402074047089618,4.585295906613842,200.80287035816357,0.08430526146665185,0.12575762737501514,5.324682791820965,231.72915049099885,0.09784066520538692,0.1451266668507237,4.769249051100206,207.8916439845786,0.08772647790265259,0.12967359947699136,4.961143532406081,218.17959021878553,0.09104353232474323,0.13651055954118516,4.74659319128328,207.73589624222288,0.08750709393618117,0.12897894400973467,5.272950315218051,230.820864438064,0.0969893948715229,0.14277241338818372,4.926308328894399,215.9178048403602,0.09083037201404624,0.13423117868114265,4.768502717182152,208.7879615964167,0.08770418930561623,0.12968429502101386,4.599316988511165,201.41852218796035,0.08493061879833529,0.12463215179084583,5.2968364703091915,232.09665564758868,0.09785432930365658,0.14303512778620217,4.851373287115404,211.19064223159796,0.08914030140268818,0.1312706623988044,5.03602881651207,220.1381611951549,0.09223369335200576,0.13497109766046642,4.532023319298026,199.26056370644562,0.08290776426005256,0.12444747196036919,5.331393547766702,233.1363053960607,0.09776443573978469,0.14607675316540045
4.820660250916893,211.1860582503887,0.08855981195901698,0.13274156267839834,5.454408536629526,237.37849403221685,0.10084846140266249,0.14875619921780567,4.801046992229047,210.17751746068575,0.08843766957846509,0.13104513941058105,5.607905464481403,245.22521916662922,0.1032443514791769,0.15457795798747365,4.8696878878938294,212.66512143179767,0.08933738168632745,0.1330842898728269,5.30469612106619,231.70130131038272,0.09762485271769492,0.1441037213857174,4.997940016870364,217.53191444177668,0.0922615568926256,0.13580258337302759,5.608371966549896,244.00077728765888,0.10317379020641908,0.15122463199828118,5.011040790767637,218.9488155222094,0.0921397769954136,0.1380115409205456,5.07451424897525,221.81038030092833,0.0929452840697179,0.13907122866639834,4.80467864919509,209.66755837292257,0.08991396521238355,0.12901079786806927,5.607689732544422,245.75718911979334,0.10326089134102931,0.1544655431548218,4.819178948153578,211.22978558074396,0.08871987218740174,0.13103414831610577,5.352443580536468,234.34294246761226,0.09873284574506061,0.1448300415127404,4.731957987234376,207.62141734424674,0.08728222347393899,0.12948987093912634,5.660085802890169,246.72369068447267,0.10495654733067011,0.15621825822717175
4.895144975091623,213.43725462699643,0.08966472116961999,0.13278079072113066,5.36449867704926,233.85682863331215,0.09904045098539521,0.1475897568686564,4.677487901474868,204.950345000673,0.08575325591872954,0.12729695487532408,5.236644647798924,228.57466587017115,0.09691089779597943,0.1443547961607178,4.769324682396815,208.30496772639913,0.08755970919515187,0.12935354991263162,5.273613227403903,229.91427792461135,0.09709979904714376,0.1436145188399035,4.765560069384855,208.76622643507486,0.0876689497751453,0.13088293227480907,5.241044914825498,228.43555903611988,0.09681551615837121,0.14349437525130596,4.934483281040314,216.25158644200275,0.09088700492243247,0.13403712539442425,5.0759986986579175,221.42022911084584,0.09337376184073219,0.1385856696159015,4.703233528483088,206.4145161224754,0.0866061567954949,0.1296391179031212,5.285790600759564,230.76724670062674,0.09710794840801784,0.14525688396520245,4.894925194665667,213.60113554347,0.09029892547218248,0.1338893763561764,5.2718833046302125,230.7450457256727,0.09710355306403351,0.14288210581439162,4.550047631787756,198.5727488829493,0.08365803066272419,0.12407649586157046,5.288275710631467,230.34671229398714,0.09735519565545733,0.1433034459501938
5.0368005915207945,220.20379068423915,0.0926285809098236,0.1372483284365501,5.492138443503279,239.53218234781428,0.1015799795135631,0.14977282608567885,4.877883255035458,214.18014296930883,0.0897318325619022,0.13383310761469802,5.444165978239463,237.76066933757042,0.10027152894497722,0.14855750089016334,4.954095819455805,216.53598835827012,0.09139467648970225,0.1336759996668026,5.369480495708403,234.62654625909852,0.09876632594792599,0.14793047331097048,5.003766022783597,218.71400166132148,0.09226887219652849,0.13713584323780031,5.423413037013603,237.66766155625538,0.09995727625073236,0.1480827390970528,5.164253230936019,225.15277146619667,0.09502522687881919,0.1416750029483271,5.133183967050805,224.72590176910057,0.09446812873104464,0.1413599253959569,4.917365486901435,214.43204151906266,0.09051482099333677,0.13355415273303922,5.504922641347063,239.7989137426423,0.10108806136247199,0.1487327217916845,5.104119768311447,223.004133125941,0.09418092371168936,0.14035750561936933,5.404211944399889,236.2008129384759,0.09941622227277884,0.1474889984719242,4.76361775882817,208.6126148044305,0.08781634646684919,0.12955671712017702,5.45129987283525,238.83328500621448,0.10028927679311546,0.15020700693294958
4.815337787902665,210.9412180978629,0.08885259612503109,0.13125134235105215,5.3167776838498915,232.93401093564748,0.09846785078148458,0.1466532244150313,4.866014611669471,211.67632066915314,0.08959016563033732,0.13179021673597527,5.210521992392309,227.96022624260132,0.09627738777977941,0.14280763992903753,4.732032626994144,206.51079541918753,0.0871107994106557,0.129937203380572,5.2628754806940865,230.0272788556737,0.09700249945788898,0.1423912840317098,4.839845783164941,211.99517083111508,0.0892407595686108,0.13355929388886342,5.210743033847084,227.5054129033176,0.09565213085653232,0.14362956126135998,4.906422536821462,214.97565180345177,0.09030741050424218,0.1353060356914018,5.054690672819607,220.68384635218501,0.0930211026915755,0.1372485245401195,4.858581782395429,213.2359646437999,0.0894867012262845,0.13185570985456624,5.281214505667109,230.8031652535795,0.09704691861364009,0.14363022794214123,4.880116208031271,213.32846133780362,0.08924340972396784,0.13295096558474745,5.252130065854857,230.23667999949288,0.09666001856032161,0.14395048388397716,4.69149953895872,205.25935941647327,0.0860488798791228,0.12912415622793488,5.267477888911973,230.54780092846516,0.09689547121411199,0.1409106882792771
4.949783813297709,216.46156533061452,0.09132129235216446,0.13504744182988562,5.235047072705276,228.06336052253673,0.09652674727755393,0.14426180619625498,4.891697275444163,213.65783667111674,0.09022060702276159,0.13225759538210313,5.444254526374438,237.39495483423775,0.10051452611718507,0.14850742583894866,4.839051927157476,212.17267021131056,0.08913105172446976,0.13314930399665598,5.136261301843098,224.06473902021057,0.09424812972081004,0.1410643259348853,4.918614003422864,215.5770453335837,0.09047786266179987,0.13478319225189458,5.41160219869748,237.2527207344708,0.0993066668745316,0.14913563448154893,5.089165021722957,222.81347064756315,0.09375028161859171,0.1385910819081026,4.904774562593029,214.52841109840875,0.09020745606219283,0.13334624130799233,4.883216952014926,212.93143892687917,0.08992873912484362,0.13242105089948136,5.470489354332509,239.38568894317095,0.10095011320016135,0.15011814804180593,4.960543963392027,216.77636317687066,0.09164802727249852,0.13535592199271634,5.132644774023401,224.41288818054954,0.09446970563976488,0.13999693898562546,4.756298686572947,207.66365236432685,0.08761432634131087,0.13070864318191985,5.455629256955244,238.26611865148146,0.10061338117759794,0.14828079974195357
4.8104811360737685,211.0851323762185,0.08827644947407771,0.1319363753998183,5.2655997098568506,229.89534934964598,0.09642404591152824,0.14344354541761095,4.8223537044645655,209.33771097004623,0.08931273126367299,0.13082429877599386,5.389638605962962,235.46887826147525,0.09908863551260118,0.14614030967695277,4.829790666029061,210.84816558021092,0.08925974453772981,0.1305473153247975,5.189856289993765,226.56778639284798,0.0949972870925198,0.14169722787923192,4.878283614785635,213.66547419557418,0.09001502777418485,0.13403861158863675,5.349282935637902,234.11527151165637,0.09865893281448282,0.14625735917808,5.003443822080879,218.41595926785223,0.09189887081369777,0.13556611811763147,4.940446551276091,217.160545141369,0.09071269457191025,0.13399771801531404,4.820422517735045,210.8178710034638,0.0890382667382997,0.13191336029756803,5.418999880850342,236.95123287182284,0.09975014024748344,0.14788656547667642,4.951919376957556,216.1629637823426,0.09113081716930804,0.13504709058915687,5.177141770659516,226.40600845733354,0.09504278493752052,0.1425647625070687,4.698584858428812,205.0354091716172,0.08641405934338596,0.1288381374209673,5.385422807252907,235.97291983838514,0.09892500854263345,0.14715046567294998
4.946762888092758,217.1268634892775,0.09127456404736263,0.1344601484812703,5.386825669129811,234.63787152029795,0.09962196745106436,0.14642061115026772,4.827848196442982,211.04253534986123,0.08892575188355697,0.13196305669938574,5.240346660270818,228.96200267777164,0.09622996683866916,0.1432812868958278,4.7867544502210295,210.35544719730424,0.08792985686071778,0.13190178768852284,5.307346786610193,231.94323876628303,0.09797822284963917,0.14512503243002303,4.857619985071046,212.94819846846133,0.08928494318873166,0.1320022219049645,5.2737806718128635,229.90805031196746,0.09655950454881232,0.14342376747617264,5.014642857149618,219.14519287604594,0.09237669665040067,0.1353278481031123,5.084793971478497,222.80784365856022,0.09309373361946398,0.1395304757616154,4.840307410490749,212.33845308069198,0.08900640469568241,0.1336733048197249,5.292530392251974,232.17689974776138,0.09730988598998254,0.1437872696907525,4.981715978284864,218.05582281630393,0.09152138369310159,0.1368042113618787,5.31358903084306,232.17004313708594,0.09784342389512378,0.145011880860498,4.677198828421558,203.94415630516224,0.08652394738625879,0.12870921161289445,5.297628193092061,230.4470981489741,0.09744314288511804,0.14458580555631967
4.83319699003751,211.4482225366484,0.08908917833725873,0.13141194050006016,5.2260444115783935,227.35720655878885,0.09638320846277813,0.1413297997156275,4.639797613605863,202.63044716329128,0.08600079813203644,0.12703966885908896,4.927216146617032,215.9627791983776,0.09109005292346564,0.13722939605183987,4.670903275561656,204.2898119719632,0.08627737416227413,0.12791659883359938,5.091089468430317,223.45266298050305,0.09343411940260679,0.1400253821315046,4.667001392064799,203.60084113684678,0.08587398696430909,0.12865493275603887,4.977835582621999,217.33487481041774,0.09142798944304324,0.1352888717193529,4.890488489720063,214.21873196572562,0.0895673318163938,0.13353083392335294,4.929623564697437,214.9350460027225,0.09082080483932675,0.13415668751610074,4.728534468142837,205.77834666038163,0.08742741684264273,0.12830387801474943,5.00591848310971,218.85852577955114,0.09249264984736132,0.1366208773350705,4.859723378934118,212.86162860284605,0.08946635100286476,0.13214523342343554,5.077949045293174,222.51603159630324,0.09362985953270239,0.14011270248681348,4.469808490913757,196.2793955561906,0.08187296676308063,0.12276510198881081,4.950497970264598,217.5426065547703,0.09118914440171765,0.13441056776276045
4.706221579872697,206.27210035374648,0.08617516818579883,0.12760898631549597,5.289666598459219,231.75266342513575,0.09708198042901746,0.14574415363985305,4.816913956424727,209.94628145437184,0.08888168346053736,0.13127276757319875,5.1219501927938484,223.34707492527897,0.0942630469257463,0.13989380396214363,4.654040384631042,203.62542572018955,0.08575491044828042,0.1248398422429263,5.2213923887351035,228.73874481112932,0.09631489311285471,0.14156193301671566,4.764361656577894,208.83197244750272,0.08776022338248365,0.13055772944345043,5.088348543882937,222.0900120309885,0.09405749374864836,0.13726885206714282,4.813088306158081,210.431209747983,0.08820302902639904,0.13080737074553433,5.021609973813921,220.499311545364,0.09229864992659972,0.13714138853681546,4.85606859451223,211.4698872066402,0.0895165294673372,0.1334397672467168,5.160786365053513,225.83689156106206,0.0951013616059204,0.14045499945512677,4.740617120844094,207.46412390302257,0.08721690767463856,0.12994857755613506,5.208007285865861,228.71664330157674,0.0955949350448054,0.14347893041075424,4.670251341211594,205.2696391412368,0.08605559382634655,0.12654501545081967,5.138909676954561,224.4402104816106,0.09473503128132149,0.14028253421703607
4.792061869617865,209.1855315708049,0.0886514370085214,0.13265545220229522,5.556699920023133,242.35221682153116,0.10221466797430853,0.1517403091248414,4.886737515274924,213.1244605439759,0.09003816263036005,0.13399997918514606,5.228671913811953,227.7719333082163,0.09644175590714947,0.14220069570326238,4.721262969706791,206.94772681456192,0.08675301142399279,0.1308330870196699,5.3614328282085735,234.06687260243947,0.0986210730224827,0.1462303862415034,4.965563558887867,216.67314914020048,0.09126667849729259,0.13542724861080713,5.223760288023297,227.4271089431319,0.09604696518785723,0.14204348425912183,4.891771796022376,213.25675493297356,0.09001268258288818,0.13325041221276165,5.1930024746697585,227.19767223603037,0.09535676984109173,0.14237061825955488,4.910132720885907,214.63025991823162,0.09058281042094248,0.13476680182697015,5.331269886127184,232.3409591995771,0.09800507556305549,0.1452692424194053,4.897922036573243,213.55266225471294,0.08984574257758939,0.13303572372213673,5.420042707364584,237.8209858798233,0.09998635910609374,0.14763525844886474,4.703963213713065,205.91855886980247,0.0863765624977986,0.12938581174218103,5.296494976566383,232.1897937899927,0.09677214784039755,0.14506961840788574
4.981494701290483,217.48578036366143,0.09180734178584447,0.1365565619239288,5.297268289601533,232.6615606693565,0.09736282743176419,0.1454878898960311,4.78971123296219,208.55325859479456,0.08842093482609532,0.12989679530741727,5.478926075643861,239.50779868762248,0.10126859083793463,0.14954875755589822,4.926250226719978,215.02935029075869,0.09068129310958584,0.1341665975456163,5.281019723755639,230.93190792320746,0.09766454700696911,0.14367246381720342,4.892882556703543,213.78703647115654,0.09019164607049059,0.13336331873706309,5.482261366529975,238.5668002145233,0.10120402253011014,0.14981749533891117,5.135610446582409,223.96202077988121,0.0942159033189444,0.14068319156459552,4.981400759076607,218.42806942400625,0.09155217958385013,0.13609100207106492,4.7768874825884,208.80998552012585,0.08806214752172901,0.13004513409614574,5.490282280903072,239.5560037287064,0.10093506582329198,0.15017809471464458,4.994360391371209,218.0291724573283,0.09216126528632004,0.1379108678458664,5.27485494867104,230.3884923476024,0.09754452423645459,0.14446652721415212,4.731251067840647,207.26422270487595,0.0867435596102711,0.12804218044865667,5.4994843237147295,239.76099353853462,0.1013037423328439,0.15091675713828373
5.043312990286976,219.68274067262558,0.09346356533435361,0.1363455609299201,5.300124660377623,231.1908744149406,0.09731326930507522,0.14470006589863846,4.853587823365254,212.32472866543054,0.08928895757817035,0.13457381845973496,5.585801405493692,243.64351897042417,0.10294007973065264,0.15199587818147783,4.951444129545401,217.67935043902222,0.0909500530271313,0.13612677311680124,5.253841045781545,230.40601294039476,0.09632650689905412,0.14342090505494584,4.9504057406987405,216.2708904840086,0.09120142144537743,0.13436141611573557,5.524054334265299,242.35293431416878,0.1012006112670173,0.1515945010222489,5.1965105584662235,226.84817237561234,0.09568883364780215,0.14128181564790188,4.984713452017452,218.42213094783045,0.09169633785750905,0.137117691519873,4.860754734092127,212.7550963965389,0.08936445304223935,0.1337328105294769,5.5772766505609255,243.70504765440612,0.10265014727590331,0.15280668619258111,5.034182025601719,220.56689468550198,0.0925836623480041,0.13827910137646612,5.2362877878822065,229.28353347353962,0.09631270297382125,0.14355936594346563,4.760658509930573,207.92139344347817,0.08780575745470162,0.13060462703463618,5.5414312480302925,243.02972789528437,0.10176338287474264,0.15328981203866288
4.941407422730583,215.99717734549156,0.09083328846993811,0.13432994203621346,5.471141783572558,239.00748899670953,0.10095997298277419,0.14963989970378566,4.928909802892855,214.42580216895868,0.09066499536295015,0.13408958618103037,5.2713642039139135,230.31430415428164,0.09691447385708966,0.1449215064700307,4.833866544296457,211.24493183842455,0.08894355492500497,0.13198466307391893,5.34306916869669,233.80368113475976,0.09850457972867682,0.1476126633422912,4.971444651159434,217.0437822470967,0.09093892221877924,0.1372562846255667,5.275881658440943,230.57907414456494,0.09705922920263102,0.14467279754005385,5.0681876692719126,220.3266075251155,0.0934978962073253,0.13791637002586263,5.147800892550465,224.83982433004564,0.09470534482991896,0.14250133765666148,4.9124429711336335,215.08867813498682,0.09009494395855387,0.13335450503521365,5.297299034612605,231.506392438719,0.09791302203591808,0.14581340099890863,4.98395595029908,217.54697521892447,0.09139068966431185,0.13668830828852366,5.4337784734849235,236.77911799168828,0.09982594423715158,0.1480211845868435,4.783944782000399,208.71533583193343,0.08814848519191455,0.12973887293461578,5.276612742357601,230.13226245677814,0.09742190509122824,0.14419987431460254
4.881662648886147,213.65982743707266,0.09012454955455586,0.1333359005574481,5.268334262252214,229.58163780053275,0.09657487862634548,0.14411004599555596,4.744873038387104,207.822112494134,0.0872902167247065,0.1307777903740827,5.3457876856233,233.06744154394198,0.09849798244227494,0.14646103450449305,4.794898925920363,210.10017006366476,0.08805311339091369,0.13094591040219478,5.188100796451627,226.85619822282302,0.09532177238386039,0.1440441698689892,4.7618975409541875,209.473286741763,0.08751133352374431,0.13115128160714332,5.318961016149128,231.66572644493166,0.09805104772144162,0.14497441732432276,4.972518958677256,217.6009245566352,0.09155874661479958,0.13441483298038806,4.9436170039600515,216.05280146479183,0.09091490228724063,0.13482205593575136,4.766252097720957,208.59688574380314,0.08740772599808162,0.12806237153559538,5.34694239178196,233.51747314491186,0.09850530906690905,0.1461721837903473,4.913902486190402,213.98173654485512,0.09037235432424169,0.13293672649516516,5.1613671268885195,226.5408651725286,0.09497433726141698,0.140736958387013,4.620442685382912,201.66914706661933,0.08509046514380049,0.12759250222737104,5.352193903766366,234.16862784669428,0.09844895592496862,0.14563898852872129
4.866549503728432,211.73463967779946,0.0894759701349795,0.13346068638572547,5.209035256434533,227.3478508573418,0.09655732462932685,0.14200006176860622,4.7663117443731915,207.59168711082776,0.08783931290525916,0.1306040254060269,5.153917282534389,224.9901533860594,0.09508365856873739,0.14246484514932944,4.7365496283746555,207.8392638633878,0.08704376195138576,0.13033556815754202,5.11017898067329,223.402762104976,0.09415012046334403,0.13884457841167172,4.839829027686671,211.81414938939508,0.08892845554175481,0.13275007186045035,5.144811512144494,224.84138446644786,0.09487847149781768,0.13992310482606238,4.953777759931315,216.39622003567573,0.09137741452988828,0.13551338924812475,4.895602148743009,215.02092254029705,0.09022119682313204,0.13397447551734007,4.774181117997433,208.53179174263053,0.08810734292269763,0.12898323130106856,5.176862818074545,226.99624282954335,0.09518329761927911,0.1431160506957196,4.908256471999527,214.77918322257682,0.09031844064665898,0.13417555858127675,5.110116416121,223.4810835221128,0.09411735274506952,0.14068466634204269,4.610158455591344,202.78215698736182,0.09512952009425572,0.1263294490423487,5.143475242493581,225.65516964053822,0.09443934227922096,0.14041596221390715
4.808577440692809,210.16209712718737,0.08871764295072129,0.13169119922395076,5.093176415502413,223.97352889635928,0.0935367729782054,0.1422845088622505,4.655509703973886,202.65681568844198,0.08597262119668217,0.12840021618181174,5.13048285629424,223.8802887055558,0.09424224545057673,0.14034502599299456,4.701914349205987,206.649718598705,0.086697282161449,0.12857330051733873,5.099173342941187,222.12575215592773,0.09375896944061547,0.14149833341471496,4.750455365996077,207.2271569897967,0.08731717607555614,0.12991067692380462,5.129159271988021,224.27794711051493,0.09445616033932311,0.14101135406976759,4.929868574771281,215.4371678096802,0.09088490166621545,0.13322530230150212,4.86752938572356,213.36281252083705,0.08938607467872754,0.1324444945715248,4.709679969505672,205.34339327435865,0.08701815520682615,0.12916378129908923,5.150552503120778,224.54684349882953,0.0948797407057519,0.1404071783184095,4.890924459288094,213.62085258400595,0.09028852051255064,0.13241102669774243,5.073383380124141,221.5457533060988,0.093287297435666,0.13731187918612653,4.522792903119889,197.37393460562956,0.08368168868528646,0.12315720576478276,5.0905435539885655,222.77329535223504,0.09356761223329037,0.13773582927414357
4.991618989417068,217.98435555689682,0.09204019384921278,0.13612608513509045,5.385930005292065,234.91369340287167,0.09875000460042196,0.14603537911094175,4.823116188106784,210.7714811866984,0.08874447945011198,0.13123125032001004,5.300822605628708,232.26343259382418,0.09751313970938036,0.14452239094505973,4.896367599595232,213.69605151857027,0.09022766961002283,0.1336170967166004,5.2180855424373895,228.17056964758416,0.09583159284588405,0.14313455575172096,4.9013200914379915,215.01072224010537,0.0901277899272614,0.1342706975417941,5.313380117674871,232.78494818721265,0.09792878257789732,0.1444046762626465,5.10287663738085,222.8287546210804,0.09391194512805152,0.13875147047954423,5.012758054532705,219.10055484856522,0.09264758033003806,0.13913465799879451,4.830117389033505,212.01153528710037,0.08879181000526072,0.13201610056984528,5.34836388080973,234.5444471884698,0.0985753073360383,0.14569759130640955,5.05464928001388,220.5991826369009,0.093274962917601,0.13745950068028592,5.2573894663398715,229.93254836191448,0.09667500054771598,0.14416838125321654,4.6066706805262205,202.5502326433492,0.08470215200079251,0.12600104987845495,5.365435991508577,233.69642105380245,0.0988225856275871,0.14745737896466646
4.886901497169687,213.71857096349675,0.08996765486019061,0.13378061634446117,5.263775461797822,229.86738558948187,0.0968831477265116,0.14379753413363125,4.738912853285955,207.40682669345978,0.08766512459451352,0.13087631119170792,5.486347638294843,240.3901427909867,0.10121966287425968,0.15053689016704397,4.821486674888794,211.39036868195953,0.08884164212463032,0.13253637915680655,5.221182181472053,229.04191109412355,0.09614954944413187,0.14304370989339132,4.883520413901828,213.49385786591927,0.08925484612852695,0.133355812173813,5.461819932705392,238.34750672905912,0.10060133438853683,0.1490094804799806,5.0254166042255015,219.00332528484148,0.09232448420254002,0.13808212955002772,5.000627841744316,218.34269205034198,0.0917926957392,0.13603182218925586,4.782281483946964,209.23722737816044,0.08800647963818738,0.13150343485475996,5.4582804568474454,239.59679501335543,0.10031061054434613,0.1504655051985769,4.873934449859077,213.2621907181263,0.0902552953610058,0.13394258141084514,5.215867124659638,228.18009015343856,0.09606163983681511,0.1429199779610909,4.734102068753985,206.5514662790077,0.08699967786081182,0.12895199568808904,5.485982351306187,239.7218107209526,0.10108741676043509,0.1507785617399695
4.975336912087043,217.32429246635604,0.09184150674401374,0.1351312544585938,5.53980564779212,241.25179236239308,0.10238294425386574,0.15102618889971398,4.8813057427176005,214.27852667213597,0.08934083621239837,0.13282260063981075,5.520474054788938,241.18801431633852,0.101508498891431,0.15053550672346275,4.933374437965749,214.14235599814447,0.09099569232029303,0.1348940143702342,5.488352290219593,240.6199614733684,0.1012220781161803,0.15120197774593033,4.986085080203618,217.24835263676766,0.09164586392929311,0.1364875258319823,5.479661404636463,239.2981825629971,0.10081679322260868,0.1514313590063688,5.0559979765985945,220.97192274967392,0.09302877028386951,0.13625121591335368,5.23174617593031,229.13020854533778,0.09614608262871022,0.14614797773286706,4.848144605029237,212.51030112915302,0.08931340635580357,0.13371941158402328,5.568088683230556,243.7726995108414,0.10258528103003928,0.15128629877934355,4.992915801305309,217.6013235551094,0.09178154464182875,0.13460337603179753,5.513570767856656,240.6044006555884,0.1014169805571378,0.15283853918306217,4.750585701242533,207.87302926604042,0.08724663442021162,0.12821167803378072,5.55086478122622,242.5858771830634,0.10201853212741775,0.15123866195398117
5.03540587078684,220.18498921371818,0.09296077207107532,0.13782800223487954,5.33858500061603,234.97846216102266,0.09807515129681096,0.14590030671009022,4.932724867020936,215.82619104834018,0.09062238197246843,0.13538576176252815,5.387345850683555,235.94368743846383,0.09917229613338865,0.14828148210044076,4.907012938543898,215.52468322316264,0.09019038428902916,0.1349708405878989,5.386454305653558,234.2115622119331,0.09919696695948109,0.14821820815336897,4.961712503962689,216.97987806067366,0.09112540517886443,0.13730191919920556,5.353108817592961,234.6506503913228,0.09870034286108843,0.1461023180925718,5.122248830980728,223.90634755095255,0.09433184565264759,0.14068563789200478,5.098717825796957,223.6076191969177,0.09383904337196297,0.13802315368388401,4.982966974044331,217.4421960732053,0.09220912660498835,0.13640576609949645,5.403682528646019,237.1686759919662,0.09892062437756854,0.1488520397000396,5.043596115059371,220.6767043484457,0.09300908355649667,0.13795396947030547,5.334535610327926,232.92411777319313,0.09777069070713593,0.14464142549519213,4.81877163537244,211.01944904268228,0.08879911702191048,0.1315118266018449,5.422656397961516,236.46710898627026,0.0995692065442072,0.1485878701451115
4.739927628189385,207.9016613542134,0.08723250477992141,0.13035486890356365,5.241163035730264,228.84982201700268,0.09618594790386913,0.14174000707386838,4.6938746376374105,204.9744175124896,0.0863220877524997,0.12962406874851853,5.055321545257763,221.49184769546008,0.09260887970952378,0.13843097386417855,4.702620140535732,204.92834199456757,0.08587108714451168,0.1280138280904876,5.12845361608964,224.88663685603404,0.09390529479616987,0.14056149905506385,4.718990192585409,205.70323780535512,0.08670513277085394,0.1281486678832624,5.0875644457971205,221.85171744375225,0.09359831370053692,0.13921364141763168,4.836824071870641,211.79246205185518,0.08894363136240215,0.13097578003659818,4.9338535918132616,216.1390746741905,0.08870917494820847,0.13508762448223696,4.665428719512523,205.3273360786873,0.08528105898365178,0.1294686614039789,5.132272895896637,223.50740404941547,0.09464053384676596,0.14068471803688393,4.814992062761458,210.19129126135354,0.08883386051785551,0.13213787104847674,5.157016246579605,226.02344146323227,0.09480829838636337,0.14187674261833053,4.543382820766807,197.95476441890122,0.08390109601269656,0.12283060416493674,5.125038719276685,223.28754681424783,0.09416997810184789,0.14053903594719772
4.921179233832782,215.86758848603483,0.09052425851990983,0.1338277858565273,5.214787068921455,228.3248048830369,0.09605983238443781,0.14314572372034745,4.754801392591266,208.11907608526795,0.08796039240334642,0.12917893599784472,5.313218201310788,233.19803605893208,0.09739122766457033,0.14569779539249256,4.843391823764267,211.8846104600585,0.08909924921972205,0.13261459602191278,5.125772660959724,224.19234633965382,0.09406034026912469,0.14096850080879386,4.882596985495671,212.5112746075938,0.09006873082209527,0.1328212291869743,5.313692131637225,232.26531829846172,0.09775118093202724,0.14301300161042357,5.068213376096369,222.34678413872484,0.0935264543118,0.13820405035671218,4.866410794190117,213.07859769342485,0.08903274235404544,0.13364188422991116,4.757476799857736,208.38741781938117,0.0874017998039581,0.1299841205226842,5.349547582500996,233.84659894806907,0.09844057663220444,0.14719410689919626,4.961586148996015,217.17361367872672,0.09120382219820532,0.13600539751894822,5.115635126638518,224.03269869917477,0.09453277484477221,0.140820213104516,4.6349427245659225,202.5763372944255,0.08516302585419687,0.12750534387014004,5.347567316355508,233.30727595944796,0.0984667968721396,0.1477638658888461
4.82118377092696,211.02261178404697,0.08891121665515604,0.13324178905734904,5.283887378030169,231.21014884101191,0.09751761145448387,0.1453912898026909,4.806490577436622,210.23766075062684,0.0870565385892498,0.13182025562516395,5.313638527396085,231.89157225929185,0.09795906225684757,0.1445997398555838,4.811837493579295,210.4460930638538,0.0882323389536105,0.13195969404959568,5.19104755268269,227.8413312101481,0.0953834001959874,0.14249461345347322,4.875735725596594,212.4739251302721,0.08958912170277437,0.13314753059663156,5.282119569400267,230.31358622512693,0.09761850398178935,0.14615390381120946,4.950890444379441,216.25891765343948,0.09079405511464067,0.1353869632498304,4.998260706767559,218.44508180784132,0.09216194681728576,0.13777537571722812,4.772249218959095,209.18161137021298,0.087517801145548,0.12982655767535284,5.315635313203697,232.42144919007856,0.09767129423650876,0.14569412729446277,4.828677068059862,210.773309128265,0.08891454418818635,0.13337143736991636,5.255282621180462,229.42639319359765,0.09642909349739112,0.14289631963521726,4.701358989220551,206.20801336726274,0.08595276794200238,0.12850641908051838,5.332801157769633,232.4974151807967,0.09826193787098149,0.14576406373241824
4.608230644698038,201.6076143468568,0.08462858413745611,0.12467888940493696,4.948791342714819,216.6472578387958,0.09110891310243803,0.1348651803065757,4.667802820161159,203.4796350947691,0.08574114763600245,0.12784667614673687,5.128748512760122,224.21762148096963,0.09394972891367202,0.1402959434174404,4.548762634813742,199.88230995199712,0.08394929430522759,0.12432970513861676,4.873567766982627,213.22278913870994,0.08955962061484826,0.1320328881487595,4.713838798840021,205.61229641974373,0.08697897622127089,0.12712697033730339,5.105583956539717,223.36875934968046,0.09404835713724209,0.1386812370992934,4.768969577790104,207.9243289706463,0.08752039022834751,0.12872217641014475,4.686474345518777,204.78262245468687,0.08654803677205844,0.13077721319668897,4.61419510051287,202.16510733686744,0.08489476055878872,0.1269440282703315,5.143993786976148,225.12612819780435,0.09444669187585295,0.1413155197222293,4.644990506283514,203.2851580345874,0.0854818368249979,0.12822893188497778,4.894588810148862,214.82228261899976,0.08989313690774116,0.13384643951340242,4.511788748818843,196.72863868057672,0.08361432379287238,0.12249307101629521,5.129021479660044,224.76178013698282,0.09448608771111477,0.13915617620359128
4.994467566263463,218.73233034261094,0.09227123892342211,0.13630389510133353,5.5105297649605465,240.40168309840422,0.1012333011968506,0.14836363210715298,4.814644227206406,211.44700299596866,0.08814414755099827,0.1316120775206802,5.5041699392585866,239.01457974151594,0.10152884375726624,0.14916009343169445,4.9292775839136915,216.35456817979653,0.09101478140822715,0.13651239498099893,5.437663639981025,237.35321413671062,0.10010746387118305,0.14869790397769292,4.891311200358658,214.57654779093494,0.09006639306491608,0.13437225947666,5.4673151352160385,239.41337150134757,0.10099323092910255,0.14956825704421503,5.083003795246846,222.37862144837223,0.09388802975856697,0.1383023402501575,5.21258778430763,227.9040427417354,0.09565440664540212,0.14071309482324695,4.841919478683118,211.80371346868557,0.08930118676273803,0.13169241568057005,5.45220543848041,239.5752165209455,0.1000880256888137,0.15029690614217336,5.032405856300313,219.17241178387366,0.09281728563585136,0.1361957425372825,5.486228977853729,238.93284918647336,0.1004933938312992,0.14932846737978756,4.714417875028136,206.03121473663327,0.08710025226699945,0.12857008682119558,5.4937287569895545,240.1494154188725,0.10090298443182345,0.15039102241225635
4.96001291433539,216.63551071183358,0.09118084891443326,0.13677779218651334,5.551276131675713,242.90796953568162,0.10221238017499258,0.14992175151656084,4.905175444482871,214.7770205116607,0.08973661452692873,0.13360701790058177,5.1898596985191245,227.1341166503283,0.0956434907609166,0.14251453219153215,4.929084544621132,215.02787735100375,0.09116793902172513,0.134840639472606,5.410965976944608,236.58518059864915,0.099510640645056,0.146929309595967,4.9482082662231495,216.94208760116376,0.09085179890469257,0.13408106409467513,5.2131056691239905,227.30941705812867,0.09594129595504308,0.14303736413203244,5.072090628700145,221.72214315560865,0.09287467928046746,0.13870891682489683,5.2673784554148995,230.3417380476905,0.09678544404840941,0.1441264280133706,4.978180087846453,217.0218699474082,0.09181025403666403,0.1358910406869576,5.310848674132752,231.47679655469994,0.09793761875831401,0.14612397461369017,5.0795416195425025,221.68363068069584,0.09336515234069534,0.13890206852077142,5.457877230927543,238.26454845712172,0.10061686455953298,0.14901220156037417,4.713213600505446,206.24251294781436,0.0868905893673431,0.12761664075035062,5.261491489488031,230.08622193323518,0.09694486569758952,0.14470122453187187
4.595117313333106,201.09747790871972,0.08464393426415988,0.12697411024730257,5.41147002123251,236.94322466305726,0.09938165919537015,0.15014929734567317,4.866199811203947,213.86423619243635,0.08951333899891348,0.13471009520498362,5.213224488677102,227.74634491242003,0.09623340434819258,0.14225079980465122,4.6031420815378645,201.0193462320919,0.08499646714420948,0.12505554321046844,5.328531638416569,233.56292676093705,0.09814385173996212,0.1456520066619677,4.980531634532945,217.40414292834382,0.09224012874280967,0.1367604337779754,5.108194959298608,223.58595468601902,0.09366065899072307,0.139248836282764,4.69993250207153,205.656302613177,0.08649551353641384,0.1291217195369766,5.247235876772068,229.4101163048167,0.09659479844570132,0.14348556807619206,5.0255832058521825,220.00658587074287,0.09281142911652242,0.13525895385351794,5.249304708411783,228.7866597696774,0.09636786929621531,0.14303574195101645,4.594105086735013,201.11394030869772,0.08475696038119838,0.1255782371197607,5.334677456901251,232.46763057103072,0.09818001364419461,0.14569461526308372,4.987876528401366,217.18697190405092,0.09155205495610665,0.13569358719654,5.2429659215719635,229.08839410606072,0.0965978104987487,0.14417934354393475
4.826367770694738,210.3525969077806,0.08918766189801457,0.13272331128925322,5.668466758059838,248.2187388626287,0.10468710999756489,0.15525638759066854,5.186513848616173,226.42699459797342,0.09538868140940958,0.14264736470580008,5.346437503110631,233.0595453318036,0.09877372384733674,0.14357997468778508,4.751487409174963,207.59044167114033,0.08766407824552477,0.1301867461014207,5.6120305244599615,245.07658033604443,0.10340966813750604,0.15265424993998014,5.2108861191416995,228.6509539589551,0.09561887394391634,0.1430780445915231,5.214747112693213,228.28309248008895,0.09653570302658668,0.14207940774352223,4.812514287178612,211.33713306925355,0.0887425830137421,0.13323378013737286,5.512688863953073,240.50923540538298,0.10156476466405787,0.15110965338300442,5.327783824778631,233.78381152135418,0.0981684178259725,0.14621731721363457,5.387569246178538,235.91397062758884,0.09897000882377731,0.1474754089573104,4.827010804580882,211.12947352905934,0.08908866419296575,0.13253975864040277,5.5703669903926984,243.23971910652585,0.10237349550595753,0.15204011576678494,5.206339592176972,227.48887221232428,0.09526560495104845,0.141284930283908,5.403100351876358,236.4407870360289,0.0991279158953425,0.14826593016786074
4.429178620749874,193.43088015717785,0.08155349972227514,0.12075914287488393,5.477917585783284,238.54865322842727,0.10096370049730466,0.15137737056596456,4.690398495475831,204.14013852027958,0.0864138180161708,0.12688683774918885,5.047475605133423,219.7688148419776,0.09313328105220063,0.13769962473755318,4.443296962605172,194.2444502902432,0.08242020497410892,0.1207243220471374,5.473395921862945,240.1953410576849,0.10105282547389782,0.14939683503557674,4.857250991613813,212.38303788613376,0.08944899667149882,0.13233764186394778,4.974674432570826,217.43312916410778,0.09127748672792506,0.13568999979667867,4.451813821198639,194.461704858815,0.08177252558053266,0.12124001824500436,5.413177689961042,236.57929030059472,0.09907440594564154,0.14877772423389443,4.868838698600945,213.19474390543056,0.08948737179399682,0.13341269131397634,5.057419223434846,220.37874192492987,0.09364952940979639,0.139008154714245,4.399483703292433,193.50326329689955,0.08281999015311985,0.11931006751117602,5.428823402140562,237.45946107156104,0.09974308595916209,0.14827214832286256,4.776522821430252,208.41522072679354,0.08816714336198059,0.13158764810603363,5.070856743718474,220.91070888889783,0.09309391353279697,0.1382581116414353
4.603007203389261,200.57218281767553,0.084600387553192,0.12624208222966748,5.711285751233932,249.49974523595463,0.10520429929814559,0.15447229355313846,4.995153236852563,217.84008292051968,0.09193339041873276,0.13671474120280072,5.196248183416642,227.6668646472333,0.09572853250679979,0.14179307195404842,4.5939267144761295,200.89172431556995,0.0850879991485942,0.12378480132205327,5.670588384461178,247.59837761104808,0.10409105129647803,0.1554652132906549,5.117176748581803,224.98287912522918,0.09435998900837214,0.14055390671022144,5.071134586062017,223.01097151556277,0.09324492577037521,0.1387501253822563,4.643336896362618,202.24707670786944,0.08533061575112642,0.12646686055312945,5.552527292622834,242.36437849186342,0.10239704082557234,0.15176840428551466,5.1590704531730776,224.73920924347303,0.09499508349164903,0.1416585489713224,5.249287008397568,229.44018788599476,0.09684412731602778,0.14363350744554731,4.631446005230828,202.03567118572994,0.08513634356982931,0.12736514457296044,5.627470099993771,245.20469265532986,0.10341977132197563,0.15377880910932457,5.013729943696817,219.32598307713036,0.09206640093044596,0.1371935461481399,5.277600141222746,230.7637160337598,0.09714403111602611,0.14448347614357504
4.521716328392834,198.0123446775099,0.08346281500116386,0.12437322041576605,5.565185639395205,243.8950963491806,0.10223685198174673,0.15318455956921673,4.981439995778244,216.81471246608487,0.09211708482339863,0.13597216871832932,5.139291213274355,223.28587471544455,0.0943755108618449,0.1389863675480462,4.547706226051977,198.229083118884,0.08394369738970604,0.12414419183256183,5.573358949794302,242.99954821348305,0.1021722927933237,0.15268926064416802,5.098067924297381,223.09273884128802,0.09422789894505787,0.13880504521488587,4.988343647720722,217.79288485780475,0.09167600271721335,0.13604453108538786,4.536402298525645,199.16055250024715,0.08374838372586282,0.12449107619575202,5.470038550408905,239.04841612461377,0.10071104544069368,0.14729762807746785,5.138834329836025,223.2817673275124,0.09415864375875695,0.14037522122714655,5.122016411900134,224.87976185511008,0.09409972731188856,0.14062331967145972,4.558536695271887,198.7317679739996,0.0838287724963974,0.12477724154754144,5.512155426268426,241.01680170916734,0.1011209659429346,0.14967013693061745,5.008783269230808,219.20592627347966,0.09207006450690366,0.13623236703424352,5.152927705661598,224.83896564102403,0.09477867022113061,0.14143889747545677
4.786074211681296,209.81770284930036,0.0877114254829247,0.1299572275842476,5.703772722400647,249.3279539333461,0.10531226374662704,0.15489104459234285,5.166977209345843,226.46711256131888,0.0952209823956924,0.14180107387139737,5.32787116539298,233.46306553097585,0.09782397857468632,0.14635346564472862,4.783035549254012,208.39544079445471,0.08807552895314875,0.12826150939847583,5.692108961990645,249.20234038291312,0.10461417341139544,0.15530753298509706,5.271675614749306,230.51801242077184,0.09692225533847636,0.14355487100117859,5.209247602682124,227.20800609079487,0.09543358998980579,0.14203205496954208,4.823635337465173,211.46025806856022,0.08895310460938162,0.13365745758369776,5.586350051223338,244.51748541562807,0.10256223189031012,0.1538740149942354,5.359244744036765,234.81105238200863,0.09871068809247541,0.14562330551728359,5.3455772338394585,234.01585545774398,0.09855552503227565,0.14540866313015713,4.8264207234714664,210.72747569027382,0.08878491758282255,0.13197551521527923,5.590759611360044,245.42605154171582,0.10292536630768724,0.15159390157947256,5.219621026056271,228.44027572545508,0.09578146502491276,0.14276759489802335,5.378079218405567,235.27741664810236,0.09864493471465936,0.1471866988272066
4.628895975887925,201.57064079938428,0.0854938048944652,0.12489952505158398,5.5249849432209075,241.20295582776225,0.10113245448816087,0.15025225451135432,4.948528001217696,216.86640346235905,0.09087401384618514,0.13512958805976188,5.291106149640164,231.103948484814,0.09744816059124706,0.14544508675425497,4.633599475721834,202.82876701397052,0.0854319424005536,0.12690812461344014,5.475407058344118,240.39860341577267,0.10043916382810311,0.14965669791938538,5.129951950212252,223.9780954084659,0.09434548002180375,0.138237139494941,5.161989644331971,226.33741277276448,0.09454524732971484,0.14078169792070308,4.733848539679602,206.55569847770033,0.08724673115300421,0.12953324029469493,5.394177553568372,235.49370557971642,0.0991289576720038,0.14601599651579325,5.167078770703658,225.664743251257,0.09508397608327304,0.14033137990937586,5.279602280139464,230.8609260027762,0.09691955200128927,0.143884178959147,4.603016467850685,201.24566754181845,0.08466157352664855,0.12451077156864855,5.438275813901121,237.3534136895866,0.09998520735009793,0.14928215237958675,5.1077310560638,222.6414069698957,0.09391717546471376,0.13926996830520272,5.299724930863022,231.3702584013324,0.09733265842161441,0.14516152091322074
4.702515759735302,205.80559964348978,0.08654276091373121,0.1297989478812097,5.810679934297772,254.05454912233512,0.10694217557005625,0.15919887970899965,5.200626893321166,226.58642115007362,0.09584805918207366,0.14127823558343236,5.2776788045833385,231.01686798617257,0.09742916531803292,0.144639645896191,4.750966995802145,207.9834650971327,0.08736993890007916,0.13088110406858375,5.696839759759834,249.4316583089295,0.10510601631456366,0.15554716527844864,5.349562585377085,233.33174689542113,0.0986437493176075,0.14605837996577428,5.1774589232359745,226.00647015902655,0.09534301128326163,0.14173477979063046,4.8011874116230295,210.02326059696364,0.08856608399326582,0.1316980711165434,5.636777936511068,246.0621789830389,0.1040634761341538,0.15443164026498912,5.342955130210877,233.98669877739783,0.09798800846758791,0.14650924087925693,5.358130699000458,234.08097764527855,0.09911911829965779,0.14553762023931108,4.776894952713674,209.30450462160616,0.08806143947472661,0.13314490050008987,5.692887891619791,248.3398787234967,0.10483354761999975,0.1560535923639074,5.244907578392393,228.89678969419785,0.09678419835490139,0.14297407842670612,5.345324712196107,233.99175106662648,0.09820372789288134,0.1468658792404201
4.586538888893207,200.42119485287307,0.08374151349092775,0.12558250546692956,5.709058698434372,249.26549908485467,0.10526425720225484,0.1557379304819453,4.910556796200947,215.16473782173125,0.09049580754211047,0.13467790104984106,5.120395502589608,224.5406891533273,0.09438334324346383,0.14021989113955613,4.621084305198515,201.84916322497105,0.0854295150304385,0.1253542131030809,5.631775063992394,245.57262021184576,0.10363250312965253,0.15314504504518187,5.0782820157455175,222.16497474233867,0.09334012512808636,0.1388041327828484,5.086727515680453,222.4725946662174,0.09352331048015547,0.13850091512117593,4.673039428725701,203.35954458642215,0.08584287613372751,0.1261849882194498,5.560377049919228,242.03457282701163,0.10225639365736146,0.15252624126952244,5.095943949841802,222.56282031285673,0.09339195117832609,0.1382126270139779,5.2062424359141435,227.36883427110763,0.09568570909263292,0.14198362806607173,4.628852880108684,201.9830778305484,0.0842196804324684,0.1253615818632084,5.600915946428649,244.62033749728215,0.10287317749539618,0.15347338040238434,4.958023768452288,216.67866417491476,0.09128511608923813,0.13512809099758097,5.203766632790391,227.70920630521974,0.09528577158815067,0.14259818702010166
4.652961715330589,203.3856479986012,0.08596458938132122,0.12753416781926818,5.584337892402614,245.1958692079454,0.10275538071061022,0.15319323043312458,5.070867418849674,221.86185726436483,0.09355038372189506,0.1394231662599973,5.141575864272724,225.28445967194088,0.09274015542680256,0.1420671341772408,4.631010129510106,201.84372062766494,0.08557548252657955,0.12647742864773143,5.531120402117954,242.22582914421534,0.10163561513747914,0.15082042288748065,5.133689309642847,224.76814841172444,0.09473170264523527,0.14111955826149328,5.012958031737844,219.20225024650415,0.09231414585275931,0.13808011202428241,4.730405973035451,205.91770488613145,0.08635818874285285,0.12910244632048604,5.4603866288534615,238.87950120599794,0.10049400048131915,0.1482989454248246,5.279556119703387,230.3673798214777,0.09761542864715889,0.14437833311101178,5.174655166572789,226.77763517274397,0.09565846778733908,0.1414433576051,4.657816199680325,204.2216898230757,0.08578473055316825,0.12669701417163717,5.488378404903589,239.6703246589055,0.10140177312814283,0.14955643149654999,5.1884853482983715,225.19492741389226,0.09586186292163813,0.1400756558433913,5.201577068842564,226.73587162019078,0.09609209931949925,0.14135727694707984
4.817007277223395,209.50599407617105,0.08940564829558204,0.13263935787234254,5.703744067331918,249.11066667640904,0.10478582983489694,0.15569068488509696,5.259121202284134,229.75619871859104,0.09694918050179031,0.1424737845230328,5.315820519420752,232.20416231942252,0.09808160493741225,0.14568201939066994,4.812560648187962,210.23617908808401,0.08861330939665658,0.13267622656515368,5.708629684408318,249.76993120668047,0.10506174412096492,0.15655762279318167,5.341485313969361,233.020912704896,0.09843243412722469,0.14624256475640754,5.144393343069809,224.48413953577187,0.09506670990357426,0.141263213813986,4.856705583763883,212.2551380357337,0.08943367134296122,0.13350819881793735,5.658562060936832,247.5115501615141,0.10378289601450356,0.15511346243988072,5.489113500642656,239.7696510709631,0.10124924508304768,0.14882943846160385,5.309008946784808,231.64001313251828,0.09790848824587528,0.14499475148257163,4.797992203222387,209.89502352150862,0.08813245503097154,0.13079979134202604,5.623354599261775,245.5383629194077,0.1037213119770684,0.1524690485685753,5.354631878270272,235.1546069921087,0.09836924973221475,0.1482665888871551,5.301560215108535,231.26908417860025,0.09725144271377836,0.1448217130039987
4.625369800066069,202.75551904909733,0.08504785069807086,0.12948083027682805,5.494128548193533,239.96041015030602,0.10106298253360527,0.15097789724565536,4.987015226600391,218.18769317534594,0.09186728228733125,0.13740899848004642,5.25869398181653,230.53430377009806,0.09680772969162543,0.14450977035659263,4.646327933314861,202.7390228021343,0.08575615983289085,0.12664651671044183,5.483092931089477,239.933558293727,0.10097789182964291,0.14985984356095042,5.159077492493178,225.61339743209305,0.09482984980281971,0.14101949087980087,5.119245516146038,224.0884438858966,0.0940747815736069,0.1394556176186506,4.682218890370916,204.78163115375236,0.08596626798388372,0.12670577615055847,5.3776804043832565,234.3428810357042,0.0991677353742453,0.14722220414015466,5.139767688269671,225.50762634606988,0.09429786443772527,0.14164397037695686,5.257814073069664,229.294882450888,0.09660910653338915,0.1432406172835582,4.640589614416917,202.84499415312865,0.08556668571704751,0.12504446629917823,5.4015021948912425,235.52129205121344,0.10004516417185598,0.14698495978681259,5.0502544524238475,220.40283672780924,0.09295057542382014,0.139655487586202,5.2967970588233175,231.40389203766662,0.0971845922683642,0.1436390328612092
4.680010710482071,204.6459841752134,0.08587924708217877,0.12721474773037497,5.569512896489002,242.70893791806574,0.10211360832970849,0.15246882363857392,5.227568755343229,228.95252613608488,0.09607896694072945,0.1434715613319107,5.27781671948088,230.26173718499885,0.09738560039879625,0.1430531851343767,4.656648539841451,203.5222897210324,0.08560857811499717,0.12836032219988658,5.498353789258914,239.96049393445287,0.10109462755347717,0.15021870549099034,5.3349831493982585,232.4857340505399,0.09872114910514589,0.14471128195703822,5.090120156117452,221.40236630448905,0.09387174005225797,0.13858178578128394,4.780075746604323,209.49915219328693,0.08799219160751005,0.1321646383746822,5.339093167278005,234.33398518116982,0.09811305317199652,0.14691257591075987,5.40749573169456,235.38792977171806,0.09978248178332037,0.1477429802101882,5.3028776364272,231.8432848824024,0.0978821155841272,0.14264115282018267,4.7345709029377065,206.42368065804814,0.08727323322411135,0.1286402019986597,5.376500053107406,236.27405318995014,0.09885497936000062,0.1459396891629083,5.324329650753656,232.27756472154888,0.09755205061379345,0.14563832842724012,5.320527914143408,231.69574341894904,0.09815250192586011,0.1441025492298644
4.767035156952622,208.81537860331434,0.08758664249228282,0.1316818568240131,5.5106497785638755,242.16192701797206,0.10131187249067046,0.1517115381236356,5.185648052862217,227.15174691162713,0.09539023743534154,0.14173675335203134,5.457333876562816,238.5671077870317,0.10033867112270867,0.15003176369533583,4.704947761834051,206.75343088943242,0.08662688110589374,0.12926433515216548,5.531116526140562,242.2737701398115,0.10184116656657918,0.15068610390109635,5.264075761269938,230.79193099972915,0.09669293801582493,0.1437408412014349,5.281369636988251,230.5584811480804,0.09733252444724094,0.14364126169504005,4.845743826285673,211.6333295928915,0.08986431093401039,0.13410519764899106,5.389473832226098,236.13895235400582,0.09920940185631875,0.14657306352370053,5.34410671255783,232.90243511109193,0.09871122505400672,0.1456806466083518,5.484372558048581,239.15316510623452,0.10084153146054355,0.14911963466874442,4.775842686193937,208.78913601037803,0.08769878702128231,0.1301588643378665,5.435139110949184,238.12155505163278,0.09982520914316516,0.14817035092785144,5.213930588849877,228.55321138407456,0.09571138472023237,0.14262303131998558,5.448478553910752,239.23247245823418,0.11484173051291506,0.14971954328242765
4.713037101765699,206.93652528410203,0.08701380001031332,0.12963260187051548,5.463200273970067,239.23916872484108,0.10005983768286396,0.14857949471979842,5.172287559556869,225.72734435606134,0.09564557693559152,0.14084281701996945,5.277234302606636,231.0061251400057,0.09738734024243535,0.14672509431929232,4.674584590975632,204.99089987683152,0.08606116144300532,0.12687525159538204,5.388025190408584,235.65980369348244,0.09945826001256819,0.14785664583711136,5.233390296552155,228.539628743661,0.09644261449318535,0.1423604133881784,5.142143007957318,224.9531268593393,0.09453550433431124,0.14014768624103122,4.791728689196567,209.95755440528865,0.08820918239182114,0.13161143578225856,5.3233925752243625,232.1653735544694,0.09827000757084188,0.14471981351443444,5.370841163489158,234.5092703144677,0.09856499149990083,0.14517145749212473,5.28587674375056,231.30432680766037,0.09760486052816668,0.14144488429505814,4.732457578122502,206.40200150536705,0.08705279506542703,0.12886912149840324,5.327788957348144,233.7467714761528,0.09804183715246832,0.14683491378010072,5.284964872386205,230.92877214906525,0.09734018630580633,0.1451768765871184,5.3440454618659,233.05544270865957,0.09836826939261063,0.14526016020809135
4.695974688131798,206.21564262077857,0.08644321305757828,0.12893261477709383,5.508811454954754,241.40369393850835,0.10115106803194912,0.1513606974298919,5.1606843379815714,224.7811325652661,0.0950982710052918,0.14193647880700774,5.194288699089986,225.81633813651868,0.09621873585799393,0.1418092937083358,4.659975159250428,203.74480933237552,0.08551568966921617,0.12704475141809415,5.463530461035081,237.90250119769976,0.1010826155283858,0.14969008304673556,5.169630653517888,226.1803625069079,0.09520229681887024,0.1424173596086261,5.044882588774121,220.17117204093677,0.0931177539337756,0.13578648228081486,4.78801641112368,208.58577524663733,0.08835424877138069,0.1312880851358045,5.328296106427594,233.56494304665446,0.0977643076364116,0.1457697128150043,5.314608684620354,233.04982355602263,0.09774905386868993,0.1458940360411479,5.204123888853488,227.816900977725,0.09565077749508887,0.1437696803925165,4.7003029209468155,206.07643798315357,0.08666720995883423,0.1293997803022481,5.422951612336076,236.21587997767435,0.10030581343889895,0.1473938005706628,5.211162562238572,227.86901363202847,0.09569676847543304,0.14328599514066293,5.188887445590964,227.2204460668714,0.09574184340684981,0.14142752686232102
4.720060482002994,205.9414456281243,0.08700630807940012,0.12943296942772137,5.45575729986721,238.27279162045946,0.10010005918840564,0.14834161708007015,4.8861265774188105,213.6379482541383,0.09007282105755113,0.13295065965278724,5.189714826813459,226.39135695011942,0.09601183155596832,0.1414545744189594,4.620080323591134,202.0136014712431,0.08484674662258106,0.12509839113064747,5.388548938919804,235.41348768272562,0.0991747042344319,0.14711765764909843,4.942047276700071,216.41616435795086,0.0908331312456374,0.13616507985857298,5.124185277899651,223.52444385092917,0.09442225800512974,0.13976105426981453,4.729353807717848,206.9078157108088,0.08638514181584436,0.13006757784748654,5.284503320755701,231.52436117337513,0.09693043974275425,0.14463532554478806,5.0750950532735,221.83033837994878,0.09343812036362603,0.13998330088246733,5.224892608697676,227.6823136835586,0.09630046223047156,0.1432818606474847,4.717975773994498,206.18062429989442,0.08648602642048046,0.12724932052627116,5.3220871690341784,233.68273138772236,0.09789027337793978,0.14760420315778547,4.936086702722404,215.19509014963896,0.09118710252440672,0.1345101199228829,5.226202650056364,228.1552243819763,0.09624425813282697,0.14396380068741607
4.793459106973,210.29935320775024,0.08814767247626962,0.13175912630180256,5.469130260690209,238.71118742063183,0.10091841712425204,0.1490920336905753,5.218421502126172,227.5051094165767,0.09619633545808473,0.14266379105052326,5.177542227460353,226.17345189764086,0.09575366055829602,0.14228554544436497,4.757445934200963,207.79843804109134,0.08783388823725789,0.12858759776041603,5.454509962557625,237.52740691570477,0.09988101186761329,0.14756135777210322,5.240083260690159,227.97013532317976,0.0964834950757442,0.1427095890155638,5.042081590665635,220.6437443691161,0.09250447223523725,0.1366539114242224,4.869036658996054,212.97763562858475,0.08947352854993156,0.13243616020164667,5.314296389823767,232.33496873536265,0.09795490960961961,0.14626637066123124,5.374390193316115,235.0315054160298,0.09907944170230658,0.14640738133350908,5.185006223488047,226.7567106656481,0.09574654934550521,0.14184051677657547,4.795141110752089,210.50142401774437,0.0880836270874688,0.13019803678894104,5.323103697470112,232.85248619599395,0.097821919570627,0.14650211658256357,5.248777084442105,229.61958179727588,0.09595085857312603,0.1431782058315764,5.206463366112162,227.36304706300425,0.0959082926118243,0.1419741326682885
4.919808806478718,214.90398767159166,0.09025563837349725,0.13429459320522216,5.767021454289321,252.50125916479513,0.10604797303133419,0.15682609318164714,5.3551006825041885,234.1153551209968,0.09878040520420005,0.14523371438030971,5.429122647664935,237.0187767719165,0.09957988102859225,0.147222603228977,4.898220984211898,214.51878911912593,0.09013897346615145,0.13402005774568326,5.742935838031468,251.4237536489759,0.10594259407055695,0.15704137699828802,5.43425375323991,237.29300338206747,0.10028304804613426,0.14728791270230174,5.29271226702817,230.86310194790352,0.09735576200381443,0.1452922854066977,4.976727797886841,217.50739822050832,0.0914111780730594,0.13702146728639056,5.686723397265207,248.9080394170634,0.10487076994084368,0.15467159069388783,5.556558254148936,243.06147735872312,0.10226121080144203,0.15259450420250856,5.399476679977023,236.3665666774824,0.0993420127823681,0.14774145822451182,4.927728814525603,215.2807738231764,0.09047403239399424,0.13494725664433405,5.668798362141919,247.7620549072807,0.10435177696925527,0.15368747597441842,5.4586233177011065,237.293209716996,0.10063412016621678,0.14790016449762725,5.46306173562369,237.81233115213516,0.10019293037012518,0.1480866259961434
4.875052776332151,212.21716723636217,0.08966346290660286,0.1312797661267941,5.6256501140083435,245.99968696853443,0.10352939280152794,0.1529626219983723,5.2875419661509415,230.1594382717954,0.09756399494738972,0.1450950283164061,5.288434286202856,230.4665170870751,0.09707971692032889,0.14436654428687223,4.791023421708198,209.54350508903,0.08791937036263943,0.1316571833353504,5.5995352083025,244.19530336101604,0.1030773858586636,0.15274300633318777,5.3053464554489285,232.21074070408147,0.09759419761776023,0.14477113009420256,5.122948286294283,224.2026529655856,0.09417253040161037,0.13867087162762942,4.863751206267788,212.57071374525964,0.09003424885282084,0.13372083457989714,5.506251941168277,240.0579074349187,0.10149290232316815,0.15180532003230468,5.453693403773828,238.84184804230253,0.10015078510342089,0.15048369400429962,5.3371158526757,232.45496542902487,0.09832771963145298,0.1465438190144744,4.828587588104243,212.27011805994988,0.08886446154814326,0.13186817235477014,5.512288668892264,240.71969420461903,0.10131939967620136,0.14931333607848,5.331514312802087,232.79713738532476,0.09806482160901911,0.14755142475467864,5.322001966448624,231.8573661269315,0.09835438176164409,0.14449151428857027
4.728397037423906,206.19392582431996,0.08684516009438766,0.12825373489701633,5.565193666012252,242.71918330739055,0.10254811865962292,0.15202098926153684,4.948049353167667,216.900458202147,0.09078916590599899,0.13555020705731763,5.247805604974004,230.20932682880152,0.09642313536733606,0.14316853251103162,4.708524586440256,206.0640698974189,0.08685197144020586,0.12869163669973321,5.548225484414257,240.76360967671116,0.10204815485994369,0.150571035608902,5.037109301228918,221.0395436962903,0.09327428087675281,0.1381259408698585,5.144461496796762,225.11034018751056,0.09444909043009014,0.14057197657918014,4.7692970103736965,208.77325666574401,0.08778922714859093,0.13011067333899587,5.431388117351238,236.96144191424423,0.10002955826130941,0.14907559222159195,5.18704268531142,225.75914092310632,0.09504947494403948,0.1425780667035028,5.246784759022272,230.1238975355028,0.09663468435128476,0.14368563588218095,4.716035698618128,205.70867497376165,0.08673489713595743,0.12937170424393776,5.475096398079426,237.97800339509698,0.10098737634024647,0.14762995109184968,5.063384329398887,221.79748864551414,0.09316768850537942,0.13905096550689997,5.285852089361812,230.53265682920662,0.09729705348879002,0.14566145252790585
4.790131291808925,208.21516657477127,0.08822557028311762,0.13125453603501866,5.952417142578134,260.6415113135395,0.1091529738140606,0.16330016008011228,5.283324447545973,230.70653277730167,0.0973391802052549,0.14533727586551623,5.137234568101001,224.35177230838485,0.09498730042409927,0.13948520188415747,4.660418760383919,204.07123291726668,0.08580537638943876,0.12682501149050027,5.738619555428447,250.51313037338156,0.10610359991760468,0.15601372323963034,5.315806609604264,232.1871443628759,0.09782480124114108,0.1448622558579804,5.068000764754656,222.28494336898646,0.0930334910906287,0.13882977252567344,4.772982196339494,208.30639828313195,0.08794104241872609,0.1311384836217763,5.656381039935033,247.9819823775376,0.10407484081515596,0.15558221753836232,5.413469048984144,237.18301084342525,0.0996509871818464,0.14861855769097468,5.29908069350612,231.59545930416817,0.09770613618660469,0.14416128535250058,4.864399248722312,212.39206401489747,0.08941372852606477,0.13418563481697734,5.824412152083752,253.7201382289933,0.10739082471632574,0.15880997788127513,5.2744167391465275,230.0517687251737,0.09724268938928808,0.14253286833350787,5.286844867509311,231.11162512718167,0.09728531110206524,0.1431473673778809
4.784028131457692,208.67997699601057,0.08816395302980733,0.1305005337454524,5.718899442365951,248.87745641868275,0.10581571751106052,0.1565952707736517,5.176762507797884,226.65386052037675,0.09489432779766854,0.14382538917338294,5.239079810800509,228.780837867596,0.0967365676268577,0.1427198700582515,4.771490876759177,208.15676845533952,0.08802122990118101,0.12958106477249673,5.647105285506099,246.9355310732912,0.10422695914632839,0.15281880355541236,5.331041748300332,232.25879870890975,0.09842191951601,0.14403410143321918,5.072710170106632,221.42228408605652,0.09311131579744111,0.13857299645747753,4.832142047594241,210.9515376331514,0.0888017334966331,0.1331469475248321,5.574893890906305,243.80039052069196,0.10233324408233492,0.1530081945682462,5.415432702750599,237.04623831003858,0.09962121040944838,0.1478819441565971,5.235134276686077,229.0818849700693,0.09624971850776094,0.14406901685128073,4.802675163429347,210.2571546998963,0.08855045998791387,0.13040958063285196,5.580210867120545,243.5996198936983,0.10237519571790137,0.15158775489944237,5.257120571001131,229.99276051545715,0.09675771258934991,0.14444229313808535,5.263386626067421,229.97322788661617,0.09683731150054188,0.1426111821144454
4.653563371756122,202.66517556564543,0.08562378727488547,0.12600208781502245,5.755015236102526,250.99048461520937,0.10572603131046208,0.15751965492476927,5.092234863626975,223.0418844451506,0.09398690997160729,0.1387615740423599,5.252227354101551,228.21896686166878,0.09679846160438303,0.1435470528281148,4.6634803734975305,204.09632410577262,0.08582497406519268,0.12738834530959503,5.653542756871678,246.70352870098154,0.10411145752337658,0.1532406386628052,5.231056548060253,229.23691234093602,0.09643932666699553,0.1442228989856539,5.057886149967913,221.78195116400354,0.09333478452749885,0.1385489360325568,4.727743603679571,207.1244546551636,0.08674078728944332,0.12886251861094117,5.517729970810917,241.4569069220777,0.10177620694125164,0.15089265590066184,5.281656239008623,231.28032333549044,0.09728662650280454,0.1454034911715795,5.2667521741656556,230.36126656214105,0.09727707758229014,0.14587738535341602,4.716068631293884,205.7723332546913,0.08686882219630905,0.12820018550935958,5.585593224370772,245.1170036408652,0.10296483592094077,0.1545810142126336,5.150707913176133,226.1692971808409,0.09480830436836615,0.1411325612775619,5.276137859759971,231.31200600992688,0.09710404253258256,0.14357161501366564
4.510917609511344,197.1968198602274,0.08287836746977427,0.12280934384614423,5.372728595591431,234.79157291888544,0.09905849218340687,0.14607485176131932,4.808664225433522,209.33285434923954,0.08872218306915691,0.13021435970766135,5.103180239709752,222.3050996771599,0.09429256267071037,0.1390697284059381,4.564733913293641,198.74949217519185,0.08397510761155033,0.12395432889017642,5.359677723466463,233.60562608175496,0.09866691929825235,0.14506830051724517,4.935838793203244,216.06185041265454,0.09065008278314317,0.13549716506210616,5.00921635320111,219.2572555171826,0.09192144518034,0.13586380296050574,4.598517281533957,201.02962001896233,0.08473198931261165,0.12663121412416872,5.29401200920664,232.01587649108987,0.09742910059470102,0.14467760416259742,4.965821773032895,217.60277540912347,0.09149022118024276,0.13584037165797117,5.0627838901465285,222.0215070877918,0.09296622070149031,0.13950085503922172,4.55068755056355,198.2661450263544,0.08378931904673839,0.12423220474410973,5.287260564937942,231.56411478530762,0.09761789758345472,0.1461001954326975,4.931535254400096,215.2220597335948,0.09076912209402849,0.13482892418479067,5.105802304776238,221.8706344759702,0.09436128567383824,0.13826638141745756
4.832740295661201,209.8060558735509,0.08911196899808013,0.12935489649104978,5.684329362760584,248.5159417108598,0.1048474512543013,0.15527723706771132,5.302923915614719,231.61932983909273,0.09716839654482634,0.14436031973184615,5.2473304187429655,229.31579447093372,0.0968399389986653,0.14198981538661076,4.754311282539962,208.18576542061606,0.08754477394430606,0.12977528834152538,5.64582297673752,246.2384841857627,0.10420177985651803,0.15392250696236903,5.34435696248028,233.29702601496325,0.0981385316106176,0.14530245994246946,5.0282526309310995,219.6204962418203,0.09277781078099724,0.1389066788013888,4.847059336114873,211.92799481101326,0.08945154440472092,0.13039635243927525,5.546642055375404,242.27853051952573,0.10199243629850172,0.1520239902853927,5.518293781104845,241.35026942845062,0.10123741942910196,0.15109393589419723,5.2316163009241485,230.44465128862745,0.09590311301775936,0.1426339383310952,4.838897285505023,211.0920717069612,0.08939548875426374,0.1330455463828091,5.539589705728789,242.25296566525233,0.10206776033911705,0.15150148782324638,5.366522265512331,234.43435909728606,0.09909397155520563,0.14582506195985273,5.2602226267460575,230.47745182789657,0.09660319627057355,0.1431944246117422
4.590367831383127,200.893056129579,0.08461125040859985,0.1272658676505603,5.305248923753142,230.62471287188922,0.0979273123817883,0.14349660871567885,4.877638529513044,212.76923767568005,0.08970983056094883,0.13263536843685161,4.939725840033802,215.71088120921192,0.0908030740901302,0.13396974912252532,4.537150081572195,197.9502184860365,0.08359675074659952,0.12403994674628069,5.27794086694206,230.6728808836539,0.09700610701548168,0.14448487479095148,4.895771142452787,213.87182129789366,0.08986385182358977,0.13260173608400982,4.8326612097087285,211.48122960015905,0.08868965132596282,0.13215042098273877,4.607561993052153,201.69953659976633,0.08538403851331951,0.12636425133879847,5.196899615201726,226.35985229412728,0.09570574912620965,0.1417954280098163,4.999473788605025,218.74591139656698,0.09208980815540031,0.13686257407351868,4.994983431282471,217.86636812816383,0.0922360106486881,0.13436973707290711,4.631301306660078,203.0598342189793,0.08505769344200258,0.12574214474576825,5.210284998286685,227.6271394874797,0.09597367790941583,0.14319970768032916,4.877001176641901,212.67215253884117,0.09018151765308365,0.13460492230470308,4.968759108017477,216.71802804288848,0.09119150773664073,0.13544928628658431
4.67810489638628,204.49771255314633,0.0862911568323395,0.12880408094281973,5.608231381161193,245.45177595267236,0.10295693115132534,0.15375229331541088,4.987549453181886,217.34680603427128,0.09160563052819971,0.13672512973989948,5.257644229902523,230.19021782441874,0.09701329919162997,0.14328636245042442,4.6891784488602095,204.86514463854607,0.0863015361469441,0.12755560181574147,5.578039664206948,244.03852595448734,0.1025197739280883,0.1526692257206702,5.0977635144677516,223.1857955781337,0.09370130017111636,0.1383199533837538,5.158280710697827,226.1584241414481,0.09484490604963271,0.1400988535953643,4.752903835349515,208.44558056541055,0.08746173848436865,0.12983692246839143,5.4967491826421355,240.4964574320374,0.1012988960890081,0.15067104858532432,5.175359754336567,226.8140629649316,0.09522722897693355,0.14085293349032338,5.220437837361925,229.56278998168855,0.09554471051042503,0.14509064404746236,4.696030507975483,205.10337881946265,0.08677029373738591,0.12618411474045407,5.550571376165531,242.56041470148423,0.10189842628363928,0.15241370996570552,5.0950599635748155,222.48253061698938,0.09368889096550506,0.13891422241579424,5.265840646047096,230.0694706471293,0.09694579436242705,0.1441198143523213
4.616120899488469,201.03181074826574,0.08517988215607725,0.12527488874697854,5.39775613133265,236.68151872065468,0.09930373651527578,0.14795984888962227,4.871936880044807,212.52007453029157,0.0899255156710756,0.1336650797196073,5.156820602644595,225.43428632845172,0.09493124066440689,0.14115914038613422,4.563007447035064,199.8369260772762,0.08409441978234423,0.12692956549706746,5.40396147661763,237.1504813088528,0.09943282637100213,0.14745014273786772,4.96218041973657,217.44138697212207,0.09105674578247895,0.134100167871457,5.0311099310661715,220.68098032614432,0.09270226594534084,0.1398136783562999,4.6901713958856135,204.37518284972307,0.08634630060950016,0.12898223366952438,5.338253625810644,232.45544352982705,0.09848404858300386,0.14374884965695048,5.045557371143654,221.162455803645,0.09303659760751662,0.13873166584574242,5.1427871181306175,225.22523789194193,0.09483913601566214,0.1412663951851763,4.5924111121024165,200.86376051093967,0.08473340868594176,0.12464092628754858,5.31206889676676,233.49053149883187,0.09761125424827387,0.14671980324340533,4.961759664382361,216.57061075364751,0.09119738893241845,0.13482461075229873,5.165368022853176,225.2419300052611,0.0951811757242908,0.1407680472754014
4.8088624474013475,210.15375207474176,0.08870378060958384,0.13126948537185038,5.792260278963973,253.18190539091788,0.10707819100118154,0.1588633317814188,5.183386384494179,226.7172167722191,0.09550679654910103,0.14254307270102282,5.321777255810815,232.74708564587215,0.09807171384727982,0.146377757601907,4.789473868985009,209.00734191197606,0.08836235055167864,0.13064121090829503,5.767814042244096,252.77075928579126,0.10618631698941704,0.1582300167334837,5.326964677651404,232.11959860687827,0.09815972312884258,0.1456784583333792,5.14751097084039,225.16957649191082,0.09423914713371304,0.14076587746962993,4.842623826569865,211.12155399312752,0.08904869802396916,0.13182869382521384,5.6590950420117085,247.64005153802742,0.10397216580605025,0.15555975173832007,5.417124146037052,236.79420126492786,0.09913982098756181,0.1475200100046529,5.293918822098529,232.36869459298455,0.09759166543197484,0.14589478704644704,4.813055218703159,209.71903126804077,0.08867784828179075,0.1299535352470223,5.700351162169164,248.20075182962157,0.10525828755652979,0.15612400099922635,5.207563685148813,228.4251293696337,0.09614120431555101,0.14133686973136547,5.35919015307727,233.93610317003322,0.09836659783724146,0.14436434765677603
4.6219458928083235,201.13254354796558,0.08474445231020025,0.12556556516266607,5.550088612236804,243.23657209227494,0.10196859478376367,0.15308031411432974,4.876845543502352,212.7823901178249,0.08991467710684843,0.1324515217617818,5.060768360266048,221.45612808332208,0.09321551772521679,0.13873232053312265,4.592117686381749,201.16035998368076,0.08471181825500843,0.12491795922334076,5.524633199406361,241.04790453953888,0.10219766046740877,0.1504839842908152,5.048223176945404,220.72999275768225,0.0927780567774722,0.13827489808759144,4.92851919450113,215.2767405297266,0.09108267306767102,0.13349597378557823,4.623104213249578,202.27609170731398,0.08510303442875236,0.12646148716826586,5.440562957601237,237.42343527263816,0.1000423023238116,0.1478222707463592,5.02780550845753,220.45461246604646,0.09275633008190887,0.13656862819234597,5.0599236008464334,221.43798460137586,0.09329363559816783,0.1376453963662695,4.633263427455661,202.21637662312313,0.08569823311000734,0.1265467440672736,5.4879563296742,239.65734501697895,0.10092318439301663,0.14956199149406751,4.949996792160501,214.93221000554038,0.09110437557996015,0.1358522789505146,5.075084638647379,222.32800571763082,0.09348601081743102,0.13936404243427453
4.755746300445168,207.23782883484716,0.08741499628377995,0.13066926264393025,5.557093666233721,243.57493204864414,0.10173099703153056,0.15193183137417446,5.099538740492497,223.5638776450448,0.09357560665142564,0.13763754239341047,5.211944960678947,227.41000362963078,0.09585461985561039,0.14447916808557484,4.699123681465797,205.1978305784381,0.0861919777719705,0.12883718732470234,5.53375166240855,242.29665358558898,0.1016720635051488,0.1519180321486825,5.149709921699589,225.70909480659665,0.0943355168820056,0.1421382146580833,5.0710859902922465,223.08037548895726,0.1073334498623851,0.13967249686053526,4.8064036795611536,209.2131603374316,0.08849403592434248,0.13123414554537238,5.466647968724362,238.8776401241626,0.10056676122740527,0.14903247672416686,5.330305660369544,232.9251466076211,0.097513990573993,0.1457878522326707,5.220050562463195,229.28022308627652,0.09581831775171368,0.14181864701215002,4.760244459077756,207.89800692810186,0.08785250774306727,0.12927509095176173,5.463403651020107,239.31186926964452,0.10059332110673229,0.14950553171745093,5.165261453534671,227.2577786486031,0.09489010964268625,0.1410553140559661,5.270153716283108,229.56282349069298,0.09719043769640444,0.14526358735139924
4.709441538204449,206.14894800099896,0.0865706504360759,0.13057439539775773,5.611239877836097,245.7641347974628,0.10313091258371236,0.15459272228214493,5.028340800582155,219.89403628276915,0.09226725353781089,0.1371737328174157,5.193348119672269,226.90606044633836,0.09601483509215716,0.14237402784219685,4.672533822746762,204.38421950420613,0.08602362355750148,0.12818936072383116,5.5790206574036105,244.5167466964306,0.10236770727994263,0.1534387368425082,5.164376028372833,225.879391386282,0.09499491877935315,0.1408622356805674,5.074079181901494,221.7791669342947,0.09324177569518438,0.13755968373009958,4.768970846667281,207.8256905052185,0.08797703644939449,0.13035776592076107,5.500031307683123,240.07357949684078,0.10180156934344516,0.14999978372349076,5.228989038971738,228.7901606577992,0.09593631107140214,0.14319175669648385,5.223233709587992,227.97697944842758,0.09593031250788533,0.14240229049831177,4.734654874177372,206.88336315376807,0.08755884619783912,0.12932717981466785,5.49257714372439,241.04180851641703,0.10113754094226425,0.15055746224734087,5.088100920935039,222.58996644156986,0.09338243521452588,0.1389417592653279,5.2274789810158975,227.53046794534356,0.09573351572696194,0.14423186289789278
4.742997553958204,208.04796514517102,0.08735074395794662,0.1286096293025297,5.428454152924505,238.8567473011395,0.09958106576144521,0.14861077481075297,5.250037966453301,229.68404083907868,0.09676504053660917,0.1435018645371641,5.235715477057866,229.68034696651796,0.09619099755894246,0.14438338473953796,4.736825043609235,206.8693748446936,0.08709631599870324,0.1293956969041413,5.38797595322459,236.0241311845794,0.09930916465783204,0.14835801379817928,5.255836665667934,230.3494905273112,0.09676886192906957,0.14452391872561102,5.108562040503621,223.21139107627172,0.09397689701194942,0.13979461043309,4.837163010131267,211.9542485538957,0.08870090897008785,0.13318262911816955,5.3140465660028955,231.97505849364276,0.09803885300162285,0.14424841054314494,5.415560989260398,236.1881777582021,0.09976815039187317,0.14726879907827328,5.266763158956379,230.49918030905548,0.09709258294041591,0.14544163180134168,4.783405464844642,208.69752041598335,0.08799545721314198,0.12993107804226964,5.3330429001142825,232.82680406910103,0.09807496526942294,0.14546483186650955,5.308082357804546,232.21153745779023,0.09731159642668982,0.14541515288791118,5.283733426759566,231.75716816763122,0.09700747703498606,0.14280793728642974
4.666652885826124,204.61660506447333,0.08582312990442799,0.12959631691760828,5.689800802169042,247.77522712905903,0.10509975028151569,0.1551696325176513,5.089220072027127,223.15150353393554,0.09343804518594921,0.14059215717934154,5.619554825318055,245.48601569705446,0.1033797408131551,0.15424423711459767,4.785689993166105,208.77725015600217,0.08829565014292352,0.1309113789572351,5.576120296146908,243.88262422416324,0.10263225864679437,0.152021506134199,5.306777396646986,232.16465369291353,0.09767182655909432,0.14395986994431195,5.4298698774882475,238.6855833446233,0.10004601400861116,0.149390168004333,4.839484580733206,211.98653151703942,0.08915130356664737,0.13337189772663074,5.438355677452952,238.03896409294725,0.1004038440786311,0.15045686944368108,5.2734228385942625,230.59809641171648,0.09695517116482479,0.14394153766745615,5.62147413593971,245.43592508138664,0.10363716121433658,0.15212798881064551,4.7002944429601206,204.56599805753658,0.08627162343410955,0.1272475503533744,5.567840399655115,242.53984215704597,0.1026554757017604,0.1510977891923932,5.256265147319761,229.8668590157512,0.09682317308285616,0.14427597489649643,5.663930827939414,247.3077969667163,0.10437415032364243,0.15463963033455086
4.661326831860304,202.88788263250424,0.08580928877733014,0.12798999908773598,5.454509316731402,239.39203756103845,0.10030437986218224,0.15039143406841113,4.95551271847102,215.61909483086956,0.091532193460646,0.1367763254457457,5.211161430878063,228.04848962565734,0.095737734528894,0.14167196483323996,4.6327754222376205,203.28636699943607,0.08498714866772825,0.12805596245984935,5.480550160543256,239.20599355731068,0.10154060628077094,0.14973693659336892,5.089239142001908,222.53422450744833,0.09387379570526555,0.14041343508969575,5.107903379233352,223.17666583286135,0.09392759027282475,0.13771691744330725,4.716050703953072,206.96256283628045,0.08653581013337672,0.13037765389308326,5.379377459136856,235.6064174061811,0.09887132898464372,0.1479183662752908,5.102761388532332,222.936873399766,0.09414009569541879,0.1401567745857892,5.214467670599745,229.012656125568,0.09597880766165665,0.1438926694819786,4.63706794573744,202.4807145505984,0.08557336436138133,0.12570835189753404,5.38852373510117,235.3141408080693,0.09965336910306352,0.1462336943478445,5.0281089401414345,219.94922266331554,0.0923981440262645,0.137930445375028,5.198368786244719,227.60435176856458,0.0961354040558006,0.14235298919220782
4.694284982569287,205.2730149500855,0.08668796172730377,0.12888406045796658,5.570694398634057,243.72798852870108,0.10292049191814363,0.1533371989378422,5.045642721740849,220.03443609005106,0.09279262372427238,0.13703999144899162,5.2068723263145,228.41613540871887,0.09588252362178314,0.14155680463978118,4.7546418775663835,207.12552398830175,0.08730096349327444,0.13048854102391488,5.547090236188145,243.02456171497946,0.1020190260582034,0.15252440462323633,5.1294098650782125,224.29863651706165,0.09405745750593486,0.14105899274017256,5.144811965400852,224.16381324684534,0.09441023221721674,0.1416327663578241,4.817027588741292,209.8839298470122,0.08841070133107884,0.132525804670407,5.518890336512603,240.94789902921988,0.10108105629355914,0.15215708194332853,5.196568769285321,226.87563529726378,0.09561989369460182,0.14138127311456075,5.24233442286478,229.64327477192293,0.09628850815858163,0.14210609489810633,4.683932133705128,204.45290654749684,0.08666085160537712,0.12623471858929475,5.513822350636695,240.59902372428107,0.101773497154627,0.15160175351686872,5.112184919400474,223.1287622028159,0.09462428185619763,0.13939087064798733,5.201060428816061,228.0082945510464,0.09572169767584982,0.1429640954524641
4.636832634629491,201.50006916482153,0.08548495791518629,0.1263480399167814,5.2534507604347755,229.4177390626988,0.09652226369366244,0.14161838181352854,4.869836718363427,212.18836882579117,0.09006366278662552,0.13231538906373064,5.249286765937811,229.07076112838348,0.09623545597118746,0.14291571352290883,4.595850340208179,200.82196324158363,0.0841258999819726,0.12586753760647632,5.20570010249769,226.75477672590037,0.096210692996722,0.14180125252516437,4.9517407465593575,217.1499953547811,0.09112773969108254,0.1368918878972418,5.11375642937758,223.04316097672708,0.09407738564679653,0.14073003818775237,4.711555198736405,206.00580657035627,0.08709166408876831,0.1286291508440579,5.054672580279405,220.8700140468939,0.09287802115256004,0.13947898952398793,5.007867541682725,218.4472154866615,0.09213787778007423,0.13647690391826287,5.246944302945076,228.5374326317685,0.0968020598748895,0.1418167620113771,4.599603610327636,201.27512280801642,0.08499504212828667,0.12484302138969121,5.137309988426536,224.86613218998616,0.09458465785346397,0.13976287143837937,4.96576538073758,217.46133504911126,0.090836957655537,0.13635786053378682,5.234273946549721,229.03525136438896,0.09655407250243449,0.14368465309286022
4.799096288217333,209.35091495102395,0.08833793888687186,0.1314703019706435,5.778049915165996,252.40908122419486,0.10666778343416267,0.15709364924140407,5.097943919978516,222.78034176072813,0.09305240981304769,0.1386533826673296,5.44308001475839,237.8868281622081,0.10049938322345335,0.14767163557568752,4.828344568752342,210.205039726972,0.08898339058225806,0.13104410722160925,5.720502113648383,250.51557290054498,0.10512955956700944,0.1568899890359561,5.293061816689376,231.40684522653638,0.09731762376445907,0.14430381090913394,5.307568140467723,231.24562355640734,0.09751277342597828,0.14577703456375093,4.881259912921368,213.36373275734556,0.08947969169249682,0.1328627321519763,5.62030404524997,246.31828290612185,0.10330909439777089,0.15328815585394878,5.268681717114154,230.12883082830982,0.09695571077325686,0.1425484740375008,5.40938445836521,236.37466447226183,0.09948092098891746,0.14761450456549785,4.802756390941768,210.0579466387485,0.08807336672035757,0.13159864287963535,5.6769245536986155,248.3908685212784,0.10420890195223488,0.15544048956876216,5.191956513311059,226.441230901873,0.09565861519533367,0.14184124254904035,5.462489305810345,237.87102126506718,0.10060903926787355,0.14957578612783387
4.652744568984964,203.72492906259512,0.08506152116329158,0.12786407774436648,5.510418348378592,241.7078065922285,0.10198792474216888,0.14899714795402033,5.025782573767674,219.0182063138651,0.09285629903233038,0.1362518691554148,5.189131523143788,227.12278691302666,0.0956065769684089,0.14327866919978163,4.61808756799222,202.7532572591391,0.08487587919847508,0.126108170322391,5.554946916375252,242.24900182176583,0.1020072317585727,0.1512460301902383,5.1318368300882184,224.77543648920775,0.09421950693276424,0.14138136300897924,5.054090813208014,220.68868007999282,0.09316964379626469,0.13773832577533912,4.715802186374844,205.50135636222,0.08679387946518054,0.12962057327753745,5.45004343701647,237.9983587044453,0.09995381428613416,0.14865955819388332,5.2070408835224695,226.52271509222032,0.09578110083228206,0.14378223716816851,5.212717330357515,228.31374349090135,0.09632174483241875,0.14256248383293066,4.585716280016586,201.71558778475955,0.08506951296149652,0.12640305660755927,5.429374037076576,238.23270052184142,0.09981639513231266,0.14745783557883005,5.0586946562108945,221.34002943242314,0.09314820488239177,0.13876230831370606,5.213627396969498,228.12387662290814,0.09609792294800308,0.14156054276042168
4.571018208022422,199.98262782299906,0.08394146916512765,0.12499900932875967,5.602778686129296,244.81980507272885,0.10319959478847555,0.15310623149661187,4.9821352260020575,217.65544529295173,0.09167491589820959,0.13475651792308435,5.101285316089344,221.99780997056402,0.09445752163968237,0.13782260284125555,4.624250740522951,201.66960965092468,0.08488314536216172,0.12411850222452986,5.48103214561277,240.34477228962209,0.1008101751244659,0.14989613474501198,5.09888974142293,222.94678271292744,0.09393750296561482,0.13936315598249577,4.96542642101524,218.25519540199483,0.09128315280546244,0.13586645790406868,4.694562118326806,205.04851127313617,0.08640702412241405,0.12949744129736848,5.426092841170613,236.97897744847631,0.09971697169774081,0.1488718841157923,5.151333568003926,225.23741654144737,0.09501495832608248,0.1411444329559841,5.140676791004572,224.98336792592934,0.09467600844389619,0.14070887599588103,4.631775161650318,202.22443082637534,0.08461327479524375,0.1256149052207032,5.488342421502585,240.40203075732722,0.1010615386019816,0.15036641324449268,5.037388087923678,220.05336295909458,0.0926771598491152,0.13652460475198694,5.155833611762867,224.9921072388015,0.09524376960248669,0.14105328775541728
4.835170490983903,211.63235363600816,0.0893316523647848,0.13251709620252855,5.639716459034979,245.7165038166815,0.10379134155614347,0.1540073675188566,5.278762190352213,231.11493183908328,0.09726924867820752,0.14424870209864657,5.414199907300622,236.02032879397083,0.1001060709789817,0.1460935470149471,4.791867229326509,209.584774146907,0.08830504364126822,0.130863509182053,5.550228647554658,242.63860062056344,0.10218983842945588,0.15181468123411587,5.301544602586343,231.53881322150727,0.09738246328373984,0.14629339453595772,5.228843644241597,229.23292141622989,0.09566084355032785,0.143011790645678,4.889459971385565,214.11455928465506,0.09000598529115356,0.13403310412985728,5.496162905320599,239.2225101230329,0.10119094908108314,0.1492699728246859,5.417036230002243,237.08836402926696,0.0998940669678806,0.14915799158441442,5.4248239984454045,237.09016196109835,0.09985669196690289,0.14845289317142615,4.839927848375267,211.98478156403013,0.08855790863575903,0.1320396896201719,5.508439506064391,240.4654012449807,0.10182660982107895,0.15062247723541697,5.344848870353376,234.12539290319629,0.09826593792817656,0.14680883930397137,5.435089394083065,237.53273755035252,0.09990525598369952,0.1469551860379199
4.8402559705031,210.750901672179,0.08986778695690197,0.13097733183926785,5.632736706448505,245.77166086157175,0.10399508212462787,0.1540246267334945,5.248755266274027,229.52959837367462,0.09669592313123554,0.14407979844359664,5.279401764378234,230.4785204332063,0.09712197358785553,0.14330697591281766,4.725517383737262,206.47781316422336,0.08687580455157831,0.13006254596679206,5.566152783369807,242.50061681864005,0.10262039085191525,0.15214792521222326,5.286357728281123,231.63174581648076,0.09718840124178296,0.14531665882516295,5.1609087288348,225.2786990642937,0.09501514175182275,0.14268776044102088,4.8290873933557865,211.52493276595294,0.08919512713707771,0.13209865923232264,5.476248057642174,239.8795710388592,0.1004714344745173,0.1501293853465565,5.420883638280192,236.8621331281815,0.09982321945539396,0.14806276102129656,5.335827799820177,232.43838976091388,0.09820092249673727,0.1454754561173193,4.835498797292242,211.18525585563415,0.08930450395100008,0.13178825116084286,5.49969377827488,240.7546509456297,0.1011646728952806,0.1503404261639102,5.281965596323782,230.77636876002813,0.09676209524349073,0.14381774114269874,5.3240128472026225,232.6730097930492,0.09777885615528357,0.14462567035363863
4.482366079061057,196.03306462673171,0.08268182303079437,0.12216123293407609,5.266215024500051,230.13111123905472,0.09739782769343927,0.14373900994621192,4.900341421042668,214.2696186129048,0.0902185378077329,0.13593117770104335,5.067016463900548,221.2545142924762,0.0930063035782517,0.13870764879481404,4.498504333842383,196.78160191365797,0.08254439349938292,0.12126790819337553,5.253951074011994,230.44748329343332,0.09650686999529261,0.1447885624037345,4.965311777256259,217.38092598786253,0.09179854431251581,0.13644194230708523,4.928132599674899,214.776607948902,0.09044868444317983,0.1346510583663515,4.558056503322555,200.27176710549253,0.08372442212285655,0.1246396974054988,5.171287964318807,226.02579344848485,0.09511628572812655,0.1421450456738935,5.065313687393332,221.27284556431488,0.0931632037004233,0.1366387441751218,5.069011247729785,221.17431043642534,0.09334005027969974,0.1393909993445952,4.450015040628482,195.29797771572177,0.08175214852297057,0.12258903617377008,5.189569490187051,226.85829659529185,0.09593353114007952,0.14113501904535297,4.991007770251969,217.80038894446253,0.09169798892581682,0.13666593085721612,5.085903442920145,221.5338514190951,0.09342385729529197,0.13877838212712187
4.891199502627947,214.03542092828974,0.09001002124372039,0.13242741908400954,6.002451592549537,262.4644375875955,0.11043457422783341,0.16249037767383737,5.214644317762534,226.71900160558405,0.09578977173555932,0.14246902686061594,5.308134239323232,233.1229326061924,0.09733507779484628,0.14616383096145688,4.903213000792632,214.11893376716813,0.09025573613301398,0.13396664846296172,5.997866121995859,262.1484304238218,0.11051045948909123,0.16381537905559337,5.350582845389511,234.6954959228847,0.09805728100152891,0.1454916812058424,5.181845127252733,226.92261971751174,0.09556033087131807,0.1420909488806793,4.896151546010266,214.7460422314597,0.08991150990926515,0.13430999204837815,5.898538230794559,257.9545576137405,0.10874635804889296,0.16307493829267355,5.428143169584412,237.40265633128504,0.09994064837435539,0.1480907651076892,5.365447056861857,234.04776950107018,0.0990505674072841,0.1461851895943714,4.954865504124765,216.1700954385909,0.09130991627592358,0.13553401616165114,5.896390504256896,257.64035869131067,0.10843340328506339,0.16023485878333485,5.250188709562062,229.2618467691575,0.09645282600437104,0.14320666927331605,5.359325054187011,233.6834604783112,0.09910410928409814,0.14661947275010231
4.876580950257922,213.46502142714417,0.08994041681939242,0.13445496264569054,5.810829969242453,254.29082788193296,0.1066635551436984,0.1598008329055153,5.331797193308724,233.19753518588726,0.09846110559325327,0.14753665718647674,5.247456948006365,229.82630098171043,0.09691544962193785,0.14303059181104633,4.821341778602915,211.01239201642466,0.08827590321778143,0.131280389011366,5.770468870014199,251.93622179309554,0.10450543704727837,0.15973450258396454,5.34493722949812,234.7132646267564,0.09811532774276667,0.1460550406686833,5.0881475904752165,222.7900973245176,0.09410246581705373,0.13789512247060742,4.904330013192467,214.50093224138757,0.0905099712285801,0.13419176347883713,5.6633107591982785,248.05556645849995,0.10409599578021177,0.15396440406907086,5.493192946440233,240.77477362653835,0.10111657893037308,0.15135234732289735,5.307861818142898,232.40693356649714,0.09776969204866774,0.14491974782162045,4.959376840906728,216.65855742599823,0.09093084198281214,0.1350783248963945,5.684014406392264,248.8207514220087,0.1048732091026313,0.15652107577160432,5.352396821994832,233.75157758488487,0.09851381269771403,0.1460048426730804,5.297020734857815,231.81983953001853,0.09750550394983958,0.14507108825263174
4.649453047169482,203.3334911908855,0.0855375552685638,0.12765242665325363,5.391967448312533,235.15507605065613,0.09932990909660028,0.14626382662555612,4.958431860655256,217.3379354021217,0.0915217068619089,0.13626051274417636,5.115852869980867,223.87856196008522,0.09428866109598533,0.1399385602165504,4.569461697113175,199.660351327209,0.0844077465489851,0.1243915823328278,5.393030842635628,235.22475190186708,0.099159581954719,0.14932555082308716,5.022195138793249,219.6172664270826,0.0925362919335245,0.13737646296538,5.023999797258094,219.23090243896164,0.09279929932474365,0.13756883199241982,4.691442100473867,205.13358950061217,0.08666958845013921,0.12659054003037656,5.285728003575391,230.7818289126377,0.09724139419299827,0.14582587105697764,5.144028154762243,224.3560709709614,0.09451374163738778,0.1407416470851814,5.164955842220479,225.61123367080177,0.09500197894535337,0.14064525205330888,4.674820465005693,203.55809039218366,0.08606377998522763,0.1277865029099252,5.270482009577443,231.27905094908763,0.09746087023717716,0.1441741309858621,5.007271023352639,218.45857630343886,0.09214427518055673,0.13764514409866305,5.15569179433044,224.51622484762433,0.09510835908833029,0.14091099549266514
4.572379077128592,200.92716902595075,0.08410854550524782,0.12516991838871763,5.376087005207786,235.0900741838074,0.09895678698931254,0.14710232507834448,4.922897888836297,214.82008690380755,0.09082724270389539,0.1343832688442985,5.144405989641497,224.6127843007582,0.09460520033679846,0.1407523264290793,4.557331510113718,199.56676597679245,0.08382732900479321,0.12479196521035314,5.373570773904337,233.9234236611332,0.09928077059318108,0.14650799132787012,5.004281115677881,218.35780272412845,0.09227219317295789,0.13615333431186835,5.027430687798196,218.7286226515326,0.09277400154850232,0.13666392787680234,4.6770588947707195,203.80264467203332,0.0861870151943999,0.12640334183089477,5.22716701205815,228.9259876163339,0.09629008970805007,0.14268134053399986,5.092463786480495,222.70693152786734,0.09387992859337012,0.14060918532437092,5.1316284474462766,224.85827361581883,0.094257014369063,0.13990432513074771,4.5802965820851655,200.70919476587443,0.08413448817701355,0.12394601275989861,5.256261260439514,230.40452573071863,0.09658244606790052,0.1445210091011752,4.976918135326554,218.19220413720674,0.09192571017785169,0.13688912031243483,5.10907992286191,224.52935744683438,0.09397407205363399,0.14004055853046113
4.670138017290685,203.6744471862544,0.08634999895127049,0.12798794481220493,5.566444392836492,242.51627556361979,0.10230783755400338,0.15093259501603376,4.931072618493033,215.26719282486158,0.0904635780552236,0.13566237717380752,5.1686458058093265,225.815484819515,0.09486347346668492,0.14181693743033932,4.670916366128996,204.11259503425364,0.08608267406370959,0.1283827446110864,5.487028974945936,240.28937763356447,0.10070529090840186,0.15121513235307085,5.001093774494123,216.98777168009246,0.09259481428848766,0.13679763557760588,5.0982445149261055,222.89423921890204,0.09387071129768434,0.13951894287433803,4.742456400942891,207.66883099188792,0.08698046561458182,0.12916937936871611,5.414034032507864,237.45729754043163,0.09922061307144849,0.14654274622426425,5.134743670741518,223.94968297423233,0.09448409744623935,0.1418292178999881,5.1842151730645,226.93100577717595,0.09513925054215465,0.14215108299488324,4.693046731060841,205.2949584766762,0.08644961296209179,0.12837349444362758,5.479020292009567,239.0683869301268,0.10101623843989824,0.14751799803113919,5.026651316388164,218.63419117519487,0.09276654078130439,0.1364707781282214,5.185329815396982,226.15177363662957,0.09531905694787572,0.14263354146183477
4.633170796377864,203.1541852026093,0.08561994355452769,0.12715944570774346,5.521378940522153,241.4726903076628,0.10201130244451716,0.1509890528551173,4.904650245944853,214.7780680786803,0.09005861427948078,0.13359847796862093,5.1483738359435565,224.8458641827941,0.09499765947981276,0.1404835990019503,4.678955835195812,203.23693419183442,0.08655583010516449,0.12637170092772956,5.577300687493552,243.96822293914158,0.10252373786064073,0.1516015624822156,5.0375080830923284,220.35148315481277,0.0924976798524275,0.1365205481346143,5.040180401259888,220.55795067669672,0.09270733808287974,0.13929818961955379,4.6704732484199925,203.56696248062252,0.08591646647569647,0.12713285295462254,5.5132061794075025,240.25391956490913,0.10154823107123524,0.15004162644086746,5.0933575631394445,223.15981116992435,0.09414921162880485,0.14158299151234494,5.142729132780868,225.11418052029387,0.0946981175183147,0.14052193270838886,4.647369158132594,203.20643409296667,0.08561352879805458,0.12700053635121897,5.471149400755651,239.6669561010264,0.1006066286542248,0.15132021583668287,4.977118846307987,217.4360542288879,0.09148215664471479,0.13594928257739533,5.153998401247474,224.66102593000255,0.09528066036360774,0.14045272288448596
4.943398904952711,215.9651116644524,0.09112882884726,0.13461370605211248,5.435071680436598,238.22555379951422,0.10009356968915029,0.14914631928663716,4.741187378221525,207.29455919221996,0.08734838215089746,0.1292840279140947,4.884643230965562,213.84111969180844,0.08987666931531237,0.13397692793478233,4.853877086135933,211.53535779185364,0.08918857810328859,0.13240847389815963,5.430478561372723,237.02785965456798,0.10024712627366587,0.1489248879332841,4.753767515936838,208.0010866785279,0.08776468092074605,0.13028886679739754,4.877268872198382,213.26320567173298,0.09008598407681825,0.13306804503691452,4.817223399942812,211.54451215706118,0.08880102650966314,0.13061952047484737,5.22958966636933,228.5619034336472,0.09622707870430701,0.14228497273243026,4.6561286783337765,203.6719471837478,0.08545102388378605,0.12705744249618478,4.9006204080081615,214.46065131868986,0.0903697990925136,0.13348201612526842,4.875419207012216,212.87285282028444,0.08990386596821744,0.13454785388278476,5.42518786403898,236.9575653424023,0.09994839824019511,0.14823002011180517,4.68292790248225,205.8703578566427,0.08591983354404982,0.128135541033886,4.913534816821883,215.41156441777366,0.08975687026330557,0.13543714887564123
5.1684577699517025,226.19545215379327,0.09505736444655052,0.1417291377622908,5.357603673570693,235.12957218038434,0.09857642598017334,0.14826918467866904,4.756960070472827,208.237492946321,0.0872238755071394,0.13113790382144608,4.935279809382155,216.64622010015108,0.09043531205995586,0.13662925345430466,5.061394313019082,220.86307271821426,0.09345768270279108,0.13726363712936346,5.352497838632637,234.25166973949345,0.09841909429274404,0.14528095282055783,4.764928404323866,208.44983702203524,0.08730806631227717,0.13008087243876704,4.91264405745901,214.99871322763477,0.09039645061854415,0.13550367642101158,5.043799248090274,220.2180484343912,0.09243764108047027,0.1368589606752866,5.217735078331836,228.34825654619652,0.09614564577952968,0.1432378433091476,4.734016287736377,206.6550184952658,0.08717636963088038,0.12860423991957376,4.946674831304961,216.20272076294074,0.09128883428120947,0.13562321641904618,5.107308572742953,223.45798679818515,0.09390816009673249,0.13703852813786752,5.332857528836884,232.5272091222239,0.09811334274357927,0.14527500673694516,4.785413727438456,208.45037349441412,0.08816451752667413,0.13167548084675293,4.956268914974062,217.81209730577638,0.091194092478709,0.13556499195783342
5.027035958908522,220.2415404044208,0.09308398334430676,0.1385098696781069,5.484261271101836,240.12454298692202,0.10084994773606423,0.15140080780207998,4.769205385035127,208.8081614028177,0.08786114615689385,0.1315097655629008,4.914053729279301,214.77323821855958,0.09050192882192216,0.1339587205601743,4.932768981166391,215.9797957570367,0.0910759523904713,0.13440230655512428,5.419753607428291,237.1246048584358,0.10000635466796047,0.14629285073707277,4.811130085008382,210.74723367763104,0.08862324638268351,0.13265179907503089,4.909708291205287,214.27579475099367,0.08987003758953986,0.13272306656566965,4.933051819633427,215.12953009463695,0.09078517357916421,0.13448422008625993,5.293327332726889,231.36080238216428,0.0973852292446305,0.14458142503429536,4.690023772978693,205.89083219500395,0.08625820147467574,0.12871067159603553,4.968362442231658,216.407966496187,0.09127162383706608,0.13341204416032265,5.013081028550813,219.46665912435017,0.09186645498159807,0.1379875060877512,5.466558689018026,238.60486352755973,0.10090798121119852,0.1471081957751619,4.764532507137267,207.9469173293832,0.08761749715794521,0.1299939305040659,4.97537336050053,218.595072668821,0.09144481729631401,0.13495042632841858
4.889067410764379,213.81536463964596,0.0897222286112952,0.1344562737169154,5.557364783000519,241.93177022008314,0.10252573395312858,0.15100973702413964,4.631865060307245,203.3943296688265,0.08561859400380584,0.12626382466507358,5.054546910916224,220.81191827181968,0.09288102200319166,0.13891628921606944,4.837566761049832,211.94221370255914,0.08896529294934732,0.133006659932484,5.417605517229392,237.36131746332964,0.09977157971086134,0.14845235738098123,4.805264944021755,208.8621831371641,0.08882362230470432,0.13179962181876217,5.051522935460447,220.0482825029416,0.0924265031004634,0.13834196192472356,4.826731651112296,211.28502758434482,0.0886682742477968,0.13233048070157047,5.294169780571454,231.3529125205831,0.09746219584046047,0.1440914941977668,4.576079291614013,200.6730054006851,0.08429185719828414,0.12517840387778317,5.078915619952699,221.1834247444277,0.09370121489524895,0.13827363939707307,4.843366360435296,212.12948993217603,0.08910343064358947,0.1322403995125455,5.516794994850044,239.9561307132363,0.10175059217352027,0.1506846107851657,4.67416756476891,204.11836280873072,0.08581735055355354,0.12618728317703024,5.156359004928869,224.49328158091546,0.09534930427239115,0.14096739994651825
5.063569506372,221.71506795717582,0.09323594302116858,0.1382083394881047,5.633229277741622,246.06347429780166,0.10392496031008122,0.15376016288330557,4.802826039973138,210.1032617184979,0.08830077671353713,0.13014229863462307,4.822878228511141,210.5033815920814,0.08906330717142,0.1320104992428525,4.936734037599274,215.98866613931614,0.09108078745412848,0.13600100801304477,5.428492248143767,238.1796933904072,0.0997737988440886,0.14826888717611553,4.829635523716952,212.109375623523,0.08897811854339334,0.13294612392297356,4.851217465432632,211.92344215521607,0.0892641004464195,0.1322491528484384,4.951603352933802,216.31988511069522,0.09119448101653027,0.13585137769924452,5.3610797613636585,234.30865289676922,0.09842340389521374,0.14752547459357224,4.759326900761516,207.54481235876625,0.0876723703066387,0.12951351826731325,4.930278662224217,215.11788899945742,0.0909995876443894,0.13523819096566086,5.052172996036578,221.06315176248688,0.09278741643471007,0.13691903969990898,5.529273618327556,242.11957466750752,0.10203348492771477,0.15099788317682805,4.715648363438887,206.16088392287486,0.08650431620387605,0.12816277729069225,4.946785167200242,216.05238456890245,0.09096994121261047,0.13561524495859315
5.035748871465326,220.54035539398268,0.09258296285355083,0.13705720313902828,5.3200163650835,233.34361830984133,0.09769498254294097,0.14578098135254838,4.840841996379625,211.80768839507968,0.08902913322740204,0.13216384308282098,5.117302512574044,224.45090194335967,0.10817768728933785,0.1392155127774169,4.954720484239137,217.1465504109545,0.091382538905338,0.13524861085740128,5.250533555722388,229.56257573303856,0.09665687892398193,0.14413197007160625,4.960248745129149,216.5429957590949,0.09137352571848693,0.1373557023022551,5.116719436496973,223.24666619583923,0.09405064258683396,0.13994112507254716,4.988716529414365,218.00813915725465,0.09189265810506284,0.13657326038719525,5.04990990436367,221.35258727578696,0.09310931483620419,0.13924997507090378,4.864994826594293,212.9094732492205,0.08956639936951008,0.1341717900821162,5.15304300463189,225.4972703085906,0.09478261805322717,0.14022445728428473,4.976386882705287,217.83933502322625,0.0918855336817619,0.13646976861368604,5.285753991550639,230.79247062474084,0.09721153501226393,0.1442085088639608,4.90665850988667,214.72946938157375,0.09041325612152844,0.1344999229600097,5.16954049813339,225.7652052587302,0.09541319799758105,0.14100216594716028
4.926294181960183,214.73693849208667,0.09072929231915483,0.13547084067384066,5.723836407065008,250.06957511577266,0.10527575390945598,0.15600475162822258,4.939554945541474,215.60758277054333,0.09116727219802387,0.13489126419570033,4.999603909614806,219.13360700799902,0.09210165208138536,0.13836553467439952,4.776733929176121,209.32970983537734,0.0878656331022718,0.1325154411371986,5.630319535861638,245.7904396799753,0.1037657549362622,0.15197301103106398,4.985290858615091,217.35860533057752,0.09220827967537301,0.13574900002782728,5.0304713672386665,219.56264596908062,0.0926923955247758,0.13700474461564122,4.811049391334122,210.2245535418248,0.08872424566524516,0.13054510517356413,5.499972650899004,240.03266830318321,0.10108855718644903,0.150484773473909,4.878869898645067,213.15992062412903,0.09006735108556611,0.13454789875443499,5.101252514412527,224.47882108630566,0.09346617778394269,0.13921823140461143,4.91200726557021,213.77325963852815,0.09019622530965253,0.1356669564346058,5.715419846999131,248.95304716075603,0.10519527110594593,0.15751782038118584,4.867805626026271,212.60912070607367,0.08951710573253616,0.1336394545963989,5.110885142244433,224.16413350292683,0.09373719228481604,0.141147409324618
4.7577289403259195,207.74422908244324,0.08797154570209352,0.12941030358191064,5.336332040910898,233.04683900888057,0.0982891319612892,0.1449030221550646,4.64836625587496,203.44483219064844,0.08557578238776045,0.12717864865716763,4.739350578914487,206.3510299838285,0.08703766362753267,0.12932461374027618,4.6590619171896686,204.23170119799906,0.08547175472596473,0.12715724644198648,5.223190437552596,228.11172671570333,0.09621699906617201,0.14331108092251066,4.731261621758411,206.7336378698579,0.086655636152299,0.1281500600263582,4.746307689059925,206.42696502657986,0.08736150765856487,0.12804832781606967,4.688399798024578,204.95029424188505,0.08630060241664203,0.1271374368414963,5.10653487683716,222.75707698798217,0.09408096197239221,0.13842600080525463,4.640800569738905,203.37902389396154,0.08545343600219979,0.12823440014432147,4.798019536054063,209.8751907496605,0.08853117927057096,0.13135875038474548,4.747763889128258,207.20501318028064,0.08804997773363328,0.1296852341668129,5.23741591055283,229.86162990356115,0.09620604981506936,0.14317314543423443,4.665591844054536,204.33141903811676,0.08589629668559065,0.12696322944036345,4.785547230628194,209.72708380219427,0.08769127297319083,0.13071957476681165
4.804497119786981,209.51896747897447,0.08863826069542055,0.13143164372860192,5.34996491754721,233.25619063879822,0.09828443387388361,0.14549193356701348,4.711281842447209,206.04524464597742,0.08722521694901353,0.12876268306781855,5.082384102921679,222.91098114538633,0.0934290295856398,0.13864234593538072,4.76944574201321,207.56717689057575,0.08741085153647496,0.1304293971361602,5.252551548615263,229.39674147891088,0.09681495435727328,0.14357238014273255,4.792851113526648,210.2273313281035,0.0881736189508999,0.1294961747133644,5.054513204932371,220.311094963479,0.093054265945978,0.13735333115009865,4.754909062801744,209.1570349096126,0.08705217861789195,0.13119120421555577,5.126513884144314,223.90121422469738,0.09451354455477526,0.1390841659276195,4.636790117232023,203.69009565847514,0.0849090597364934,0.1278798643632836,5.111124224784474,222.63293514875642,0.09389431582322336,0.14061388286099052,4.72982610619118,206.32117321592662,0.08770047948280149,0.1282246308535419,5.289874250743565,231.73194498059598,0.09755992011706485,0.1461240097436549,4.740269657971112,206.7452564715361,0.08740576310410456,0.128657738458846,5.153703370507769,225.04964557626175,0.09514412200538777,0.14153712866620893
5.0150409229912905,219.32580511840717,0.09176873561525545,0.13706994886756543,5.388417218114963,235.00059955752695,0.09947075420318373,0.1464564908607827,4.768767249355665,208.44871727809695,0.08774015881622456,0.13196909627175887,5.038383450629128,220.08512572169576,0.09299126148784502,0.1380636323527985,4.868876051311852,213.8961309529091,0.08953538448452361,0.13424398411346836,5.305479164104019,232.0563125546089,0.09780702668151751,0.1465234435611364,4.78392887043182,209.48199944504165,0.08806303295709858,0.12967236617423222,5.0016425873030235,218.92640260843348,0.09197622724791711,0.1369211854872323,4.959324041105583,216.15571695287053,0.09113492441637745,0.13339879730836937,5.151984282031595,224.92879938264986,0.09521405665133519,0.13998742243858733,4.7238087306719,206.1881641614458,0.08705852008147913,0.12881304174793354,5.049915709780432,220.8424619189173,0.0927838326397137,0.13610027430168067,4.93205800926904,216.1875294373653,0.09018308705353696,0.1334135930021968,5.323059968589931,233.15575836102917,0.09791410978605442,0.14670226519121765,4.724378242782292,207.5312227152403,0.08686310431337327,0.12737187053901547,5.068690402414878,221.78214713935708,0.09326552629943753,0.13814410927518553
5.295381221319509,231.50978474307723,0.09726539790705643,0.14518164305558337,5.479647362779621,239.38328664394248,0.10131276572611282,0.15029954483118252,4.845270433312155,212.1838129802842,0.08951170470374312,0.13152428505070074,5.191411646697715,225.60507816577322,0.09593266357889317,0.14077514215130355,5.218603251314388,227.60058174395758,0.09594654104453315,0.14309089446928042,5.41512919621986,237.22198428207597,0.09940385743610378,0.14906911258498431,4.892416878148021,214.07959261692008,0.08984336396556931,0.13278233850799484,5.129186991766238,223.86512947354456,0.0943534304048704,0.13999436663785436,5.21001391436008,227.58874471392622,0.09578140952104969,0.1417065318640383,5.268877346445852,230.3296093454093,0.09701219372495501,0.14428999705601744,4.760409424487136,208.47875931953587,0.08751535192158248,0.13007161930140138,5.129124339079302,224.74947661707617,0.09442525881261189,0.13977828810583298,5.19911638532216,226.85503398137246,0.09530597734622251,0.14138753316179817,5.4199295650365755,237.03206346194617,0.09933392706565893,0.14644257094137866,4.829087814536798,211.55264158420877,0.08919801222440353,0.13164885300434628,5.189706581634276,226.60166649104724,0.09550895334565151,0.1406612751617864
4.938858382687789,216.2327737010935,0.09089741017303293,0.13380507850474466,5.503380298676692,240.47690450146874,0.1014356746544218,0.14808108024378097,4.734843769797678,206.2329656820375,0.0872727496518019,0.12958626272700005,4.924360441137162,214.2298504205483,0.09084365846935985,0.13348685482390568,4.82611515264301,211.30550503820075,0.08899549834136578,0.13150808099953246,5.410094601954733,236.16970073766416,0.09949270080282555,0.1469348118780193,4.8099409283652,209.75533399373563,0.0885337774998735,0.13028992073250936,4.904342428825625,213.7534245413952,0.09092846512591264,0.1352725955659073,4.85485750653425,212.98585087519075,0.08953411050171027,0.13257405379119008,5.250408319520712,229.88528349393454,0.09589770324142957,0.14439628352287626,4.689086761088916,204.9513628903708,0.08602944198899619,0.12786211352737237,4.953857418731516,216.18607787287394,0.09127497849329685,0.13575436487376205,4.876675000715367,213.36475889221427,0.08977037079174113,0.13412035413827925,5.439301430536323,237.5157003039754,0.10028599184428975,0.14870851305196975,4.66746349794655,204.6013108197901,0.0855941142695581,0.12770461847590492,4.993388510930944,218.1924726076201,0.0914223480150329,0.13597750529282085
4.9815973451524,216.66614683549383,0.09169752365870991,0.13694375889254448,5.3823081949330405,236.00441076990816,0.09936024987500672,0.14711240036480663,4.722717297226574,206.895816063274,0.08652871388623629,0.13068505612216172,4.81703733708623,209.62907806832789,0.08880629434132054,0.13108695218998948,4.853458341328086,212.43181913871473,0.08929967545687016,0.13297340927662982,5.30931512914649,232.33802027025945,0.09771655081961306,0.14499753458673512,4.804227500280702,209.6284495678946,0.08825078430965469,0.13063881952117978,4.810449477130801,209.99518301668056,0.08878223852417319,0.1303784622806415,4.908513479271861,214.36701267191052,0.09025316544422665,0.13385321080962603,5.226742890481006,227.93344685197752,0.09600069759217837,0.14180788503470676,4.702638451275686,205.43824632281576,0.08636619639606226,0.12845192405777078,4.83017152350334,211.15228303405502,0.08919633373626858,0.13311004260235262,4.958279556916411,216.5384017204114,0.09153580802794722,0.13671976873677855,5.353422440452746,233.38748001273848,0.09810421766220544,0.14481747911447237,4.692704436660768,206.62281154219343,0.0862535998958409,0.12830191246003989,4.878892203378884,212.42359694013786,0.0901961987627568,0.13134530316575493
4.880602288527406,213.1977540394253,0.08948022575102481,0.1325637230178705,5.357878821206812,234.14866792731812,0.09877167541515867,0.14649283558313358,4.841823431259455,211.0408144097522,0.08905973966567708,0.13056063075883692,5.060719801113439,221.26415675647652,0.09264012195540887,0.13878459480850008,4.878767972502949,211.42970558088734,0.09013481249526398,0.13061684343009194,5.287280143505759,231.65387250147012,0.09730700011327521,0.1449059472313111,4.947998159100777,215.40135290479697,0.09153042109809457,0.134880078157197,5.0186495147412105,218.2671004186531,0.09238499051112864,0.13542865314537933,4.820602632247977,211.40468211874932,0.08882350637162084,0.13065709994964617,5.10632847907931,224.37074605713246,0.09363497160485264,0.13942729686972746,4.812018007752409,210.2911143779,0.08883016619984456,0.131148151079596,5.0620655692367995,221.2420315207455,0.0929192658369384,0.13835459170831116,4.807689002756245,210.04615011893864,0.08826843797390342,0.13080778228651507,5.296311985562268,231.89411510187173,0.09794035625942081,0.1442975448457607,4.866987178962831,213.13202718172744,0.08984722259303382,0.13248904122151825,5.103802016010187,222.58724655411402,0.09375395011764084,0.13741908639441303
5.091714903791518,221.7762529723682,0.09336268679554074,0.1389975213850959,5.523071982319955,241.55518866652994,0.10151028537852207,0.15219147059772833,4.777533563475883,208.52633245749283,0.08795215812038985,0.13145283736349386,5.14085319776418,224.0097975744981,0.09467324065242522,0.14003151920079432,5.0132134779185655,219.63131357085203,0.0919960138128375,0.13775715849803954,5.455474864535465,239.40368424053955,0.09997832051002147,0.15096781793013497,4.882352901646086,212.38987210063829,0.09012191405291593,0.13466633549649354,5.0556329206860475,222.26438961902545,0.09295950685165207,0.13765644306862762,5.020110673815736,219.89618556192838,0.09240499987053946,0.13732159594467017,5.359037195472117,233.91267034306242,0.09832662862214671,0.14558799693421426,4.7215541980470315,206.70313695191172,0.08718220761897101,0.1283046711995665,5.117611349590493,223.47432151360795,0.09428358902569677,0.13926450503518797,5.0021448472099745,218.55797148967176,0.09208641695156376,0.13609691253038997,5.509023140087272,239.87455022229219,0.10087523557160631,0.15057058151538585,4.759329866198483,208.5084898218261,0.08784874138217319,0.12950514160129517,5.154504239509042,225.0883080755326,0.0949690131904343,0.13903759634361937
5.078689377532102,224.05167393896915,0.0928923705845703,0.13978207489460856,5.42079282728298,237.087052025796,0.09978590477149772,0.1474895633566722,4.731560943785574,207.36641148307274,0.08698726886159391,0.13001949594816933,4.893398115319595,214.0960474029294,0.09014874990866029,0.13453282665994706,4.978409979014029,217.67338458456777,0.09176661113851663,0.13499385251476623,5.37632555549321,234.94713994988024,0.0987621640354628,0.1475946673543939,4.820090887007461,210.3018061360206,0.0890350691972144,0.1313766343137752,4.87765399843222,213.59628700070948,0.08960226200609497,0.13354644499093754,4.990433907971665,218.67460442726625,0.09151437971843793,0.13475514710932732,5.21125498820788,228.40722808463397,0.09585651603055421,0.14164184537953928,4.720438650354124,206.16724673905492,0.08687617458341172,0.1284760665661386,4.888260202584251,214.2368029404438,0.09014361390805764,0.13325702655171262,5.069246247085562,221.7065673733571,0.09292953700866312,0.1367698312849777,5.357341271719561,234.4441316637753,0.09820726085980884,0.14655481770884934,4.751783877022665,208.2327558254761,0.08708939532223287,0.13016940598289933,4.931307852759029,215.94312969933253,0.09056771362858948,0.13434177302241096
4.961908108994034,217.14524347757236,0.09134541601951249,0.13579634102736365,5.513601936120075,240.75735018244745,0.10154778285973848,0.15067321359378377,4.733797053809026,207.4067726829535,0.08701671855399475,0.1292978353632185,4.908678981375976,214.21758969633234,0.0904265735637557,0.13487611774908623,4.900161738250384,215.0992531652044,0.08986899859596342,0.13412863722108379,5.455155485528202,237.66765228253485,0.1005308039708984,0.14732192857261175,4.775764014026527,209.57129777590626,0.08813060998968976,0.13249772121988707,4.87874874526732,212.01171425313697,0.08986903608974883,0.13275757388728002,4.926284519358845,214.71190536236142,0.09071181320096573,0.13537786292094542,5.256437288562541,230.05431696264273,0.09696836514433575,0.14218705908471374,4.6983261826085005,204.75221354897226,0.0867039620323258,0.12847759961834312,4.91931106747626,215.0098205889077,0.09073866334703501,0.1342087227052023,4.924651659166986,214.79886789693558,0.09044751646597078,0.1346468269341713,5.43675816869858,237.44729165392212,0.10022526458604082,0.14978237682106227,4.710346051162517,205.2466999438169,0.08630954838006195,0.12942395923822528,4.944952858593199,216.72366418978777,0.09096602367123112,0.13598553877665542
4.948642821422569,216.18319919079988,0.0912769990064039,0.1346362862594543,5.416270101306798,237.91243475426757,0.09910658535291848,0.14861671732015777,4.812172949498353,209.14906494484893,0.0883268003218137,0.129989398828977,4.975962058554527,217.4275404440034,0.09213012552225351,0.1361168119278207,4.840510407162993,212.08465089667004,0.08885219943680003,0.1323694722138117,5.384771348737612,235.3715171224032,0.09914431132538037,0.14828536943393172,4.8522740536064,212.49920648873206,0.08907644394805503,0.13358331757372194,5.00184611895972,218.09707310812485,0.0922207174454063,0.13626270426865356,4.862867612336306,212.85678797625795,0.08957192300656495,0.13107241154749036,5.2536024844860325,229.0363541617377,0.09650297357638285,0.14317450921819969,4.745058819957601,208.02801155424257,0.08723926253138982,0.1278378995093049,5.019658836992024,220.2431681862154,0.091556588148859,0.13745043408594804,4.90856946585427,214.25184169558136,0.09070521132774391,0.13281023344220594,5.423468850264797,236.412641486021,0.09983837439895869,0.14712376354841206,4.809656319561575,210.55327837277736,0.08823734956553732,0.1319784830258454,5.043735243502727,220.73743011915502,0.09264270101601926,0.13821611887113963
4.8962776828767165,213.43059505110423,0.09033301302383634,0.13379309048254015,5.312830937436743,233.16489050381938,0.09777574013695339,0.1443936688862001,4.72161039932655,206.97779939958383,0.08713524054573682,0.1292733722718825,5.098087870135954,221.65169769591094,0.09449124267924977,0.13690144265703275,4.855888108025736,211.15628503952388,0.08915963065764386,0.13085172004959478,5.258678869649075,230.05213204987186,0.09700512294906492,0.14448715973131102,4.808005937418558,210.36481802596248,0.08877966560319049,0.13163210033804448,5.009370200753648,219.7268730451759,0.09215557430023387,0.13692301936050094,4.866415104276628,212.04889865845882,0.08973663894166028,0.13207493153192573,5.124765402877222,224.0362047847523,0.09453920269791176,0.14083367231588034,4.6389587785753275,203.05095487805107,0.08553813654672539,0.12653745310112427,5.069320159976278,222.4392859546081,0.09339743794167843,0.14057037104589215,4.797568132548301,209.60177022133857,0.08853334187798984,0.1312232005006925,5.2916854465541645,230.72234833972888,0.09712234172995884,0.1433127161802827,4.723904073822366,206.9948613159566,0.08750520215799075,0.12916251466511017,5.098828926017643,223.34804900081252,0.09394123052125211,0.13964735754188998
4.986711217486155,218.1112268822895,0.09141437344637207,0.1366832144528349,5.46154164557454,238.93914050387576,0.10077937342292657,0.14940231828158695,4.795977084722572,208.98501922919687,0.08826956119710806,0.1306673172980706,5.0938191820465,221.8124405572245,0.09406658027230765,0.13892581895967188,4.897294375797872,214.647243428286,0.0897534695315756,0.13399634786755513,5.388620831930547,235.06572559777527,0.09926426992980447,0.14573061985087318,4.907875865107626,214.26992891837722,0.09062163787914299,0.13379789488792163,5.028459941266305,219.62822147923674,0.09282457054106372,0.13830646747789493,4.923182233688443,216.19921278832936,0.09054069715601869,0.13478549889873326,5.194484402408082,227.3056408269914,0.09605304823779721,0.14161208200636988,4.772848113283004,208.17871634297703,0.08783873741484306,0.13056545800667843,5.075436754934977,221.7624872543398,0.09341486147535216,0.1381775587997323,4.958575379260841,216.90912632674207,0.09126859469389138,0.13554103973457698,5.414572692970362,236.16434634335138,0.1000235725800741,0.14833177903909028,4.813917863341115,209.37514739711997,0.08873114528901359,0.13127171190393,5.157563112882261,224.81963764571094,0.09502415759447318,0.14094458452217545
4.823652244472539,210.43208507643396,0.08868165272448145,0.13208421536992376,5.318969209728234,231.61635332486352,0.09793858604639796,0.1456263642657215,4.6162858098721555,200.92733214976187,0.08504415111754801,0.12399860877361542,4.918332259997581,213.57947296673822,0.09060229510826164,0.13378888683879048,4.704195241903177,206.2360271748375,0.08653507043042484,0.12750444406429776,5.2373674581015175,228.57276457401343,0.0964550953899265,0.1440595769587869,4.646239029980071,204.54928548081975,0.08590971012735596,0.1274835970639313,4.87491486046059,212.81520263079207,0.09002083589468757,0.13245235819572596,4.756388854967021,207.69911407343847,0.08784892226064389,0.12992439934788477,5.057773029898004,221.57929422738746,0.0929262486455883,0.13950505356339216,4.566655268358918,199.4520178500542,0.08350394116350417,0.12440400221322903,4.853636136975333,212.66222961214098,0.08952432749200004,0.13334394190698687,4.758789130827513,207.38419270613744,0.08797122131967648,0.12921473725253438,5.20497711287388,228.60199368086464,0.09591931131643432,0.1430570972934812,4.568066885242902,199.1402333840391,0.08443077146864965,0.12516628131919716,4.902726377597487,215.04100277577487,0.09008218346822824,0.13396083177708146
4.828627195771444,211.56868162244817,0.08858286850562112,0.1326664642583347,5.479013816088262,240.63237714230522,0.10075764941893138,0.15098378409170674,4.783224439505278,210.4147251604502,0.08772851713534964,0.13075727544504448,5.227464010683619,229.0058974374445,0.09612168682714309,0.14424039358797328,4.7663358302427685,208.54074585828144,0.08775019636425865,0.13030060371909727,5.490681099781767,239.97801836041174,0.10104515350581521,0.1502872786940311,4.9501618333776785,215.6353097659379,0.0915294266491492,0.1352861534824528,5.1183465182184165,224.35095242663846,0.09418928919497822,0.14115741285230723,4.808264457037663,210.29106502891295,0.08857124181726386,0.13211667182004844,5.389854696499276,234.37222754661965,0.09940766900116899,0.14619579755675818,4.813629536769437,209.46156712486786,0.0885135860884804,0.13150191701226843,5.179174504249736,226.79617902708233,0.09545336492876821,0.14088723761689936,4.733453415827051,207.1505608863631,0.08696008545797691,0.13009317420444186,5.504381190080784,240.3380948271133,0.1015728958852586,0.15195975312005097,4.8896449755252585,214.1828901391303,0.09005450447848293,0.13458686505877068,5.273369937982275,229.79207201096614,0.0977690233797413,0.14309970848186893
4.933182505714078,215.97560303202962,0.0910022837909761,0.1341140554962563,5.316175286961868,232.56800693960147,0.09798908952575835,0.14521280662121852,4.617354243435825,201.8613245555477,0.08495982477065979,0.1280510814331347,4.893035371271983,214.60299884465348,0.08950456728879275,0.13548697854775069,4.85362240619222,212.12202197412776,0.08966322099051821,0.13336332516577415,5.347073466945195,234.21598374710234,0.09847788106542488,0.146028402560174,4.654302580433015,203.67059574341016,0.08595942267971302,0.12650673638018395,4.892111285532337,213.205040658261,0.08974784605270603,0.13275041209149355,4.819522549759181,211.04605304067434,0.08881124236976558,0.13256417844872376,5.156773523835971,226.37633940645495,0.094817211887119,0.14305547217714296,4.55274645002739,198.4104833075714,0.08400642291636647,0.12530626541905432,4.866339206124585,213.05150813940855,0.0898421378190541,0.1329109111406612,4.818361647848988,210.44157695819806,0.08850565569780967,0.13019914448093367,5.301674115815758,232.11513089939808,0.09784775761169372,0.1458660664458288,4.631206398751874,202.14584449789143,0.08569324562182751,0.12612039529860122,4.924731078935018,215.12923188751336,0.09067989326679655,0.13405172720054293
4.979280161237117,218.42924707983727,0.09159424936493367,0.13741990437075108,5.452571296893979,237.3586620406173,0.10062981490963,0.14847865893317136,4.5990696791988865,201.49578937644773,0.08473789771823723,0.12530162947257742,4.887558800762044,213.62134280143493,0.09022852620570128,0.13265435025764208,4.912887805285608,215.3135623323164,0.09045826951788018,0.13507041252475788,5.3247571939085265,232.85984228747475,0.0980590534440411,0.1459764770693815,4.708285963424881,204.76554707046606,0.08704926625269786,0.12926666828834155,4.910705914543723,214.64792497153562,0.0908687779714545,0.13477308912755087,4.897616592860337,215.3073653769282,0.09015539105824026,0.13337067440250785,5.191762863147705,227.50783955469657,0.09561690925268242,0.14112828276264935,4.550699579511847,199.59934150378112,0.08345994137739321,0.12532573370686537,4.926622569784589,215.1094032343668,0.0910260031332184,0.13577555940679395,4.949608370834166,215.92376337226526,0.09077085378989244,0.13394861170408856,5.369800354192944,233.92734547838714,0.09886447832065176,0.14579368160390602,4.568154869455356,199.85830260845444,0.08395094775149713,0.12400736990771778,4.960194196547802,216.67577882951744,0.09195369839874341,0.13678895276216727
4.741867690514681,208.58447569847473,0.08697691821738295,0.13083392044587108,5.421509090720854,237.48034826793966,0.09993709053224878,0.1474174467853379,4.787889570122246,209.21557956739815,0.08845877553811152,0.13124131462957758,4.821180276312866,210.790944343417,0.08807667128506028,0.13310042641145153,4.730493918760253,206.4006522835055,0.08749925149257172,0.1285794675427633,5.367601825657161,234.07171678119389,0.09908335713103407,0.1460265506202853,4.85215950430071,211.25409008099697,0.08927173092790582,0.13272906469791848,4.791577142388748,209.24059048880696,0.0879928602039386,0.13117656206691794,4.72083239793602,206.7587010555723,0.08687541831776824,0.13035884836626715,5.221391887303998,227.65883091882935,0.0964270327510663,0.1428293599564442,4.7766671462891095,208.62274186639547,0.08784745589928857,0.12999342208527967,4.890947185878743,213.44591759490032,0.08998652733679795,0.13258159195423322,4.748468705942892,208.01854813400917,0.087184981476973,0.12920044892598537,5.364561824079585,234.70989678548435,0.09852623442126837,0.14800690522363447,4.78611339120547,208.82649775080841,0.0881617226682195,0.13121132935107957,4.927051409252564,215.5906483785994,0.0906536477793388,0.1350859344127951
4.7546466401808765,208.73086936431514,0.08767271565761706,0.13033188277622576,5.313125955860319,232.30316910233114,0.0980100819138123,0.14593081656485912,4.645267677758662,203.15940850525357,0.0856365610349489,0.12667815041629632,5.064180940656246,221.16426884355525,0.09303608558089076,0.13904206120571921,4.731920079646855,206.69949553612113,0.0873520414007752,0.13074893862937248,5.274606936148626,230.37386467417335,0.09736458794126647,0.14339715903392541,4.762779496771225,207.8885526552912,0.08765618673110871,0.13084147793555764,5.0248114737954594,219.5560810943017,0.0922056682868209,0.13667285000576965,4.77427739767636,208.08500491802448,0.08770779714506406,0.12982152658041662,5.122991224359234,223.0165507272047,0.0940558128732091,0.13807160617062736,4.579513878684942,199.84020875937475,0.08469582160718116,0.1250115613629326,5.010327122814963,219.66311290436767,0.09174480544053576,0.13732289019211777,4.68635033877146,204.28713635720572,0.08588886280943607,0.1288272692469443,5.299850970844373,231.2035927378749,0.09744123407518272,0.1458133115494954,4.6695046457754135,203.9252028375483,0.08600624711980613,0.12686977027865715,5.094637078024396,222.47221961528666,0.09358351899372286,0.13968261157562012
4.876475008661353,212.78342850506831,0.08951136561698028,0.13383385127879396,5.376618802545261,234.5860664331946,0.09918374257241083,0.1469819822133412,4.710595617883577,205.5618334186855,0.0869639931441947,0.12773472932995691,4.817525063271554,209.85690022137032,0.0889529781671324,0.13067366751936463,4.757840818018032,207.14557517885132,0.08726009966909438,0.12991704591673714,5.334700500573158,233.2796430916199,0.09836470387492868,0.14656325203972292,4.7658654389781,208.26937568032923,0.08764272700642257,0.12919220612710033,4.8268564706895996,210.25343849842548,0.08892435211924972,0.1327816916505615,4.761172710543692,208.58150348081418,0.08796989379724905,0.1307828615827944,5.235547968178718,228.45499694683454,0.09615512657063657,0.14352357475013827,4.62214087371202,203.13610991692343,0.08491524872842558,0.12737670424311712,4.832996630182926,211.72965417285397,0.08879316732183812,0.1322339743065784,4.800706888505284,210.46717995197315,0.08828040672809605,0.13161736959614312,5.336082342785399,233.7554975339632,0.09808211844326895,0.14620786306564745,4.678471244356942,204.23398092402317,0.08612079764482862,0.12729442999573473,4.8351373433588805,212.54102225913633,0.08898274762282574,0.13259703826452054
5.022449068155714,220.03954951642874,0.09235863307358992,0.13764910366617614,5.540420955718746,242.3748813556457,0.10217165707737744,0.15035751475357337,4.776068555401405,207.76288658680477,0.08800098998976989,0.12918142840066907,4.955784648829731,217.0546691752592,0.0909945327337436,0.13565131879353753,4.930651994044572,216.15314739594794,0.09067182904542312,0.13499290160540975,5.478133271582449,238.74822033335974,0.1006954416153491,0.14964068930037264,4.840612700023243,210.78284460441404,0.0889983561073325,0.13185571791564912,4.96274813322929,216.98968988655056,0.09126089642562729,0.1367219341626907,4.938246290532664,215.92691250159675,0.0907341818294416,0.13580292059491889,5.29977032508021,232.21554413029364,0.09776306340557761,0.14587996801027384,4.728160104223573,206.31901663516143,0.08703944636090535,0.12958333646083914,4.966160375332177,217.72355052739886,0.0915080145190098,0.1358588631982523,4.975584558182593,217.97224195155286,0.09156007442945438,0.13596103045419175,5.475761371553484,239.2994558700742,0.10085588445712507,0.15114964001865275,4.77728578320875,209.26003931144828,0.08838737658697508,0.12904333942358687,4.995409078940909,218.63340285948473,0.09190465903123678,0.1364941589391127
4.859003874382147,212.21229214672007,0.08967653027199195,0.1320356790531399,5.201014994212322,227.00419537841117,0.0961700475477683,0.14165959609281759,4.638033420925902,202.40444165169404,0.08528966606037938,0.12632765589399866,4.620702494099234,201.8312246879079,0.08520577975037287,0.12496379197592832,4.716199206225418,206.59104340464637,0.08699541815534988,0.12908895395272438,5.081844554784623,222.03344941446818,0.09361190889891946,0.1390021872053289,4.702368519593018,205.22702182437533,0.08638182761724393,0.12697468325574446,4.63893531087081,203.33930582031547,0.0850533025167232,0.1264913542233232,4.782321431626216,208.8144683441866,0.08759052363272711,0.12927354842745625,4.89959594616828,214.7828021388106,0.09074038252967301,0.13446137626689444,4.623461297440153,201.60298515878654,0.08515723218886767,0.125360260748041,4.6782472376710755,205.48935449354673,0.08619404283784506,0.1289260924899525,4.828728455380013,210.5343732642562,0.08869659881794759,0.13109471563031594,5.067032671253277,222.50042817255238,0.09356413532824999,0.13885884646668217,4.632129891493637,202.07431760692688,0.08527964459300703,0.12594524404035964,4.67987510103484,205.21585278388457,0.08595190555616775,0.12807938190842053
4.977294323769279,219.21033324079755,0.09137417862422083,0.1360827962323808,5.491683415310934,240.83717272949562,0.10134752513542444,0.1509568565471898,4.695109628403413,206.2997047521569,0.08642917963328275,0.1286654141092742,5.198179170640435,226.48258253351625,0.09575132455670722,0.14319150616785584,4.952310818670716,216.6751851875957,0.09116113233075182,0.13626642021088728,5.414425904785169,238.54331084739724,0.09894095040632164,0.1479963726405917,4.856316371870626,212.09807319331478,0.08935854925647742,0.13333831557954284,5.119071371200938,223.81181315706291,0.09430124130410433,0.1393349518332723,4.966709695262711,216.27779434831675,0.09166309539691019,0.13514325288688325,5.244324714508784,230.27130697822656,0.0961413464371184,0.14406615406451587,4.680528181047181,204.93805673288557,0.08596311694774653,0.1285332070742635,5.120485087740984,225.3404431958108,0.09385571291033967,0.14044752025470658,4.938523928229419,215.56014450498515,0.09127430216280163,0.13542935776107268,5.456641758457016,238.41320798380218,0.10058956050730421,0.15071802434503206,4.807490341211647,209.45499438899736,0.08825668106067633,0.13191106240623815,5.216355852652553,228.02614594172428,0.09550650015553591,0.14322637548233672
5.3020542249163825,231.1759776172956,0.09736140555379214,0.14371044183480855,5.494236303828965,239.17477954948313,0.10123739631562659,0.1503547374665197,4.880744849096539,213.24044708827327,0.08980199669042684,0.13345199408628133,5.118203201394862,223.7710626442445,0.0938543497823237,0.14075646446938067,5.151817098759362,225.30828068716602,0.09493876789552383,0.14252455793595792,5.3578257967143905,234.01310306333056,0.09845662771800008,0.14675811351306361,4.88684612867821,213.91542917378615,0.0898063166334814,0.1330093621951987,5.086494082822377,222.3892509132325,0.09337500847954455,0.1384786746686838,5.137236369617886,225.59464295270288,0.094621697005958,0.14254905226214304,5.214774506677594,227.4670271491189,0.09615865005726881,0.14242192634285555,4.808030329657253,209.99429639230297,0.0886556589239174,0.131838346191047,5.149870190617922,224.05443955070905,0.09512574635802057,0.13785406118055216,5.157820225383747,226.04485693546488,0.09499719355319022,0.1421797732872367,5.355822954320757,234.32985306933836,0.09891377744352113,0.14663718132808465,4.89977895510291,212.43056953430468,0.09034695499671827,0.1322815113346851,5.206658269758628,226.2533091443051,0.0963249129560112,0.1416428148661729
4.922423795215904,215.5234307195879,0.09047758132375903,0.13565558132947078,5.239343215708361,229.7939752339663,0.09642054183531246,0.14279550559204773,4.727877109898872,206.12199362572213,0.0870350075021577,0.12725388979550747,4.969984716426995,217.51846399422897,0.09149964755654087,0.13522107611552464,4.860535877676646,211.5376328652367,0.08960187993178759,0.13257312281419392,5.119644771180237,224.33066423280061,0.09441352775600764,0.140622797947128,4.771230547513109,207.982211434457,0.08826773240730822,0.130221699931574,4.920499694361766,215.38336069339388,0.0906013304390519,0.13647119234446273,4.911866361911304,214.22558901858503,0.09069964215051925,0.13228485988623975,5.01436427211901,219.44873362970264,0.09208136722417778,0.13551199859158258,4.650159218596461,203.4271570349813,0.08544488425247358,0.12774464475022804,4.981854900207175,217.97692813121014,0.09172390828410833,0.13656131768537472,4.869028526963203,212.70246797779077,0.089362265490987,0.13161757122677392,5.131984974859107,225.00779322491906,0.09466785317694167,0.14061282174396628,4.707383088633276,205.3235731336944,0.08650075606566598,0.12832549652478745,5.027165176691535,219.12346265067893,0.09246767406325601,0.13667046439395422
5.048668774117814,221.64636673954027,0.09278777921256681,0.138350587368927,5.432990023256964,237.79496895682158,0.10020895683784116,0.14912977804047897,4.737033735640065,207.27369343231823,0.0873626455357833,0.12983264470440442,4.885871422772729,213.71627969559003,0.08961821517580792,0.1336449228993969,4.937299458930249,217.15248467422677,0.08823708922242954,0.13571373426665068,5.41048445367739,236.93329299923943,0.09958398761886685,0.1481650357515075,4.783331814637752,209.71663152319476,0.08772008052075067,0.13072595214243793,4.893525517736245,213.01319534895222,0.09007000468227191,0.13365618582365724,4.915166011284139,215.45586910066075,0.09015436069365075,0.1349628117680795,5.315293643635215,231.16082605306076,0.09788383700525713,0.1466063469454547,4.646296896435118,203.78708505861832,0.08529541259826347,0.12723592414302262,4.890858048176418,213.69138929902965,0.0899678135086499,0.13425471550014673,4.958656610631463,217.98161621862755,0.09085938456986749,0.13756067568730518,5.380743875142516,235.75718288084965,0.09871455310525686,0.14618468168109,4.736296115594967,206.31579351823342,0.08762280037921702,0.13079563838392122,4.973404546227364,216.65824099099336,0.09153253266850032,0.1348191898454734
5.042037691961874,220.64928630887363,0.092919120769946,0.138171738553452,5.355576070752944,234.26446106728966,0.09849347833858654,0.14588805291997564,4.80014634333876,209.61963365680475,0.08814667603769383,0.13135376024285655,4.970932653033567,216.10152137497315,0.09174816752936356,0.1348231289790008,4.957494096552997,216.29321962483408,0.09161475659610908,0.13254393131747716,5.257115340998693,230.09226509868358,0.09632564377214674,0.14458412969939669,4.821336460823468,211.16315266838566,0.08870049559572336,0.13143950080774996,4.908552020973554,213.89904018938205,0.09080555999298301,0.13352988301169855,4.944128420884783,215.77200067072695,0.09132334718212379,0.1353427922973492,5.140610417957213,224.8223236445292,0.09417561596307462,0.14234670969464858,4.747105028906157,207.7663175828587,0.08738733473168184,0.13025268145289473,4.9292707691397375,216.28886818870748,0.0907216376837394,0.13496319357305137,4.950334559918795,216.6079927055023,0.09063777804528561,0.13532196572875435,5.282234526223606,230.78114961740908,0.09733133333578012,0.14301785492803307,4.788903518428973,208.88662168923454,0.08819459320830206,0.12995245526998483,4.973505651150277,217.7533941760073,0.08978368982201865,0.13674599017598685
4.946597249638954,216.09615219413712,0.09105626448356091,0.13577797480034015,5.41869670355141,238.1799579523746,0.0995508837956605,0.14958045645895118,4.708257129776293,205.67222058072164,0.08687791578901717,0.1281674454099365,5.049588973994565,220.9844773985526,0.092672210739594,0.1366231401363493,4.887203466121927,213.04869079598856,0.09011480001113119,0.13229933198264024,5.39424672001716,236.00275155751538,0.09996388338047074,0.14860412324000377,4.840114954398525,211.63934635448084,0.0895012397564737,0.13159931023133936,4.96288258616071,217.41199068677147,0.0914130366326972,0.13487855627579337,4.84873097991164,212.70750095317982,0.08957458273232864,0.13256513063547687,5.228916931020678,228.17955565728283,0.0969602914125991,0.14307697982908246,4.667723187499799,204.15981623003276,0.08599815488339202,0.1281627106655941,5.000354094361824,218.46901965602186,0.09189056969011736,0.1365127136158017,4.870698931465006,212.9280261877468,0.08924672838359227,0.13289796615061497,5.404149584216593,235.73471064345702,0.09957661231763718,0.1458777941039686,4.801469948830948,209.5611278957306,0.08825419364345648,0.1311833127793211,5.0937339668993005,222.6902000748154,0.09374867302801003,0.1405522216883454
4.94781703731065,216.0522993713734,0.09130170585614308,0.13412439307104584,5.460449199135491,238.96934344954792,0.10040419463054671,0.15076328426983207,4.74922324617189,207.35113207072538,0.08776953282870313,0.1289042740190622,5.2244576795694675,228.1391470781089,0.09590228563082272,0.14395296186911877,4.874334009433842,212.45299959422763,0.08999804510623087,0.13159121969005805,5.384199157026396,235.77464439258523,0.09930007133908968,0.14888388809454187,4.876984304082703,213.948435784661,0.08959573059796665,0.1333692757240416,5.169516540097492,225.54678334541103,0.09537422836220871,0.14262182186145175,4.897756662346123,213.5652545009164,0.09024479897341918,0.1317668363804778,5.23970649368388,228.9325594559532,0.09612304280892664,0.14383147199364874,4.731355231721835,206.774577968715,0.08726958167209033,0.12915262037144515,5.191633877634173,227.22895133758834,0.0958056879097506,0.143412400756861,4.916123053577115,213.76541821298832,0.09078770220485469,0.13153374003982574,5.389761715400603,236.08989026245564,0.0985433884020364,0.14866237617719932,4.876566186332773,212.85852806084816,0.09009516870488665,0.1326146090547264,5.291429956948706,231.2025665847773,0.09780237539312342,0.14355734407830265
4.79948882735213,210.72825586182307,0.0883527832629527,0.13289692355471086,5.396819011205875,235.72608813694004,0.0993059277577124,0.14820363532926434,4.69148509848084,204.6939785627705,0.0867462446159731,0.12830124600096607,5.006473429139838,219.4042054968072,0.09230444515122549,0.13798671861477604,4.746740734899042,208.02830721161686,0.08750931231325204,0.13056759678119023,5.268945213208067,230.94007230433263,0.0971094186803738,0.14464379348889095,4.792364275727428,209.72262857688588,0.08783343565183255,0.12984321036038401,4.982942705227423,218.28168564434512,0.09117560609870291,0.13798961387981767,4.788127148968691,209.08930033182492,0.08822830957675752,0.13170420662254237,5.105796638322007,223.25495050800976,0.09396192544511218,0.1392220385649758,4.623192095782436,201.58442953062618,0.0852027914318187,0.1230797686756114,5.011240063734038,220.30520179252002,0.09212294520203852,0.1378719472313852,4.748353374374711,208.02470440890707,0.08718894190136936,0.1309033001501958,5.336028375918199,232.03229483668736,0.0981421755877684,0.14565266868239943,4.663041490513609,204.2267339071127,0.0860628622608978,0.1268298328596276,5.0719207073342725,222.0525541749797,0.09337830225301827,0.13730041960564243
4.7725930373468195,208.06652798044814,0.08743170141179255,0.12989225295416576,5.303474358398203,231.60772855443577,0.09749637985043183,0.14461071834467515,4.715176240010585,205.24746500294336,0.08683479817997464,0.1286433467799159,5.009928215973378,219.47237110368232,0.09236697238059793,0.13625275495328595,4.769346728071724,208.20775610971592,0.08807806609073643,0.12893420278323803,5.242461950502658,229.86023862016086,0.09610202023652463,0.14280717510316654,4.847650357784148,211.39978153281865,0.08887410417191872,0.1330456777078527,4.947204431445718,216.5821273932125,0.09138080182224396,0.13486579669593596,4.811638849347827,209.02627741133963,0.08837206288388103,0.12963662060015232,5.10174726488397,223.06590803098945,0.09393133934088944,0.13885393537807972,4.638391301776086,203.15982201378114,0.08564572800382363,0.1272347517109797,5.025990960336754,219.95216764868044,0.09236793492067526,0.13858413839295564,4.692819710164139,204.8893997810298,0.08642931960314736,0.1263210720318094,5.256201881573241,229.65812766194972,0.09660649185562917,0.14463225321552262,4.73039284566555,206.528967610788,0.08719837431302711,0.1280668533926695,5.0715666059386635,221.81479256219086,0.09324763439151988,0.13826203182607
4.998476105497882,218.72551691708415,0.09182279579182388,0.137189605305908,5.30833182873415,231.86265046366262,0.09757831822047745,0.14471816757481235,4.646636348054634,203.82859139995952,0.08532445602002792,0.12587432271891527,4.999634268696937,218.28725981238335,0.09206447976045765,0.1372552808902458,4.924016843064901,214.28375319162555,0.09072912800680362,0.13385556612206576,5.272170776924389,231.2813508653795,0.09674422745900146,0.14386068135700064,4.726051281698133,205.99793685255935,0.08722241208639214,0.12811622446962004,4.9239785957754885,215.86346469002012,0.09082021429790087,0.1331724320686183,4.921881203784467,214.82192694854623,0.09118592107543608,0.1340162581993507,5.091888423493709,222.48868363020833,0.09388714997162709,0.14021161459646453,4.622032560020952,201.78414329812824,0.08509964461165145,0.1254182453179829,4.951177303512729,216.84739788752515,0.09082612792121114,0.13404361850885524,4.910225899000935,214.88160137660586,0.0904213578881561,0.13349806659296576,5.296429980896651,230.72802044529462,0.09714676153918371,0.14440822438439663,4.671927595546493,204.6444117813972,0.08600153874068493,0.12681729847529147,5.000645239344491,218.13694121516662,0.09168044712728887,0.13683739702550562
4.729908495821972,206.62457528959385,0.08714096861877232,0.12969393442383947,5.349241166741525,233.46546570575333,0.0986701938904031,0.14516459786362967,4.602229514993716,200.89065150800926,0.0845855420324902,0.12547034627681677,4.865445026767771,212.85342120728626,0.08979195133026774,0.1322914429528896,4.627752783995712,203.3862812230936,0.08473115731509714,0.1270188449512041,5.309847455189418,231.9025185861927,0.09797544324431001,0.1434832512806361,4.711398785592449,205.18902340245864,0.08686347193310524,0.1280438643672802,4.86199156886909,212.1007364624748,0.09000167963398982,0.1310347681545653,4.664523383498442,204.13692367480374,0.08625544806713348,0.12810376859864625,5.180193680168189,226.2433361764257,0.0953256976076014,0.14210120803316986,4.563277114207146,199.80845163732812,0.084709520272472,0.12439804730910099,4.923353869218166,214.81494336888986,0.09073360983654608,0.13377012761826054,4.691073020714593,204.8250818271634,0.08676500499776608,0.12950472167075106,5.30876303001039,231.80063919726325,0.09748024855979297,0.14533980050508324,4.620376700015626,201.80096105889194,0.0847706666857453,0.12531436122875192,4.965490282262108,217.09396189861172,0.09118277102036575,0.13389224857130477
5.1335023129532455,224.95756281597943,0.0944591049382021,0.13975995740437117,5.304641796437627,232.99014578809087,0.09762706727785264,0.14578925833764464,4.804749984415862,209.79311776715952,0.08884970870944958,0.12952828245512682,4.95044091244714,216.45267478188927,0.09155900220674952,0.13529697184986064,5.032417234323759,219.46287962853773,0.09282591945604202,0.1375707445044055,5.271689018166574,230.38363591683265,0.09684218674965861,0.14416878439244898,4.77951377183006,209.35126898388705,0.08812329507761223,0.12978867986969872,4.938147329779644,214.6018597949511,0.0905872608571343,0.13419255376536024,5.0544552387743185,220.54774935821834,0.09346114834205758,0.13577386622163898,5.126445796353389,223.9674703549423,0.09413151929965227,0.1398776887320533,4.730626820403941,206.61745297448783,0.08698319469521439,0.13029097457677127,4.97074180587215,216.59567048660412,0.09179793585286461,0.13402462174151394,5.01923875372095,219.46549440069228,0.09231044512697878,0.1379726816067023,5.226359114587421,229.07455964841532,0.09617940434824264,0.1437283069045766,4.8362881172164265,210.83087374617094,0.08884898652202594,0.13104595842823843,4.951498836218476,217.67656101740303,0.10234351146851248,0.13561646056466545
5.076193084755652,221.1527594621834,0.09340033862189637,0.13871056133702142,5.547570149702051,242.72384750209355,0.10216278143760536,0.1522786872961723,4.7736808694661095,208.99472165661024,0.08775283101065633,0.12965974131909397,4.97566226081183,217.56191600872563,0.091733044231601,0.13642027587565705,4.943061857937339,215.89222720528167,0.0909815573465484,0.13510566094515394,5.44072361974857,237.70841530261148,0.10061749504828192,0.1495040349968463,4.890650914684308,213.0913768283641,0.09045886046296257,0.1343655249560409,4.958202695234002,216.6925512032868,0.09172454965266062,0.1346041398722327,4.9060758015196315,215.084204594593,0.09015325402693439,0.13566629819055517,5.303249810778954,231.58906697028016,0.09700350147960964,0.1425864279524164,4.725309193149028,206.67945729018084,0.08664829347786031,0.12849141254802288,4.997097040973902,219.85822578423398,0.09177289392293375,0.13712761617787633,5.019900843184672,218.6819879277824,0.09286847143285652,0.13793927401545156,5.449619241273587,238.2604191708278,0.10058771381143028,0.15033179381537506,4.807931905270745,209.73803724207548,0.08855258551251996,0.13095555518217228,5.07242219651366,221.91895148737717,0.09355492230701563,0.13978165598230072
5.048776935106263,221.16365235240897,0.09272536931767246,0.13687500537869993,5.578483004389243,244.00117476408846,0.10299435170414857,0.15263273277354403,4.881864569270791,214.5298606298358,0.08995599912375572,0.13371726012886262,5.165231293475309,226.24759031390582,0.09460718536395615,0.14087843380449774,5.029643473508809,218.75043906061893,0.09271833666433396,0.13769265666268274,5.552657475259332,242.5486920235454,0.1018926155541771,0.1509887104888896,4.994124999608751,217.29942397009071,0.09245418492195705,0.13682800820838564,5.101001634955418,223.39113454512994,0.09400388616116591,0.13999392400275631,5.037651771881493,219.9970152947495,0.0928319277530952,0.13703208854276558,5.34321336993571,233.80654806958594,0.09807472463728938,0.14582427085853986,4.82651010521073,211.34708831028405,0.08848756827342759,0.13359221720585873,5.187074396388091,225.87250917223335,0.09492476136243164,0.14258492946890433,4.9853572061885805,218.16348013994067,0.09178394241529914,0.1370573578522608,5.546254437426094,242.58547988063142,0.10193933412123915,0.15128414286797978,4.893118939753801,215.06571931125887,0.08978636964344419,0.13324208562052442,5.170691910668205,226.7643110005991,0.09553434038522511,0.14169473621709977
4.878926893755648,213.67462479918632,0.08993038211648562,0.13173517987341882,5.444489783655911,237.35871268505153,0.10029214339216189,0.14939155567337165,4.694272998856732,204.2872876354898,0.08634004522840755,0.1274064724582006,4.79802985111184,208.9421589478559,0.08860732385564409,0.13099159396178894,4.795846574856312,209.90602816397367,0.08831680820578484,0.13126426576330139,5.347924781661892,233.34196315956206,0.09842094069337871,0.14570635872840232,4.74011961019298,207.2414161482027,0.08742573010935958,0.1301929513816066,4.795840632055913,208.84567897877253,0.08765657636815095,0.13123879264688953,4.809361801768825,210.5421239971502,0.08888438982150335,0.1319491535839619,5.198249813478519,226.67083555307823,0.09570311881494048,0.1427731379577752,4.659224400466903,203.45317687729255,0.08575082338887473,0.12856806080884894,4.834824281457521,211.10220481718477,0.08895695215811245,0.13171303520696548,4.871780303868219,213.74988733760546,0.08963373161297788,0.13434346581261566,5.363701010244231,234.109352847437,0.09882977800763185,0.14703029383635888,4.648454819654688,203.64095641347117,0.08568484545444091,0.1270796332929907,4.819502096215041,210.9500914685438,0.08843765076842953,0.13153694905330193
4.970099389582954,217.68530119463364,0.09165087022663417,0.13577260637185956,5.35348889172384,233.17776153505625,0.09873170572327147,0.14651740134286087,4.752056184046133,207.0481928787231,0.08756054937810577,0.12740913400520204,4.751908727804745,207.85490523242171,0.08735736071916585,0.13018777794474118,4.867271416625854,212.96665753599217,0.09008072078187526,0.13222793940618766,5.291579632145846,230.9959500313635,0.09771561864086012,0.1440893018556186,4.771248189379727,208.2823452489275,0.08790999781567245,0.13089077701386395,4.7374768623084424,207.28693405987548,0.08738757526141691,0.1279372782127673,4.877481647893605,212.85466004655797,0.09018921672688043,0.13295271253253402,5.154513520679181,225.68165485676553,0.09474899411618325,0.14073922343952436,4.676279066991673,205.02960332536574,0.08619404020319182,0.12964637932593426,4.80903842840153,209.97717761071044,0.08862632508779826,0.13257708722545195,4.95938023857925,216.4624479688127,0.09134021325369648,0.1357314708615678,5.273430557454878,231.18020823762646,0.09708755095597349,0.14511396063097146,4.765531203713134,207.78302925545412,0.08761369432544457,0.13062953276508946,4.812218963361929,210.32290588425892,0.08851972873149165,0.132002269085833
5.010482091221824,218.8827482355051,0.09188244978434723,0.13830414909078498,5.591076121860935,244.24372193943753,0.10310306278854331,0.1519262604525645,4.743576981557003,207.12904693509603,0.08689959107958663,0.1273863620375794,4.7083782110465044,206.82253355303376,0.08666342007173466,0.12765073216733563,4.876243185113424,212.86248752501004,0.0896385478888559,0.13347714210303285,5.548782454003778,240.97969138920868,0.10251463064534876,0.15135397475075027,4.7535851640523585,207.1014595431868,0.0876160816089396,0.13042129811260944,4.773658980590265,208.7869090194022,0.08813274088072794,0.1311870823171352,4.810408890700387,210.0341580883146,0.088995629579177,0.13117967695355962,5.385425735659181,235.44144858255183,0.09905660967538384,0.14704613173857595,4.698542112018947,205.00396163546233,0.08639235636059145,0.12926355863623418,4.831996205349151,210.83101711464994,0.08895327294540102,0.13126518870592993,4.951900802439894,216.85801707804643,0.09134508910906526,0.136751798572031,5.550737467512143,242.73503205866024,0.10249015082155521,0.15102531260957616,4.683896550349041,204.9857124641589,0.0862902086666288,0.126943943223346,4.838186236603542,211.049843043907,0.08904118231022891,0.13146259401153684
5.01111403274353,219.82980581625557,0.09236322237891743,0.13588254527879104,5.494162896670819,239.78328277785795,0.10120043378674999,0.1514886765980065,4.764246643353939,208.28216503146592,0.08727945751304601,0.1294938883774133,4.910979131820054,214.2694280958902,0.09036463997176127,0.13471793318206213,4.904335538186982,214.05674557601876,0.09057617037787016,0.13347904148461023,5.356078424707549,234.00305137670182,0.09890303206680338,0.14704284289931807,4.819977492057557,211.0414359934257,0.08855607100512346,0.1337495928695298,4.894761900513407,214.24183005959028,0.08970007132586554,0.13380041132915413,4.961705982336,216.20574636341547,0.09082267121383264,0.13498387467089978,5.158602822496029,225.83354870813298,0.09458260785727546,0.14143853850728247,4.76056580601558,208.25059392705788,0.08785864928130059,0.13000102145530507,4.956390266270169,217.02767210067833,0.09113295435568129,0.13683826601192026,5.0114464111227255,218.5435227781429,0.09215446124773986,0.13744163452543331,5.362970088070376,234.82250563166986,0.09850139493638238,0.14741703213727192,4.735586080578372,206.4077315172549,0.08744338666695124,0.1283971512472845,4.982064833298281,217.7568927902742,0.09187407157202354,0.13620906140482028
4.997657877724975,218.19900596233276,0.09200775162017161,0.13598030273317746,5.325436233406524,233.0872036472714,0.09793070206955434,0.14540559426101615,4.755217358354874,207.270529747687,0.08756015755971668,0.12851676659568864,4.973736698866237,217.79095860857458,0.09117746430172524,0.1370088876175173,4.911522123696005,214.30209093871872,0.09055805716884466,0.1355558981580818,5.313841261213641,232.574126170292,0.09814907397651514,0.14704015788209027,4.785619206726381,209.8730930396616,0.08796069893710688,0.1304413763018397,4.937729197201473,215.45044197480846,0.09135622327857777,0.13662237811390632,4.928007012970389,215.33103745424168,0.09103986070787877,0.13328048029671086,5.175734367100661,225.69983294378088,0.09504841140882443,0.1415600314361404,4.666992512860264,203.8662631817808,0.08596956930883072,0.12665655683329896,4.997711591032119,217.70966092971108,0.0919882070553482,0.13594773985482123,4.946727818843861,215.48222976411276,0.09093136967149959,0.133956266384228,5.279018119189593,230.5741084481627,0.0972723638929411,0.14484464682228268,4.770786172066092,208.39407925207124,0.08764066454390182,0.12941723362324656,5.056398134953545,220.32875335723327,0.09299095712547502,0.13773997596449133
5.016465410604839,218.3285235757335,0.09249214322122842,0.13677635248195336,5.710764478698039,249.67387093726896,0.10520352474710472,0.15490866505734538,4.834169770697155,212.45252083186668,0.08901491822836302,0.13197427056301006,5.023946876447895,219.249778944803,0.09229861115360748,0.13695067135915792,4.896509771666104,214.28651519421027,0.09016144332291433,0.133870073821632,5.625334705522812,245.60064400072505,0.10390303387382015,0.1537690420911008,4.9543136605516915,216.41321555264548,0.09116440930133526,0.13421205593559282,4.984008344128299,219.41976395922893,0.0914923464938858,0.1372322896995657,4.881465592457025,213.80659544778143,0.0896470651389021,0.13368054698359988,5.496123869980131,239.80778687197747,0.1008284896679692,0.14857142318409386,4.789995666878932,209.69309182019543,0.08816255738557477,0.13091613977644595,5.092068559693029,222.09200777217708,0.09396921998486303,0.13922703838014966,4.960412465834791,216.77898199510375,0.09160612866395818,0.1355034451238854,5.664080657673019,248.40255848266355,0.10454189307684056,0.15485487910793083,4.791150265578218,210.2407105033102,0.08772410726009461,0.13280717548919352,5.102308313412202,222.98752384876067,0.09377447711682517,0.13856170545542298
5.123675250573226,223.58809215668103,0.09440152513120825,0.14014980274664904,5.245429676055016,229.58203672612464,0.09671012477677296,0.14457969401453172,4.761922883304125,208.04545672610118,0.0875353032327082,0.12965035382187445,4.841821782184205,212.16944666850296,0.08912788204973633,0.13233373719653027,5.0099579303817094,219.14661290853084,0.0925643628560859,0.13687364920373604,5.244628703218648,228.00207106086742,0.09684317144694486,0.144310004560523,4.737337247387673,206.97489204951466,0.08742713528475932,0.12892741267708616,4.825241265762169,209.56397348605907,0.08869699245769018,0.12976752933424737,5.031455120813835,219.24982241242134,0.09261382519116894,0.1373178061246578,5.037434248249548,220.24810976400477,0.09065781702740143,0.13831353094288393,4.6484173385688035,204.6352951734378,0.08574235144939804,0.1283881040031449,4.818038052011246,210.96088264564654,0.08883439638372911,0.13226114768836902,5.0183211565854045,218.87120280795568,0.0904624056983402,0.13733301483960958,5.183975864917285,226.4817861466488,0.09497897163661262,0.1418359166671071,4.73586973048683,206.59578231181018,0.0875309694406708,0.12899874400862443,4.814587310584769,210.5674072112394,0.08907409602714791,0.1318922475795985
