_id,pet_id,duration_s,n_beats,hr_mean_bpm,hr_min_bpm,hr_max_bpm,sdnn_ms,rmssd_ms,br_episode_count,br_total_s,br_value_mean,bad_ecg_fraction,has_bradycardia,DogID,breed,weight_kg,age_months,Gender,NeuteringStatus
62271dc2b9baee839b0c1e99,14,300.12,380,76.15539182853317,8.784773060029284,300.00000000001705,577.5920844732248,773.4785372711033,1,40.0,13.24,0.813418299346928,1,,,,,,
62271ea0be903091edb2bf09,14,300.08,328,65.59459730533918,31.250000000000203,300.00000000001705,406.3534810182117,510.6098242670578,18,720.0,12.915000000000001,0.9866598906958146,1,,,,,,
622723bebe903091edb2bf0b,14,300.08,292,58.59060402684564,31.08808290155521,285.7142857142859,403.0659016890358,545.8849190329264,4,160.32,13.545,0.34657424686750204,1,,,,,,
622776fabe903091edb2bf0d,14,300.14,275,55.06062026927455,29.411764705882263,162.1621621621664,468.4726044364359,612.6535092075478,1,40.0,13.13,0.5535623375757981,1,,,,,,
622799e5ea79f8f9cc02b284,14,300.12,306,61.26753490240718,29.411764705882057,299.99999999999574,450.7871602520921,567.2918700188411,1,40.0,13.99,0.6930561108889778,1,,,,,,
622799e58cb091d84e475072,14,300.17,300,60.51406597854685,26.315789473684116,260.8695652174029,457.5709969574418,519.5777841916481,4,160.0,9.9575,0.34647033347769596,1,,,,,,
622799eeea79f8f9cc02b285,14,300.08,266,53.24849296718017,29.268292682926667,111.1111111111112,411.4772609834722,598.9681784434619,1,40.0,14.5,0.0,1,,,,,,
6227774bb9baee839b0c1e9c,14,300.14,324,64.92462311557789,29.268292682926667,200.00000000001137,401.6914581328224,471.38951466294014,1,39.980000000000004,15.12,0.20705737322582804,1,,,,,,
622799ec8cb091d84e475073,14,300.12,307,61.49105767298546,32.96703296703309,230.76923076923097,360.76820188193483,481.8822385223156,2,80.0,14.535,0.25989604158336665,1,,,,,,
622799f58cb091d84e475074,14,300.17,262,52.43245053068603,27.649769585253253,107.14285714285671,502.49763743354055,618.2571658112216,7,280.0,9.709999999999999,0.0,1,,,,,,
6227773eb9baee839b0c1e9b,14,300.14,325,65.1692926583976,28.708133971291815,545.4545454547597,467.02222027766254,507.08112699039134,8,320.0,9.72875,0.2598787232624775,1,,,,,,
62279a018cb091d84e475075,14,300.17,258,51.580531861515304,27.906976744185975,103.44827586207181,472.8835226533937,674.3842677769126,14,560.0,11.724285714285713,0.0,1,,,,,,
62277a00a5ff2fba7b7faeed,14,300.14,282,58.343137933421,8.032128514056225,260.8695652174029,581.7043289194961,793.9440426485636,5,200.0,11.38,0.5535623375757981,1,,,,,,
62279a078cb091d84e475076,14,300.12,286,57.42494458996573,19.480519480519494,249.99999999999793,463.05825803410573,595.5846931886038,5,200.0,10.376,0.25989604158336665,1,,,,,,
62277a00aea43ef3b260d6d0,14,300.14,277,55.50900010055978,30.456852791878628,105.2631578947381,386.90225944839165,531.6543648239533,12,480.0,9.390833333333335,0.0,1,,,,,,
62279a178cb091d84e475078,14,300.12,279,55.92998692284477,28.708133971291815,300.00000000001705,450.5382551709857,563.3996215600499,8,320.0,10.6725,0.12036218845795023,1,,,,,,
62279a22ea79f8f9cc02b28a,14,300.17,329,65.84362139917695,31.24999999999974,300.0000000000064,379.15642524059086,451.2988391319395,21,840.0,11.347142857142856,0.5197055002165439,1,,,,,,
62279a28ea79f8f9cc02b28b,14,300.17,283,57.11778010329811,29.702970297029708,122.44897959184156,389.98238883004365,468.5709325824748,2,80.0,9.11,0.0,1,,,,,,
62277a04aea43ef3b260d6d1,14,300.14,285,56.99377884808348,27.777777777777825,127.65957446808541,438.09198312295564,517.1852331331833,6,240.9,8.741666666666667,0.0,1,,,,,,
62279a2a8cb091d84e47507a,14,300.17,289,57.84100418410042,25.423728813559176,115.38461538461311,384.1187086015425,448.52215712887903,4,160.94,11.2625,0.0,1,,,,,,
62279a34ea79f8f9cc02b28c,14,300.17,281,56.444026340545626,30.45685279187775,113.20754716981108,400.8068922493123,480.2526963274109,25,1000.0,7.924000000000001,0.0,1,,,,,,
62277a07a5ff2fba7b7faeee,14,300.14,288,57.665260196905756,27.777777777777455,120.0,403.66819662025364,467.9048675051016,20,800.0,7.902500000000001,0.0866262410874925,1,,,,,,
62279a40ea79f8f9cc02b28d,14,300.17,293,58.89867545216164,30.30303030303024,115.38461538461942,385.47647794601306,447.31117270125026,25,1000.0,7.151600000000001,0.0,1,,,,,,
62279a3a8cb091d84e47507c,14,300.17,359,71.98873919163482,24.0,300.00000000001705,399.6087197869739,422.0790213693545,11,440.0,9.073636363636362,0.6063230835859679,1,,,,,,
62279a46ea79f8f9cc02b28e,14,300.17,386,77.43103274896927,31.57894736842096,142.85714285714226,289.24659561279714,283.60771028541046,7,280.46000000000004,11.015714285714285,0.08661758336942399,1,,,,,,
62279a4dea79f8f9cc02b28f,14,300.17,370,74.11126732275557,32.085561497326125,300.00000000001705,328.8626605785458,367.9718207547507,4,160.0,7.7975,0.43308791684711995,1,,,,,,
62277a11a5ff2fba7b7faeef,14,300.14,297,61.666666666666664,12.219959266802453,166.66666666666694,429.7598217048785,489.5200001107954,4,160.0,11.754999999999999,0.0,1,,,,,,
62279a598cb091d84e47507f,14,300.17,308,61.59505099481692,30.45685279187819,249.99999999999054,373.143459526277,393.68960269223766,2,80.0,8.76,0.34647033347769596,1,,,,,,
62279a65ea79f8f9cc02b291,14,300.17,324,65.0226472068445,30.769230769230948,300.0000000000011,439.5079394205775,430.5182490126513,4,160.0,7.465,0.17323516673884798,1,,,,,,
62279a698cb091d84e475081,14,300.12,298,59.600655540319075,8.982035928143702,139.534883720928,490.73086120783006,726.0218800217194,2,80.47999999999999,15.635,0.08663201386112222,1,,,,,,
62279a6bea79f8f9cc02b292,14,300.17,298,59.73050881544546,32.085561497326125,109.09090909090683,358.58936373842994,477.44746421054725,2,80.03999999999999,12.14,0.08661758336942399,1,,,,,,
62279a72ea79f8f9cc02b293,14,300.17,287,57.41818911865088,14.598540145985453,260.8695652174029,453.3398463812945,612.9577415959895,2,80.0,11.79,0.6063230835859679,1,,,,,,
62277a1ca5ff2fba7b7faef0,14,300.14,279,55.77662598227722,17.857142857142936,272.72727272730936,465.4185884871967,549.0017195661983,12,480.0,9.012500000000001,0.0866262410874925,1,,,,,,
62279a7dea79f8f9cc02b294,14,300.17,317,63.49844268059882,27.149321266968315,299.99999999999574,474.52866222797184,503.0361784458405,8,320.0,9.911249999999999,0.17323516673884798,1,,,,,,
62279a7c8cb091d84e475083,14,300.17,298,59.84484669375693,32.2580645161288,103.44827586206927,376.58181563089926,573.3581141198136,1,40.0,16.75,0.0,1,,,,,,
62279a84ea79f8f9cc02b295,14,300.17,311,62.35333556821991,16.172506738544563,260.8695652174029,506.4395016049644,612.848672304695,18,720.0,8.939444444444444,0.2071389545923976,1,,,,,,
62279a908cb091d84e475085,14,300.17,286,57.25765946760422,26.905829596412335,299.9999999999998,444.32072242200155,485.4459253911527,1,40.0,9.21,0.25985275010827197,1,,,,,,
62279a9c8cb091d84e475086,14,300.17,262,52.52742092375809,24.999999999999943,133.33333333331987,547.3810593794811,596.8684302900612,1,40.0,7.43,0.1205213712229736,1,,,,,,
62279aa0ea79f8f9cc02b298,19,300.34,237,47.48968709125667,27.149321266968226,86.95652173913072,484.9361437026196,811.9131595949202,1,40.0,14.18,0.08656855563694481,1,19.0,German Shepherd,30.0,57.0,1.0,0.0
62279aaaea79f8f9cc02b299,19,300.09,288,57.80075187969925,27.149321266968315,250.00000000004974,529.7073585707793,662.830337223679,17,680.0,14.934705882352942,0.3801679496151156,1,19.0,German Shepherd,30.0,57.0,1.0,0.0
62277a2da5ff2fba7b7faef4,19,300.36,304,61.027190332326285,7.5,299.9999999999744,673.1849730939305,901.6899145419981,1,40.0,12.17,0.6925023305366893,1,19.0,German Shepherd,30.0,57.0,1.0,0.0
62279ab0ea79f8f9cc02b29a,19,300.44,223,44.80021525628952,26.785714285714178,88.23529411764618,555.9472153591023,840.3460287071019,2,80.0,12.55,0.0,1,19.0,German Shepherd,30.0,57.0,1.0,0.0
62279ab68cb091d84e475089,19,300.39,216,43.54577369700243,25.531914893617007,86.95652173913072,550.2871629862427,819.1136650439215,10,400.0,12.674000000000001,0.0,1,19.0,German Shepherd,30.0,57.0,1.0,0.0
62279abaea79f8f9cc02b29b,19,300.48,222,44.3522761481085,26.20087336244551,88.23529411764618,576.0202830767657,787.7750601882155,5,200.0,10.996,0.0,1,19.0,German Shepherd,30.0,57.0,1.0,0.0
62277a2faea43ef3b260d6d6,19,300.14,233,46.76162321956463,27.272727272727238,101.6949152542416,543.7649953835828,705.8356013293005,2,80.0,11.04,0.0,1,19.0,German Shepherd,30.0,57.0,1.0,0.0
62279abd8cb091d84e47508a,19,300.12,273,54.92915081956178,28.037383177569904,146.3414634146341,537.331251495107,595.1572709139768,1,40.0,11.23,0.08663201386112222,1,19.0,German Shepherd,30.0,57.0,1.0,0.0
62279ac5ea79f8f9cc02b29c,19,300.39,248,51.32112061502234,22.55639097744364,166.66666666666694,577.4326555904221,682.9437715668465,11,440.14,9.695454545454545,0.0,1,19.0,German Shepherd,30.0,57.0,1.0,0.0
62279ac68cb091d84e47508b,19,300.49,247,49.386020677886684,26.785714285714178,93.750000000002,580.2882759104451,660.798218607076,2,80.0,8.485,0.08652534194149555,1,19.0,German Shepherd,30.0,57.0,1.0,0.0
62277a33a5ff2fba7b7faef5,19,300.14,247,49.93234100135317,28.571428571428577,98.36065573770502,513.7018494978724,601.332533899947,5,200.0,8.732,0.0866262410874925,1,19.0,German Shepherd,30.0,57.0,1.0,0.0
62279accea79f8f9cc02b29d,19,300.49,282,56.55820194565582,23.715415019762837,272.7272727272389,509.1926207866214,598.4802180762287,1,40.0,10.98,0.380993044693667,1,19.0,German Shepherd,30.0,57.0,1.0,0.0
62279ad3ea79f8f9cc02b29e,19,300.49,226,45.16409621625239,21.818181818181817,92.3076923076925,593.4466752364577,755.2905661304872,1,40.0,8.85,0.08652534194149555,1,19.0,German Shepherd,30.0,57.0,1.0,0.0
62277a35aea43ef3b260d6d7,19,300.14,218,43.71034343841273,25.6410256410256,90.90909090908747,584.4190284249113,783.773812326548,3,120.0,10.246666666666668,0.0,1,19.0,German Shepherd,30.0,57.0,1.0,0.0
62279adfea79f8f9cc02b29f,2,300.12,256,51.290646999664766,27.906976744185602,149.99999999999787,478.6294828720073,575.3978425101676,1,40.0,11.15,0.3465280554444889,1,,,,,,
62279ae38cb091d84e47508e,2,300.08,214,42.959427207637226,28.037383177570273,92.30769230769226,501.4579373118744,715.3581369852025,25,1000.0,10.668,0.0,1,,,,,,
62279ae8ea79f8f9cc02b2a0,2,300.08,219,43.97969133519384,23.43750000000024,285.71428571429425,539.5104991175778,706.6673912409698,21,840.0,9.445238095238095,0.0,1,,,,,,
62277a3aa5ff2fba7b7faef6,2,300.14,245,49.24650161463939,24.390243902439014,250.00000000000534,495.6358690204449,588.7823104114974,1,40.0,8.76,0.0866262410874925,1,,,,,,
62279aea8cb091d84e47508f,2,300.12,228,45.65720223928128,23.52941176470604,240.0,506.3390530829437,776.769176771516,21,840.0,13.996190476190478,0.17326402772224445,1,,,,,,
62279af38cb091d84e475090,2,300.12,381,76.49979868474031,11.741682974559655,299.9999999999744,512.4660284905679,609.4688201574103,3,120.0,12.026666666666666,0.9000503132080502,1,,,,,,
62279af9ea79f8f9cc02b2a2,2,300.08,330,66.20828442059364,12.145748987854255,300.00000000001705,657.2961207685198,817.3488522910296,10,400.0,11.751,0.6065049320181285,1,,,,,,
62279afc8cb091d84e475091,2,300.08,216,43.46507631658749,25.97402597402595,90.90909090909138,521.4002638724577,771.7897030891207,25,1000.0,11.4428,0.0,1,,,,,,
62277a40a5ff2fba7b7faef7,2,300.14,224,45.20881200162184,23.4375,89.55223880597562,449.106822198149,700.2428793569346,15,600.0,15.481333333333335,0.0,1,,,,,,
62279b088cb091d84e475092,9,300.12,361,72.544080604534,26.666666666666668,149.99999999999787,334.1919014870028,509.5656023163907,1,40.0,22.96,0.17326402772224445,1,,,,,,
62279b07ea79f8f9cc02b2a4,9,300.09,307,61.61280579885231,34.6820809248557,122.44897959183446,362.65517411640855,600.5066167173408,2,80.0,20.12,0.0,1,,,,,,
62279b128cb091d84e475093,9,300.09,289,57.754010695187155,29.70297029702997,117.64705882352496,429.49303411923836,660.3269700058239,2,80.0,17.35,0.0,1,,,,,,
62277a46aea43ef3b260d6d8,9,300.14,297,59.56932984503925,32.608695652173914,127.65957446808541,390.8058965014027,539.1773394624714,3,120.0,14.159999999999998,0.0,1,,,,,,
62279b1d8cb091d84e475094,9,300.13,289,57.88556880611014,30.927835051546428,120.0,412.7882913089164,606.4022537720252,3,120.08000000000001,15.426666666666668,0.0,1,,,,,,
62279b0eea79f8f9cc02b2a5,9,300.09,299,59.76135566028276,32.78688524590193,117.64705882352987,414.2070757945919,585.1391960789141,9,360.0,14.773333333333333,0.0,1,,,,,,
62279b15ea79f8f9cc02b2a6,9,300.08,294,58.983392048314045,32.085561497326125,111.11111111111055,397.51910762575847,617.7275522162837,25,1000.0,17.4016,0.0,1,,,,,,
62277a44a5ff2fba7b7faef9,9,300.14,303,60.78701063437217,31.74603174603174,142.85714285714712,412.3858027865733,547.4076629913587,2,80.0,14.565000000000001,0.0,1,,,,,,
62279b268cb091d84e475095,9,300.12,313,62.84620807734918,36.144578313253085,153.84615384615924,385.83093626313786,513.3757516472906,7,280.0,17.082857142857144,0.0,1,,,,,,
62279b20ea79f8f9cc02b2a7,9,300.09,306,61.283948963531024,34.88372093023316,130.43478260869566,392.22469502713466,448.5191276798982,2,80.1,11.54,0.0,1,,,,,,
62277a48a5ff2fba7b7faefa,9,300.14,299,59.89147182957058,29.12621359223298,146.34146341463537,432.6226552941617,513.0531834260155,2,80.0,12.545,0.173252482174985,1,,,,,,
62279b2f8cb091d84e475096,9,300.12,270,53.98534970063886,30.0,115.38461538461942,433.94262980151314,629.3354111294667,1,40.0,16.07,0.0,1,,,,,,
62277a4baea43ef3b260d6d9,9,300.14,295,59.04800160674834,33.519553072625314,122.44897959183446,417.4854827413576,578.8782255362529,3,120.9,15.706666666666665,0.0,1,,,,,,
62279b39ea79f8f9cc02b2aa,9,300.12,296,59.46381777867366,33.51955307262571,146.34146341463537,427.6999668184592,530.9592141349746,3,120.0,13.086666666666666,0.0,1,,,,,,
62277a4faea43ef3b260d6da,9,300.14,329,65.90315451074945,32.43243243243204,111.11111111111111,367.181763203266,584.0774633389202,7,280.0,17.77285714285714,0.0,1,,,,,,
62279b528cb091d84e47509a,9,300.18,351,70.33997655334115,39.21568627450978,120.0,320.5276362750116,507.23871843394454,13,520.0,20.032307692307693,0.0,1,,,,,,
62277a53a5ff2fba7b7faefb,9,300.14,333,67.0075349838536,38.4615384615384,122.44897959183446,347.9818420960591,559.4975086947669,13,520.0,20.39769230769231,0.0,1,,,,,,
62277a54aea43ef3b260d6db,9,300.14,309,62.04673650282031,36.809815950920346,120.0,402.56527561840187,552.3600534655775,10,400.0,14.909,0.0,1,,,,,,
62279ba78cb091d84e4750a3,27,300.09,410,82.09554395824972,33.14917127071819,300.0000000000011,317.8134568506912,379.9113028579375,8,320.0,11.32375,0.9000119964010799,1,27.0,Mudi,16.0,99.0,2.0,1.0
62279ba2ea79f8f9cc02b2b5,27,300.09,386,77.57925846319183,39.21568627450978,176.47058823529235,292.06896034567353,327.33098374071886,1,40.0,11.98,0.5534492985437703,1,27.0,Mudi,16.0,99.0,2.0,1.0
62277a67aea43ef3b260d6df,27,300.14,355,73.50498338870432,34.6820809248557,181.81818181818275,337.8421692872719,368.5916078413942,5,200.0,9.808000000000002,0.0866262410874925,1,27.0,Mudi,16.0,99.0,2.0,1.0
62279bb4ea79f8f9cc02b2b7,27,300.13,330,66.04436414734518,32.967032967032964,176.47058823529417,361.8104885695901,464.07658114877194,14,560.0,13.933571428571428,0.08662912737813615,1,27.0,Mudi,16.0,99.0,2.0,1.0
62279bbdea79f8f9cc02b2b8,27,300.09,307,61.614873481441705,30.927835051546428,153.84615384615924,394.27460936272445,534.778949277331,14,560.0,12.677857142857139,0.0,1,27.0,Mudi,16.0,99.0,2.0,1.0
62279bc28cb091d84e4750a6,27,300.18,314,62.82617422721799,30.30303030303046,139.534883720928,398.3766133020993,475.32512489765736,6,240.56,11.896666666666667,0.0,1,27.0,Mudi,16.0,99.0,2.0,1.0
62277a6ba5ff2fba7b7faefe,27,300.14,343,68.94929605860018,16.853932584269515,171.42857142858813,404.72678475810056,506.1263968800377,6,240.0,12.43,0.46693609648830553,1,27.0,Mudi,16.0,99.0,2.0,1.0
62279bceea79f8f9cc02b2ba,27,300.13,319,64.05909014604667,27.777777777777825,240.0,348.0966710317556,460.36023475244514,6,240.0,14.704999999999998,0.1732582547562723,1,27.0,Mudi,16.0,99.0,2.0,1.0
62279bd7ea79f8f9cc02b2bb,27,300.18,310,62.18972225949282,32.96703296703309,133.3333333333367,349.43233801902926,475.4102807732875,15,600.0,13.618666666666668,0.0,1,27.0,Mudi,16.0,99.0,2.0,1.0
62279be08cb091d84e4750a9,27,300.18,331,66.49204110417087,32.60869565217385,153.8461538461536,371.1952122586686,460.0928279536052,12,480.0,13.328333333333333,0.0,1,27.0,Mudi,16.0,99.0,2.0,1.0
62277a73aea43ef3b260d6e2,27,300.14,340,68.32152094319976,35.92814371257451,285.7142857143136,301.0425787174204,361.86728091122336,3,120.0,14.026666666666666,0.173252482174985,1,27.0,Mudi,16.0,99.0,2.0,1.0
62279be8ea79f8f9cc02b2bd,27,300.13,335,67.27767146741867,33.898305084745566,250.00000000002012,274.5970891065259,319.6150086490851,10,400.0,12.625,0.08662912737813615,1,27.0,Mudi,16.0,99.0,2.0,1.0
62279bf28cb091d84e4750ab,27,300.18,353,70.67326997724534,39.7350993377484,300.00000000001705,273.07696867555615,302.8294866846653,14,560.0,13.854999999999999,0.2071577053767739,1,27.0,Mudi,16.0,99.0,2.0,1.0
62279bf98cb091d84e4750ac,27,300.13,1039,208.83911206491854,68.18181818181853,1500.0000000002985,106.28851681910923,130.5038082701003,20,800.0,9.2285,0.9866751074534369,1,27.0,Mudi,16.0,99.0,2.0,1.0
62279c06ea79f8f9cc02b2c0,27,300.18,1036,207.85219399538104,65.21739130434669,857.1428571425927,112.04344280427688,131.3918939175257,8,320.0,8.265,0.9866899860083949,1,27.0,Mudi,16.0,99.0,2.0,1.0
62279c0dea79f8f9cc02b2c1,27,300.18,868,173.94502775362804,33.70786516853931,300.00000000001705,161.55662929736948,143.97122499258714,5,200.0,15.299999999999997,0.9866899860083949,1,27.0,Mudi,16.0,99.0,2.0,1.0
62277a7caea43ef3b260d6e3,27,300.14,490,101.23175654694131,7.518796992481213,428.57142857147034,707.7145692265525,920.2094602967696,4,161.02,12.9725,0.8134410608382756,1,27.0,Mudi,16.0,99.0,2.0,1.0
62279c20ea79f8f9cc02b2c3,18,300.12,548,109.86877343331547,37.500000000000135,230.76923076922623,162.3251713811003,165.66051609664342,1,40.0,22.85,0.4331600693056111,1,18.0,Belgian Shepherd,29.0,76.0,2.0,0.0
62279c298cb091d84e4750b2,19,300.24,347,69.80028242888844,30.30303030303024,300.00000000001705,437.5840899811608,504.01345737727127,2,80.0,12.555,0.8134519051425526,1,19.0,German Shepherd,30.0,57.0,1.0,0.0
62279c338cb091d84e4750b3,19,300.39,304,60.86578057517828,17.699115044247712,300.0000000000064,506.9013538947959,630.0286443608992,1,40.0,10.8,0.6058790239355505,1,19.0,German Shepherd,30.0,57.0,1.0,0.0
62277a86aea43ef3b260d6e4,19,300.36,261,52.3279216422917,28.037383177570273,285.71428571428453,512.5243060003738,681.3222438758337,13,520.0,11.416923076923073,0.17312558263417233,1,19.0,German Shepherd,30.0,57.0,1.0,0.0
62279c3aea79f8f9cc02b2c6,19,300.44,252,50.30900283948554,27.39726027397263,96.77419354838639,531.6076167318627,698.4568705367564,1,40.0,9.8,0.0865397417121555,1,19.0,German Shepherd,30.0,57.0,1.0,0.0
62279c3e8cb091d84e4750b4,19,300.39,248,49.525464510092235,25.751072961373566,98.36065573770271,578.0804574103744,734.142384453047,5,200.0,10.319999999999999,0.0,1,19.0,German Shepherd,30.0,57.0,1.0,0.0
62279c44ea79f8f9cc02b2c7,19,300.48,274,54.82845188284519,26.54867256637179,103.44827586206927,520.2887335896938,620.4054651407195,1,40.0,9.11,0.08652822151224707,1,19.0,German Shepherd,30.0,57.0,1.0,0.0
62277a87a5ff2fba7b7faf01,19,300.14,301,60.39255158530448,29.268292682926816,299.99999999999574,476.92586173531606,512.3080438296627,2,80.53999999999999,10.23,0.43313120543746253,1,19.0,German Shepherd,30.0,57.0,1.0,0.0
62279c458cb091d84e4750b5,19,300.12,244,48.89336016096579,26.785714285714178,96.77419354838861,574.9758914843164,701.2291451797948,25,1000.0,9.3708,0.08663201386112222,1,19.0,German Shepherd,30.0,57.0,1.0,0.0
62279c4fea79f8f9cc02b2c8,19,300.39,246,49.33548127265405,24.793388429752046,103.44827586206927,576.8420013718423,657.1616813310395,2,80.0,8.59,0.0,1,19.0,German Shepherd,30.0,57.0,1.0,0.0
62279c4e8cb091d84e4750b6,19,300.49,246,49.24458142105792,26.785714285714302,101.6949152542367,550.765782773468,594.5917458746757,2,80.0,8.305,0.1730506838829911,1,19.0,German Shepherd,30.0,57.0,1.0,0.0
62277a8baea43ef3b260d6e5,19,300.14,286,57.37677415025333,26.785714285714345,300.00000000001705,520.0696646992114,527.1792463161627,10,400.0,8.860000000000001,0.173252482174985,1,19.0,German Shepherd,30.0,57.0,1.0,0.0
62279c56ea79f8f9cc02b2c9,9,300.12,329,65.94290309609971,39.47368421052605,120.0,284.67479767991614,429.4399311128969,3,120.0,17.76,0.0,1,,,,,,
62279c60ea79f8f9cc02b2ca,9,300.09,300,60.28833551769331,36.809815950920346,115.38461538461942,351.65410127687954,546.4276909862002,18,720.3,17.923333333333332,0.0,1,,,,,,
62279c628cb091d84e4750b8,9,300.08,306,61.17127958283193,37.03703703703704,125.00000000001006,347.3375157833908,552.6401941684334,10,400.0,18.139,0.0,1,,,,,,
62277a90a5ff2fba7b7faf02,9,300.14,302,60.33071655253048,36.58536585365852,120.0,345.36384268141404,555.9688240660031,3,120.0,20.24,0.0,1,,,,,,
62279c66ea79f8f9cc02b2cb,9,300.13,315,63.45143472989357,36.58536585365884,150.00000000000853,363.0732111451746,470.38390955071657,3,120.0,15.540000000000001,0.0,1,,,,,,
62279c6d8cb091d84e4750b9,9,300.09,322,64.59618996511938,37.73584905660369,120.0,316.7938679185231,462.6982683131629,9,360.68,16.76111111111111,0.0,1,,,,,,
62279c70ea79f8f9cc02b2cc,9,300.08,312,62.571256119643216,30.61224489795906,120.0,387.87023227271607,527.7783625727776,16,640.0,15.47625,0.0,1,,,,,,
62277a91aea43ef3b260d6e6,9,300.14,317,63.46868409600643,31.914893617021352,115.38461538461627,366.11066810183434,519.9703898773544,25,1000.0,17.298000000000002,0.0,1,,,,,,
62279c748cb091d84e4750ba,9,300.12,380,76.37792630907198,42.55319148936181,153.8461538461536,264.86371175574135,350.3898056065782,10,400.08,19.127000000000002,0.08663201386112222,1,,,,,,
62279c7cea79f8f9cc02b2cd,9,300.09,351,70.37533512064341,41.95804195804197,120.0,291.0296202605733,427.8214955933033,13,520.0,17.963846153846152,0.0,1,,,,,,
62277a96a5ff2fba7b7faf03,9,300.14,358,71.82376018509204,41.95804195804197,124.99999999999527,296.29583014192696,425.51720016992033,15,600.0,17.831333333333337,0.0,1,,,,,,
62279c83ea79f8f9cc02b2ce,9,300.13,375,75.19351271654995,43.1654676258997,153.84615384615924,282.4600600767456,373.6100244936494,12,480.0,19.164166666666667,0.0,1,,,,,,
62277a98aea43ef3b260d6e7,9,300.14,347,69.48721381711073,35.71428571428572,142.85714285713743,339.21152457815293,454.38475683761277,7,280.0,17.17,0.0,1,,,,,,
62279c908cb091d84e4750bd,9,300.13,343,68.69539017776438,36.58536585365884,122.44897959183801,307.33504680143,483.6002566284925,2,80.16,20.82,0.0,1,,,,,,
62277a9caea43ef3b260d6e8,9,300.14,341,68.37148506887422,32.25806451612904,153.84615384615924,350.57337704791183,488.31719948782785,4,160.0,18.9075,0.0,1,,,,,,
62277a9fa5ff2fba7b7faf04,9,300.14,291,58.350100603621726,30.612244897959503,120.0,443.0819162823624,649.6695992851219,16,640.0,15.555,0.0,1,,,,,,
62277aa2a5ff2fba7b7faf05,9,300.14,375,75.03260106329623,41.379310344827914,272.72727272727195,308.0251670231888,428.5660985242428,3,120.0,18.709999999999997,0.43313120543746253,1,,,,,,
62279cc08cb091d84e4750c2,9,300.18,371,74.26984711117058,35.92814371257481,157.8947368421057,325.5082048813881,417.95378435140213,4,160.0,16.849999999999998,0.7268458924645212,1,,,,,,
62279cc4ea79f8f9cc02b2d5,9,300.18,328,65.6340949386144,37.26708074534162,117.64705882353151,353.4958791808073,568.3438430443132,22,880.0,20.206363636363637,0.0,1,,,,,,
62279cd08cb091d84e4750c4,9,300.18,299,60.034247725212374,34.285714285714285,120.0,442.8162208580401,558.7965062109226,5,200.0,13.468,0.0,1,,,,,,
62279cdf8cb091d84e4750c5,9,300.18,314,63.05822308777113,18.691588785046847,146.34146341463537,455.4716991728899,589.374668610723,5,200.0,16.008000000000003,0.2071577053767739,1,,,,,,
62279d368cb091d84e4750cf,17,300.11,341,68.45637583892618,17.751479289940814,272.7272727272741,466.7516716908487,617.5818768643303,4,160.0,16.795,0.6064443037552897,1,,,,,,
62279d42ea79f8f9cc02b2e2,17,300.09,350,70.2778896496174,34.482758620689474,285.7142857142362,348.03629256529314,481.0981810089433,1,40.0,19.33,0.8133713219367524,1,,,,,,
62279d3f8cb091d84e4750d0,17,300.12,647,129.97552060628416,37.500000000000135,499.99999999998107,355.0272253861018,292.222703647632,1,40.0,15.55,0.6401799280287885,1,,,,,,
62277ac1a5ff2fba7b7faf0a,17,300.14,993,200.2220203855081,11.029411764705884,375.00000000007464,250.2099828976635,325.5615346064983,2,80.0,12.135,0.9866935430132606,1,,,,,,
62279d48ea79f8f9cc02b2e3,17,300.1,290,58.174254369778915,33.70786516853931,113.20754716981108,406.3944032535026,550.164432490667,3,120.0,14.18,0.0,1,,,,,,
62279d4fea79f8f9cc02b2e4,17,300.13,292,58.821547687228374,34.482758620689474,399.9999999999848,414.794920896137,578.5636197247164,4,160.0,15.629999999999999,0.606403891646953,1,,,,,,
62277ac4a5ff2fba7b7faf0b,17,300.14,291,58.40494092373791,33.89830508474584,272.7272727272741,428.8840515225533,617.4206868078447,4,160.0,15.432499999999997,0.43313120543746253,1,,,,,,
62279d548cb091d84e4750d2,17,300.15,627,126.03603905909199,37.9746835443038,300.00000000001705,224.71298726457076,239.99466660740458,3,120.0,16.966666666666665,0.9866859903381643,1,,,,,,
62279d5e8cb091d84e4750d3,17,300.09,450,90.35417225650657,32.25806451612892,300.00000000001705,363.9552768748733,428.4536668565899,25,1000.0,18.4304,0.9866783298343832,1,,,,,,
62277ac8aea43ef3b260d6ee,17,300.14,636,127.42474916387961,36.144578313252936,300.00000000001705,217.524876644178,259.912627881932,10,400.0,20.125,0.9866678883187847,1,,,,,,
62279d6a8cb091d84e4750d4,17,300.13,462,92.84683293612164,34.090909090909264,300.00000000001705,398.3548574748746,414.04552364706467,7,280.0,18.008571428571425,0.9000459800753008,1,,,,,,
62277acfa5ff2fba7b7faf0c,17,300.14,272,54.514366178294836,32.43243243243247,150.0000000000032,438.79799350436593,620.9100250916053,1,40.0,14.56,0.0866262410874925,1,,,,,,
62279d738cb091d84e4750d5,17,300.12,248,51.19878394251364,31.24999999999997,105.2631578947368,456.20298251118214,670.2459808135717,3,120.0,13.713333333333333,0.0,1,,,,,,
62277ad0aea43ef3b260d6ef,17,300.14,279,55.94499413047124,33.70786516853877,285.71428571427487,358.5701015504379,518.7658918447855,1,40.0,19.27,0.34650496434997,1,,,,,,
62279da08cb091d84e4750da,17,300.15,274,55.17566611648195,33.33333333333312,157.89473684210716,409.2802376994784,575.3956439345197,4,160.0,16.3975,0.08662335498917209,1,,,,,,
62279db18cb091d84e4750dc,17,300.12,444,88.98262528874157,40.54054054054004,157.89473684210716,247.8844927687224,313.3799827280952,1,40.0,18.71,0.08663201386112222,1,,,,,,
62279db9ea79f8f9cc02b2ef,17,300.08,347,69.73931738779898,38.9610389610388,133.33333333332828,322.8207129352275,481.91285519272105,3,120.0,17.956666666666667,0.0,1,,,,,,
62279dbb8cb091d84e4750dd,17,300.08,337,67.61923928355806,38.96103896103899,133.33333333332828,320.11839827254533,513.40478923744,5,200.0,21.976000000000003,0.0,1,,,,,,
62277adda5ff2fba7b7faf0e,17,300.14,358,71.72995780590718,38.709677419354556,153.84615384615924,326.1227492640983,478.1348359493517,7,280.0,23.59857142857143,0.0,1,,,,,,
62279dbfea79f8f9cc02b2f0,17,300.12,319,63.891772427418545,37.500000000000135,139.53488372092917,366.9665726041073,582.6484186975264,8,320.0,22.676250000000003,0.0,1,,,,,,
62279dc78cb091d84e4750de,17,300.08,310,62.34447508238617,35.29411764705906,130.43478260869742,370.9544894186554,591.1638312047495,6,240.0,24.755,0.0,1,,,,,,
62277ae0aea43ef3b260d6f3,17,300.14,284,56.82160425660076,32.25806451612929,107.14285714285671,419.65464885897427,745.0196341836557,13,520.0,21.358461538461537,0.0,1,,,,,,
62279dce8cb091d84e4750df,17,300.12,293,58.79194630872483,33.70786516853931,122.44897959183623,402.4602703013297,660.596679153465,11,440.0,18.980000000000004,0.0,1,,,,,,
62279ddbea79f8f9cc02b2f3,17,300.12,289,58.09184428158408,32.085561497326616,136.36363636362827,393.41648932004887,597.3510048510137,5,200.0,15.839999999999998,0.3465280554444889,1,,,,,,
62277ae8a5ff2fba7b7faf0f,17,300.14,262,52.54680893899739,31.41361256544508,130.43478260869338,455.3110400990469,686.3327853947359,3,120.0,15.376666666666665,0.0,1,,,,,,
62279de98cb091d84e4750e2,17,300.12,266,53.42741935483871,29.41176470588247,142.8571428571568,474.3926935282153,698.4362945722078,9,360.0,16.886666666666667,0.0,1,,,,,,
62279df7ea79f8f9cc02b2f6,26,300.12,380,76.15539182853315,37.49999999999947,171.4285714285742,315.70517718793946,347.62154815365113,3,119.97999999999999,15.520000000000001,0.5535222577635613,1,26.0,Spanish Water Dog,20.0,47.0,2.0,0.0
62277aecaea43ef3b260d6f4,17,300.14,241,48.57316332726169,28.98550724637671,125.00000000000267,446.34632499999844,753.3262363744158,1,40.0,16.97,0.0,1,,,,,,
62279dfe8cb091d84e4750e4,26,300.17,310,62.20015432616499,19.29260450160772,285.71428571428453,406.44276525812694,523.891842213316,2,80.0,16.185,0.2071389545923976,1,26.0,Spanish Water Dog,20.0,47.0,2.0,0.0
62279e048cb091d84e4750e5,26,300.17,247,49.61011024468943,28.846153846154067,98.36065573770271,454.37699139255693,643.4847729831872,3,120.0,12.473333333333334,0.0,1,26.0,Spanish Water Dog,20.0,47.0,2.0,0.0
62277af0aea43ef3b260d6f5,26,300.14,240,48.362618461434685,25.531914893616776,103.44827586207181,530.6877013621688,633.7420544643069,2,80.0,9.42,0.0,1,26.0,Spanish Water Dog,20.0,47.0,2.0,0.0
62279e10ea79f8f9cc02b2f9,26,300.22,236,47.28211662922103,26.086956521739,109.09090909090683,493.8768441142075,578.9745576979508,3,120.0,9.736666666666666,0.0,1,26.0,Spanish Water Dog,20.0,47.0,2.0,0.0
62279e19ea79f8f9cc02b2fa,26,300.17,226,45.58808631344342,24.193548387097152,133.33333333332828,567.4053413817772,601.4884810677108,25,1000.0,7.586799999999999,0.17323516673884798,1,26.0,Spanish Water Dog,20.0,47.0,2.0,0.0
62279e258cb091d84e4750e8,26,300.22,258,51.86331225615499,28.037383177570273,107.14285714285705,478.5251990475951,548.1111030165317,2,80.78,10.0,0.0,1,26.0,Spanish Water Dog,20.0,47.0,2.0,0.0
62279e2e8cb091d84e4750e9,26,300.17,264,53.25683428957137,22.813688212927797,130.43478260869338,600.4721050176307,569.8034347022436,6,240.0,6.7266666666666675,0.0,1,26.0,Spanish Water Dog,20.0,47.0,2.0,0.0
62279e27ea79f8f9cc02b2fc,26,300.17,244,48.803347280334734,21.97802197802206,109.09090909090683,592.5812680659601,577.0403970561432,8,320.0,6.8725000000000005,0.0,1,26.0,Spanish Water Dog,20.0,47.0,2.0,0.0
62277af7aea43ef3b260d6f6,26,300.14,261,52.37184006445765,30.7692307692305,142.85714285714712,456.45600060365086,514.7998823998686,4,160.88,11.055,0.0866262410874925,1,26.0,Spanish Water Dog,20.0,47.0,2.0,0.0
62279e3a8cb091d84e4750ea,26,300.17,248,49.644914913573636,22.22222222222208,125.00000000000267,622.675854445704,616.0858614007359,3,120.58,8.196666666666667,0.0,1,26.0,Spanish Water Dog,20.0,47.0,2.0,0.0
62279e39ea79f8f9cc02b2fe,26,300.22,239,47.73684562412249,28.84615384615367,100.00000000000568,497.105118223482,610.5448213710058,2,80.0,10.34,0.0,1,26.0,Spanish Water Dog,20.0,47.0,2.0,0.0
62279e42ea79f8f9cc02b2ff,26,300.17,258,51.84064548663641,27.649769585253434,142.85714285714712,507.4636428917868,560.3730621202253,13,520.0,9.05846153846154,0.08661758336942399,1,26.0,Spanish Water Dog,20.0,47.0,2.0,0.0
62279e49ea79f8f9cc02b300,26,300.17,283,56.74044265593563,29.268292682927076,300.00000000001705,444.57089432254236,534.2424043626773,1,40.0,11.0,0.17323516673884798,1,26.0,Spanish Water Dog,20.0,47.0,2.0,0.0
62277b00a5ff2fba7b7faf12,26,300.24,279,55.8662960109857,28.98550724637691,285.71428571428453,395.28570294366256,476.38416982128746,4,160.0,11.24,0.08659738875566213,1,26.0,Spanish Water Dog,20.0,47.0,2.0,0.0
62279e608cb091d84e4750ee,21,300.08,348,69.87984157884138,41.379310344827914,230.76923076923885,268.6894764383475,288.9651658107301,1,40.0,11.99,0.17328712343375102,1,21.0,Golden Retriever,39.0,19.0,2.0,0.0
62277b03aea43ef3b260d6fa,21,300.14,362,72.60659694288013,40.81632653061228,139.53488372093724,273.3899649685807,305.4250226233031,2,80.0,11.74,0.0866262410874925,1,21.0,Golden Retriever,39.0,19.0,2.0,0.0
62279e69ea79f8f9cc02b303,21,300.12,372,74.68294974166275,43.47826086956536,157.8947368421042,226.8594085088041,272.35261325337933,1,40.0,15.97,0.08663201386112222,1,21.0,Golden Retriever,39.0,19.0,2.0,0.0
62279e6b8cb091d84e4750ef,21,300.08,336,67.33668341708542,38.96103896103844,109.09090909090683,262.06877513217023,363.48282006037306,17,680.0,15.457058823529414,0.0,1,21.0,Golden Retriever,39.0,19.0,2.0,0.0
62277b06aea43ef3b260d6fb,21,300.14,324,67.25196932366312,11.131725417439702,3000.000000000064,455.48582680779714,598.6050035796206,2,80.5,12.670000000000002,0.0,1,21.0,Golden Retriever,39.0,19.0,2.0,0.0
62279e728cb091d84e4750f0,21,300.12,319,66.25230042709816,10.416666666666684,113.20754716981108,469.57267711960867,624.6293538195258,11,440.0,13.148181818181818,0.0,1,21.0,Golden Retriever,39.0,19.0,2.0,0.0
62279e7b8cb091d84e4750f1,21,300.17,348,69.67171970685675,35.29411764705877,117.64705882352987,293.49112285794183,406.0346805997134,1,40.0,16.94,0.0,1,21.0,Golden Retriever,39.0,19.0,2.0,0.0
62277b0aaea43ef3b260d6fc,21,300.14,350,70.07563081453718,32.25806451612929,136.36363636363706,344.460295202295,480.4326354874101,2,81.03999999999999,16.189999999999998,0.0,1,21.0,Golden Retriever,39.0,19.0,2.0,0.0
62279e84ea79f8f9cc02b306,21,300.17,413,83.24914124065467,20.202020202020208,300.0000000000011,358.3490854458785,495.8715201308545,12,480.0,11.632499999999999,0.9866972049172135,1,21.0,Golden Retriever,39.0,19.0,2.0,0.0
62279e8bea79f8f9cc02b307,21,300.17,372,77.10426047800485,17.291066282420754,285.7142857143136,359.0601607305123,469.99079921988965,25,1000.0,12.884,0.9866972049172135,1,21.0,Golden Retriever,39.0,19.0,2.0,0.0
62277b0da5ff2fba7b7faf13,21,300.14,347,69.65975437890074,11.976047904191638,285.7142857143136,718.783973995909,919.7263298063888,18,720.0,14.022777777777778,0.9866935430132606,1,21.0,Golden Retriever,39.0,19.0,2.0,0.0
62279e998cb091d84e4750f4,21,300.17,1018,204.2783971075625,40.0,1499.9999999992326,141.05602297176833,160.65932068459173,10,400.0,14.115999999999996,0.9866972049172135,1,21.0,Golden Retriever,39.0,19.0,2.0,0.0
62279e97ea79f8f9cc02b308,21,300.17,1110,222.7504017139797,48.780487804877325,1500.0000000002985,97.25123520763871,133.5633545366759,3,120.0,16.78,0.9866972049172135,1,21.0,Golden Retriever,39.0,19.0,2.0,0.0
62277b10aea43ef3b260d6fd,21,300.14,924,185.40341479745564,50.84745762711835,500.00000000004025,143.48435091751682,178.39182787231778,1,40.400000000000006,12.83,0.9866935430132606,1,21.0,Golden Retriever,39.0,19.0,2.0,0.0
62279ea08cb091d84e4750f5,21,300.12,702,140.58426365398756,16.574585635359096,300.00000000001705,288.6388702019908,370.6814188568332,2,80.0,18.41,0.9867079834732774,1,21.0,Golden Retriever,39.0,19.0,2.0,0.0
62279ea2ea79f8f9cc02b309,21,300.18,666,133.6817770630214,14.21800947867299,300.00000000001705,373.43062191887833,418.4291838862487,2,80.0,13.18,0.9866643347324938,1,21.0,Golden Retriever,39.0,19.0,2.0,0.0
62279ea9ea79f8f9cc02b30a,21,300.17,491,101.50181253236666,22.727272727272723,1500.000000000032,371.2811034475383,437.116644781682,9,359.98,12.476666666666667,0.9866972049172135,1,21.0,Golden Retriever,39.0,19.0,2.0,0.0
62277b14a5ff2fba7b7faf14,21,300.14,688,137.6799492301012,20.0,300.00000000001705,267.4693591595346,368.85252688428443,1,40.0,12.79,0.9866935430132606,1,21.0,Golden Retriever,39.0,19.0,2.0,0.0
62279ea98cb091d84e4750f6,21,300.12,352,72.81150601576546,32.085561497326125,666.6666666666414,377.28751927657606,422.4290303876939,17,680.0,14.662941176470587,0.9867079834732774,1,21.0,Golden Retriever,39.0,19.0,2.0,0.0
62279ebbea79f8f9cc02b30c,21,300.17,450,90.33902283625633,15.384615384615364,300.00000000001705,535.0794996924209,715.3437922226135,14,560.0,13.224285714285713,0.9866972049172135,1,21.0,Golden Retriever,39.0,19.0,2.0,0.0
62277b19a5ff2fba7b7faf15,21,300.14,538,107.8674255105457,21.660649819494505,300.00000000001705,381.2719323022462,536.3859506546586,12,480.0,14.268333333333336,0.9866935430132606,1,21.0,Golden Retriever,39.0,19.0,2.0,0.0
62279ec28cb091d84e4750f9,22,300.09,386,77.27561636503529,41.95804195804259,146.34146341463418,224.77665381825474,305.4325825775634,8,320.0,16.52375,0.0,1,22.0,Beauceron,35.0,20.0,2.0,0.0
62277b1baea43ef3b260d6ff,22,300.14,407,81.47702187437287,38.4615384615384,115.38461538461942,236.9244800952023,317.9242086868122,8,320.0,16.432499999999997,0.0,1,22.0,Beauceron,35.0,20.0,2.0,0.0
62279ecd8cb091d84e4750fa,21,300.18,345,69.47389679894981,6.936416184971094,300.00000000001705,921.2024051637131,1315.8884415749521,1,40.0,12.25,0.9866643347324938,1,21.0,Golden Retriever,39.0,19.0,2.0,0.0
62279ed0ea79f8f9cc02b30e,22,300.12,476,95.55741827326068,43.79562043795629,146.34146341463537,199.84115388624747,226.52018101057573,1,40.0,18.31,0.0,1,22.0,Beauceron,35.0,20.0,2.0,0.0
62279ed48cb091d84e4750fb,21,300.17,401,80.90614886731392,4.971002485501246,300.00000000001705,1035.8079867734455,1445.567419011395,1,40.78,9.72,0.9866972049172135,1,21.0,Golden Retriever,39.0,19.0,2.0,0.0
62279ed9ea79f8f9cc02b30f,22,300.09,425,85.18047277841023,43.47826086956525,130.43478260869742,211.511729556641,248.68258082287775,5,200.0,14.26,0.0,1,22.0,Beauceron,35.0,20.0,2.0,0.0
62277b20aea43ef3b260d700,21,300.14,556,111.50175791059769,24.999999999999943,299.99999999999574,370.3927896388515,535.5711550241139,13,520.88,14.25923076923077,0.9866935430132606,1,21.0,Golden Retriever,39.0,19.0,2.0,0.0
62279ee0ea79f8f9cc02b310,22,300.08,432,86.54328837722969,45.801526717557174,153.84615384615924,216.15520682271938,250.4010736287257,8,320.0,14.21875,0.0,1,22.0,Beauceron,35.0,20.0,2.0,0.0
62277b21a5ff2fba7b7faf16,22,300.14,420,84.32845833892394,49.58677685950497,122.44897959183713,177.0421025847571,227.92175271099353,8,320.0,17.146250000000002,0.0,1,22.0,Beauceron,35.0,20.0,2.0,0.0
62279eecea79f8f9cc02b311,22,300.12,412,82.7711207330581,48.387096774193196,117.64705882353151,195.99446279505807,271.14166938714664,9,360.0,17.66444444444444,0.0,1,22.0,Beauceron,35.0,20.0,2.0,0.0
62279ef08cb091d84e4750fe,21,300.17,570,114.5752928147129,18.867924528301888,300.00000000001705,351.93285010558526,459.0839777116492,5,200.0,13.282,0.9866972049172135,1,21.0,Golden Retriever,39.0,19.0,2.0,0.0
62279ef5ea79f8f9cc02b312,22,300.18,443,88.79959819186338,50.42016806722691,139.53488372093264,159.214671181646,197.834650030864,9,360.0,18.494444444444444,0.0,1,22.0,Beauceron,35.0,20.0,2.0,0.0
62279efb8cb091d84e4750ff,22,300.18,421,84.34299484570587,47.244094488187535,127.65957446808541,175.3441828306603,239.67061725057442,6,240.48000000000002,19.679999999999996,0.0,1,22.0,Beauceron,35.0,20.0,2.0,0.0
62277b28aea43ef3b260d701,22,300.14,453,90.62959497393396,47.6190476190477,139.534883720928,121.23649200023944,144.15515784864684,13,520.84,20.218461538461536,0.173252482174985,1,22.0,Beauceron,35.0,20.0,2.0,0.0
62279f08ea79f8f9cc02b314,22,300.13,419,84.12719710183818,46.15384615384575,113.20754716981146,165.87464789977818,232.75484988262752,14,560.0,19.60285714285714,0.0,1,22.0,Beauceron,35.0,20.0,2.0,0.0
62279f0d8cb091d84e475101,21,300.17,685,137.21163490471415,38.709677419354556,300.00000000001705,225.46760294646202,318.84009219730666,10,400.0,13.050999999999998,0.9866972049172135,1,21.0,Golden Retriever,39.0,19.0,2.0,0.0
62279f12ea79f8f9cc02b315,22,300.18,408,81.81178598948038,45.11278195488722,113.20754716981108,175.19391708208275,244.50613741075546,5,200.0,19.014,0.0,1,22.0,Beauceron,35.0,20.0,2.0,0.0
62279f21ea79f8f9cc02b317,21,300.17,1044,209.42373335118128,47.244094488188594,374.9999999999414,106.07970941820032,137.46679934189692,6,240.0,14.353333333333333,0.9866972049172135,1,21.0,Golden Retriever,39.0,19.0,2.0,0.0
62279f2dea79f8f9cc02b318,21,300.18,926,185.7367557979987,6.465517241379309,857.1428571425927,420.7568470320173,523.7950509610185,9,360.82,16.406666666666666,0.9866643347324938,1,21.0,Golden Retriever,39.0,19.0,2.0,0.0
62279f4a8cb091d84e475107,3,300.09,238,47.83530124129578,23.255813953488257,150.00000000000853,548.3944598436537,745.7066379150118,17,680.0,9.934117647058823,0.08664067446432737,1,,,,,,
62279f508cb091d84e475108,3,300.39,260,52.082984214230656,22.55639097744388,150.00000000000853,572.3464418973366,673.5975956980768,9,360.0,10.101111111111111,0.5193248776590432,1,,,,,,
62277b39aea43ef3b260d705,3,300.36,193,40.06120461816665,20.202020202020016,150.00000000000853,705.9648318468417,993.6125847564498,25,1000.0,9.3076,0.0,1,,,,,,
62279f4dea79f8f9cc02b31c,3,300.44,207,41.48068597509816,20.202020202020208,150.00000000000853,701.1917141789069,919.2767570745851,19,760.0,9.24578947368421,0.0,1,,,,,,
62279f5b8cb091d84e475109,3,300.39,201,40.44625703596346,19.417475728155317,200.00000000003033,749.803724736108,971.7507383518886,21,840.0,7.981428571428572,0.0,1,,,,,,
62279f628cb091d84e47510a,2,300.12,252,50.78915418858762,29.556650246305402,139.534883720928,460.21099266415126,601.4552352419901,3,120.63999999999999,15.203333333333333,0.0,1,,,,,,
62277b3ea5ff2fba7b7faf19,3,300.36,208,41.78019981834695,23.80952380952398,153.84615384615924,627.5314962690118,737.2307802180864,11,440.0,9.86090909090909,0.34625116526834465,1,,,,,,
62279f68ea79f8f9cc02b31f,3,300.12,218,43.682480037576326,22.727272727272844,153.84615384613681,626.8519515608344,731.6818525379275,18,720.0,8.52111111111111,0.0,1,,,,,,
62279f7dea79f8f9cc02b321,2,300.17,227,45.411922304085735,26.905829596412563,133.3333333333325,438.63856595579585,476.9379181589367,1,40.25999999999999,13.02,0.08661758336942399,1,,,,,,
62277b45aea43ef3b260d706,2,300.14,215,44.52149791955617,25.751072961373566,103.44827586206674,575.503175534453,777.8204772540265,21,840.0,10.310952380952383,0.0,1,,,,,,
62279f888cb091d84e47510e,2,300.17,185,37.06314835330849,25.53191489361708,89.55223880596802,430.38717050580533,657.9916454366859,25,1000.0,11.709200000000001,0.0,1,,,,,,
62279f84ea79f8f9cc02b322,2,300.12,252,50.72585806190845,27.906976744185602,139.53488372093264,493.60507142235105,563.829761541548,6,240.0,10.558333333333334,0.0,1,,,,,,
62277b48aea43ef3b260d707,3,300.14,181,36.218518394312355,23.622047244094496,115.38461538461311,627.122687103826,782.1403808901538,25,1000.0,8.338,0.0,1,,,,,,
62279f8dea79f8f9cc02b323,2,300.17,264,52.92815455826122,26.54867256637162,150.00000000000853,490.49775482154837,549.3212327899711,10,400.0,10.536999999999999,0.0,1,,,,,,
62279f938cb091d84e47510f,3,300.12,193,38.81532396644092,24.793388429752067,146.34146341464552,633.6889537602822,717.4409146184713,23,920.0,8.828260869565216,0.0,1,,,,,,
62279f94ea79f8f9cc02b324,2,300.12,207,41.59795375761451,26.086956521739,130.43478260869338,471.2284644287735,505.77349601209073,3,120.0,11.366666666666665,0.0,1,,,,,,
62279f9c8cb091d84e475110,2,300.17,360,72.08594089889897,32.085561497326616,230.76923076923254,400.8867076213152,375.24926538660094,5,200.0,11.776,0.08661758336942399,1,,,,,,
62279fa88cb091d84e475111,3,300.39,196,39.21568627450981,23.529411764705845,150.00000000000853,673.491441407747,736.8790413965421,20,800.0,7.419499999999999,0.0,1,,,,,,
62279f9eea79f8f9cc02b325,2,300.17,304,60.88208700311443,26.08695652173913,230.7692307692136,523.1713523683965,418.9382669596785,6,240.0,10.918333333333335,0.2071389545923976,1,,,,,,
62277b4daea43ef3b260d708,2,300.14,246,49.32058379466532,22.727272727272602,142.85714285714712,403.51504238120117,489.299851075285,8,320.0,11.33,0.0,1,,,,,,
62279faf8cb091d84e475112,2,300.17,346,69.24929747089523,24.48979591836732,162.1621621621617,403.63002135060634,365.2850113745221,1,40.08000000000001,11.55,0.0,1,,,,,,
62277b50aea43ef3b260d709,3,300.14,188,37.89644340865336,22.38805970149254,107.14285714285738,658.9088004527849,764.2601313604528,19,760.0,7.01,0.0,1,,,,,,
62279fb0ea79f8f9cc02b327,3,300.12,220,43.98473589074111,23.437500000000014,150.00000000000853,628.557038969339,668.7795264852771,8,320.0,8.436250000000001,0.0,1,,,,,,
62279fbaea79f8f9cc02b328,3,300.39,200,40.09536921992007,25.104602510460246,150.0000000000032,607.4252950457931,817.4084448160328,19,760.0,9.344210526315791,0.0,1,,,,,,
62277b54aea43ef3b260d70a,3,300.36,301,60.48793601720546,24.19354838709687,171.4285714285742,470.4927988838525,455.8391137878194,4,160.0,7.944999999999999,0.0,1,,,,,,
62279fcaea79f8f9cc02b32a,3,300.39,259,52.156334231805936,21.505376344086,122.44897959184156,542.081882626624,652.1013623436401,9,360.0,9.658888888888889,0.1731082925530144,1,,,,,,
62279fe0ea79f8f9cc02b32d,3,300.39,268,54.02670983407527,24.590163934426254,146.3414634146341,530.6805664878682,730.9052991947598,13,520.0,9.946153846153845,0.0,1,,,,,,
62277b63a5ff2fba7b7faf1e,3,300.36,279,55.91123923172326,27.39726027397263,142.85714285714712,466.8551261386262,591.2676829695582,25,1000.0,10.831199999999999,0.0,1,,,,,,
6227a011ea79f8f9cc02b332,3,300.39,265,54.81158517595764,26.20087336244551,150.00000000000054,508.8680098020798,676.4473287648881,10,400.0,11.539,0.0865541462765072,1,,,,,,
62277b65aea43ef3b260d70d,3,300.36,223,44.786658148683635,22.471910112359897,146.34146341463284,657.11035433436,803.5019505983679,15,600.0,9.125333333333334,0.0,1,,,,,,
62277b6caea43ef3b260d70e,3,300.36,271,54.16973182638936,27.39726027397263,153.8461538461536,468.14147673699824,722.1827714577062,21,840.0,16.163809523809523,0.2596883739512585,1,,,,,,
6227a033ea79f8f9cc02b336,3,300.39,238,47.66373935777971,24.096385542168687,157.89473684210716,527.1849979151011,853.781717032508,20,800.0,15.973999999999998,0.0,1,,,,,,
62277b70aea43ef3b260d70f,3,300.36,243,48.73464455930724,23.622047244094563,149.99999999999787,565.3026804014984,845.774952164901,25,1000.0,13.550799999999999,0.08656279131708616,1,,,,,,
6227a046ea79f8f9cc02b338,3,300.39,266,53.445378151260506,24.09638554216886,150.00000000000853,483.7258761638045,694.7745982865544,24,960.0,13.196666666666667,0.1731082925530144,1,,,,,,
62277b73aea43ef3b260d710,3,300.36,255,51.036468972907805,26.548672566371458,115.38461538461942,473.09196230001754,708.4414782204996,22,880.0,15.112272727272732,0.207571580769743,1,,,,,,
6227a0578cb091d84e475123,3,300.44,255,52.95343988881167,27.272727272727238,149.99999999999787,501.4098885952128,651.3588714730432,5,200.0,14.294,0.2943376381307415,1,,,,,,
6227a04dea79f8f9cc02b339,3,300.39,247,51.30700778642935,28.1690140845071,166.6666666666735,470.97866117961627,691.5067842422529,17,680.0,13.914117647058823,0.3462165851060288,1,,,,,,
62277b76aea43ef3b260d711,3,300.36,296,59.40394683850181,23.622047244094563,272.7272727272741,498.91208058446256,558.7245557980215,7,280.0,10.425714285714283,0.5538227460380877,1,,,,,,
6227a05fea79f8f9cc02b33b,3,300.39,238,47.713317451263286,23.07692307692338,146.34146341464552,615.9463960540593,729.1511782051522,9,360.0,9.389999999999999,0.0,1,,,,,,
62277b79a5ff2fba7b7faf20,3,300.36,249,49.96809832432251,26.08695652173916,146.34146341463537,605.416022638604,754.415611569483,18,720.0,8.480555555555556,0.08656279131708616,1,,,,,,
6227a0748cb091d84e475126,3,300.39,243,48.67093487078069,26.905829596412506,150.00000000000853,571.633914425718,765.1485360096269,8,320.7,10.09625,0.0,1,,,,,,
6227a07b8cb091d84e475127,3,300.39,255,53.01607180129409,22.140221402213957,139.53488372093034,556.5117139183706,603.7933447480656,12,480.0,8.516666666666666,0.0,1,,,,,,
62277b80aea43ef3b260d713,3,263.68,266,60.539141029546144,22.140221402214014,300.0000000000064,514.4399081492664,626.448926550086,5,200.62,9.552,0.2958131067961165,1,,,,,,
6227a08fea79f8f9cc02b340,21,300.18,386,77.28337236533957,26.200873362445424,136.36363636363706,248.33775036746994,244.9574793033819,3,120.54,10.729999999999999,0.3803871010726897,1,21.0,Golden Retriever,39.0,19.0,2.0,0.0
6227a0a68cb091d84e47512c,21,300.18,355,71.04154124021674,37.49999999999947,299.99999999999574,277.6968532858568,330.65177286814793,3,120.0,11.340000000000002,0.08661469784795789,1,21.0,Golden Retriever,39.0,19.0,2.0,0.0
6227a0acea79f8f9cc02b343,21,300.17,354,71.0190121718137,37.267080745341296,230.76923076923254,252.03724714921333,338.8466400225104,4,160.0,13.4725,0.25985275010827197,1,21.0,Golden Retriever,39.0,19.0,2.0,0.0
6227a0c08cb091d84e47512f,21,300.18,357,71.57697205281147,35.714285714285566,300.00000000001705,307.2949687451952,388.9643164052716,4,160.0,15.6175,0.29374675194883065,1,21.0,Golden Retriever,39.0,19.0,2.0,0.0
6227a0dcea79f8f9cc02b348,21,300.18,335,67.24832214765101,35.92814371257573,111.1111111111069,295.76774671542944,400.3005627532123,25,1000.0,12.912,0.0,1,21.0,Golden Retriever,39.0,19.0,2.0,0.0
6227a0e48cb091d84e475133,2,300.12,238,47.7261285450579,29.850746268656852,103.44827586207181,429.82360348768526,686.0476956290745,3,120.0,16.37333333333333,0.0,1,,,,,,
6227a0efea79f8f9cc02b34a,2,300.08,201,41.55412424683149,5.774783445620789,133.33333333333331,1254.1788600775114,1786.2796463248326,1,40.0,14.8,0.0,1,,,,,,
6227a0f6ea79f8f9cc02b34b,2,300.08,221,44.493882091212456,26.785714285714178,130.4347826086954,481.9737056811671,698.6742174293083,2,80.0,11.969999999999999,0.0,1,,,,,,
62277b9ba5ff2fba7b7faf23,2,300.14,247,49.69195030804969,28.1690140845071,187.49999999999568,467.5960518389475,589.2554970607646,2,80.0,11.065,0.173252482174985,1,,,,,,
6227a101ea79f8f9cc02b34c,2,300.12,211,42.53308128544423,24.29149797570851,93.74999999999991,576.1184531754856,767.5743188305802,16,640.0,9.558125,0.0,1,,,,,,
6227a10c8cb091d84e475137,2,300.12,288,57.80657289603545,30.927835051546428,146.34146341463537,448.7125604617411,534.7308322296944,19,760.0,11.53736842105263,0.0,1,,,,,,
6227a1158cb091d84e475138,2,300.08,209,41.95945264431967,23.904382470119607,100.00000000000568,638.9170317990073,795.3500125806728,18,720.0,8.788888888888888,0.0,1,,,,,,
6227a114ea79f8f9cc02b34e,2,300.12,290,58.06710870002009,26.431718061674058,133.3333333333367,453.8713763381994,485.7929514378197,1,40.099999999999994,10.2,0.0,1,,,,,,
6227a124ea79f8f9cc02b350,2,300.17,300,60.25796049979847,35.50295857988171,166.66666666666694,394.16771717916384,446.867546401441,3,120.0,11.476666666666667,0.0,1,,,,,,
6227a12bea79f8f9cc02b351,2,300.17,276,55.38957333243815,29.556650246305402,133.3333333333325,472.9694193767293,513.4870768599629,4,160.26,9.85,0.0,1,,,,,,
6227a136ea79f8f9cc02b352,2,300.17,295,59.3000974888224,32.432432432432535,162.16216216216017,440.4672687874966,482.544450551118,20,800.0,11.153,0.0,1,,,,,,
62277ba8aea43ef3b260d71a,2,300.14,271,56.2597673207154,28.30188679245277,133.3333333333367,490.498409015634,557.1692260600933,14,560.0,9.261428571428569,0.0,1,,,,,,
6227a1368cb091d84e47513c,2,300.17,272,54.46323898844415,29.702970297029655,127.65957446808541,453.0217588083448,551.1351921262152,3,120.0,11.189999999999998,0.0,1,,,,,,
62277baaaea43ef3b260d71b,2,300.14,285,57.2157679135048,28.708133971291815,117.64705882353151,443.34853182218677,535.2523264811944,14,560.0,11.357142857142858,0.0,1,,,,,,
62277ba9a5ff2fba7b7faf26,2,300.14,259,53.625246821630235,30.150753768844083,111.11111111111275,468.33247539931347,594.1589877496892,25,1000.0,11.4848,0.0,1,,,,,,
6227a1418cb091d84e47513d,2,300.12,335,67.12668319153211,30.150753768844297,187.49999999999568,434.89080680807797,447.25153318231594,1,40.0,12.85,0.08663201386112222,1,,,,,,
6227a142ea79f8f9cc02b353,2,300.12,274,55.23334232533046,31.578947368421076,130.43478260869338,458.76898650389006,538.8232685267801,15,600.0,10.980666666666668,0.0,1,,,,,,
6227a14b8cb091d84e47513e,20,300.12,329,66.16905386322372,14.851485148514776,272.7272727272741,439.2068692271122,625.6536642946013,1,40.0,19.63,0.3465280554444889,1,20.0,Border Collie,15.0,47.0,1.0,0.0
6227a152ea79f8f9cc02b355,20,300.08,244,48.95903290799195,27.649769585253253,111.11111111111275,521.1201012392972,802.2409213370814,2,80.0,17.189999999999998,0.0,1,20.0,Border Collie,15.0,47.0,1.0,0.0
6227a1548cb091d84e47513f,20,300.08,236,47.43641501816713,27.64976958525362,113.20754716981715,571.0983187587171,770.2644123658206,25,1000.0,11.3016,0.0,1,20.0,Border Collie,15.0,47.0,1.0,0.0
62277bb0aea43ef3b260d71c,20,300.14,250,50.30472406478332,28.708133971291428,127.65957446808541,525.101921642313,689.5951944859132,6,240.0,11.491666666666667,0.0,1,20.0,Border Collie,15.0,47.0,1.0,0.0
6227a158ea79f8f9cc02b356,20,300.12,227,45.535444440713256,26.54867256637179,103.44827586207181,556.8564829255413,753.5598479513376,1,40.26,10.89,0.0,1,20.0,Border Collie,15.0,47.0,1.0,0.0
6227a1608cb091d84e475140,20,300.17,236,47.60457814240859,24.999999999999943,113.20754716981108,550.3024247478799,664.3765151223754,11,440.0,10.136363636363637,0.0,1,20.0,Border Collie,15.0,47.0,1.0,0.0
6227a1678cb091d84e475141,20,300.17,294,58.92210752111543,25.423728813559325,230.76923076923885,461.2629578596375,525.7193375916544,1,40.0,18.82,0.25985275010827197,1,20.0,Border Collie,15.0,47.0,1.0,0.0
625836464a9b1217fd236a4a,4,300.14,264,52.92815455826122,31.914893617021352,101.6949152542373,468.8904738770159,899.5688110431151,2,80.0,27.08,0.0,1,,,,,,
6258363ce0539383be611c4f,4,300.09,272,54.76775910269797,32.608695652174106,101.6949152542367,440.64303776359986,845.0695785511331,2,80.0,27.1,0.0,1,,,,,,
6227a1a1ea79f8f9cc02b35d,20,300.08,275,55.323731323192895,31.57894736842096,122.44897959183446,416.8343471588096,619.2894427643787,11,440.0,17.22,0.17328712343375102,1,20.0,Border Collie,15.0,47.0,1.0,0.0
6227a1a08cb091d84e475148,20,300.08,261,52.43521226177272,30.30303030303046,105.2631578947381,454.60815641998437,659.8282799890903,12,480.0,14.612499999999997,0.0,1,20.0,Border Collie,15.0,47.0,1.0,0.0
62277bc2aea43ef3b260d71e,20,300.14,276,55.42492442055762,32.78688524590193,107.14285714285671,460.6311846312736,654.3068991292805,19,760.0,13.653157894736841,0.0,1,20.0,Border Collie,15.0,47.0,1.0,0.0
6227a1a8ea79f8f9cc02b35e,20,300.12,289,58.29369497014473,34.285714285714285,113.20754716981128,409.908406846559,577.8857295143274,2,80.62,16.16,0.0,1,20.0,Border Collie,15.0,47.0,1.0,0.0
6227a1ac8cb091d84e475149,20,300.12,343,68.73450793863469,33.70786516853931,300.00000000001705,397.09678095022537,460.6568050969295,1,40.0,15.77,0.20699420231907245,1,20.0,Border Collie,15.0,47.0,1.0,0.0
6227a1b1ea79f8f9cc02b35f,20,300.17,295,59.020342612419704,32.78688524590193,113.20754716981128,407.4644758881059,615.370528520833,12,480.0,16.0175,0.0,1,20.0,Border Collie,15.0,47.0,1.0,0.0
6227a1b58cb091d84e47514a,20,300.17,350,70.4173252177422,37.03703703703693,142.8571428571429,338.9584902076529,497.1452989578203,3,120.0,19.506666666666668,0.17323516673884798,1,20.0,Border Collie,15.0,47.0,1.0,0.0
6227a1b8ea79f8f9cc02b360,20,300.12,263,54.43590276334926,12.52609603340292,107.14285714285671,489.6785873314625,729.6335615222323,1,40.0,16.98,0.0,1,20.0,Border Collie,15.0,47.0,1.0,0.0
6227a1c08cb091d84e47514b,20,300.17,287,57.41818911865088,28.84615384615367,120.0,474.57293692051866,586.8868207336714,8,320.0,11.401250000000001,0.1205213712229736,1,20.0,Border Collie,15.0,47.0,1.0,0.0
6227a1c78cb091d84e47514c,20,300.17,332,66.78324029860785,35.50295857988171,127.6595744680777,357.0560735250474,467.0935277183396,2,80.0,14.425,0.0,1,20.0,Border Collie,15.0,47.0,1.0,0.0
6227a1c1ea79f8f9cc02b361,1,300.12,437,87.55606131601846,42.55319148936095,157.8947368421057,235.44268391265285,285.24440014852587,2,80.0,16.84,0.08663201386112222,1,,,,,,
6227a1caea79f8f9cc02b362,1,300.09,354,71.2843295638126,36.14457831325247,125.00000000000267,299.965813250839,391.0991213583483,5,200.0,14.122,0.0,1,,,,,,
6227a1d28cb091d84e47514d,1,300.17,336,67.3773129525342,38.709677419355266,136.36363636363706,331.74377662191995,409.6317902614656,16,640.0,14.17,0.0,1,,,,,,
62277bcda5ff2fba7b7faf2a,1,300.05,324,64.7857190613091,38.4615384615384,139.534883720928,346.75811166919317,416.447561439099,12,480.0,13.082500000000001,0.0,1,,,,,,
6227a1d1ea79f8f9cc02b363,1,300.13,336,67.21059319200161,39.735099337748586,139.534883720928,313.8958791275194,375.7041293549642,6,240.16,12.623333333333333,0.0,1,,,,,,
6227a2c4ea79f8f9cc02b37e,7,300.12,295,59.042072497238685,12.048192771084343,285.7142857143136,452.98595682138165,644.5394154126453,1,40.0,18.88,0.5535479141676664,1,,,,,,
62277c07aea43ef3b260d72c,7,300.05,257,51.51596458277435,31.24999999999974,193.54838709677279,421.76554680365746,573.2637896719273,1,40.480000000000004,13.32,0.08665222462922846,1,,,,,,
6227a2ca8cb091d84e475168,7,300.13,257,51.35577919689725,26.43171806167422,107.14285714285671,497.68317244488287,640.4976619020238,15,600.0,11.419999999999998,0.0,1,,,,,,
62277c09aea43ef3b260d72d,7,300.05,292,58.355614973262036,31.41361256544508,300.00000000001705,391.9761371515105,502.8258079130854,18,720.0,13.500555555555556,0.6932177970338277,1,,,,,,
62583659e0539383be611c52,23,300.03,439,88.04020100502512,24.0,260.86956521738676,222.44329480517123,261.4538650886495,3,120.0,17.66,0.46674832516748327,1,23.0,Labrador Retriever,23.0,113.0,1.0,1.0
62583652e0539383be611c51,23,300.09,346,69.23540036122817,31.250000000000668,150.00000000000853,299.1797515898676,364.7538194963943,5,200.0,12.698,0.08664067446432737,1,23.0,Labrador Retriever,23.0,113.0,1.0,1.0
62277c0ca5ff2fba7b7faf32,7,300.05,311,62.46222043119081,31.088082901554753,300.00000000001705,382.2472110670186,552.9532363169566,2,80.8,17.805,0.9866562239626728,1,,,,,,
625836634a9b1217fd236a4d,23,300.09,349,70.0060350030175,36.58536585365884,157.89473684210716,307.7894146333016,354.43789975658933,3,120.0,12.246666666666668,0.0,1,23.0,Labrador Retriever,23.0,113.0,1.0,1.0
6227a2ecea79f8f9cc02b382,7,300.13,328,65.6406825025092,23.715415019762837,300.00000000001705,434.41975446232885,538.3108094840412,11,440.0,14.26909090909091,0.8662912737813614,1,,,,,,
6258365f4a9b1217fd236a4c,23,300.14,337,67.39319382229057,29.702970297029655,130.43478260870145,328.9774761518032,413.38428509581803,5,200.0,11.809999999999999,0.0,1,23.0,Labrador Retriever,23.0,113.0,1.0,1.0
6227a2f18cb091d84e47516c,7,300.18,338,67.73869346733667,32.085561497326125,300.00000000001705,342.4944909509917,447.5615147930053,6,240.38,16.563333333333333,0.9000496368845359,1,,,,,,
6258366ae0539383be611c54,23,300.13,303,62.70981138605295,10.0,146.34146341463537,485.6293120216678,659.5125553249385,8,320.0,12.81875,0.0,1,23.0,Labrador Retriever,23.0,113.0,1.0,1.0
6227a2f5ea79f8f9cc02b383,7,300.18,330,66.0244832430263,39.47368421052605,300.0000000000011,317.32873745548756,408.35780580390036,1,40.0,18.1,0.25984409354387367,1,,,,,,
62277c10a5ff2fba7b7faf33,7,300.05,285,57.11987127916331,34.482758620690035,285.71428571429425,358.40611672798997,451.1794515783072,3,120.0,14.916666666666666,0.08665222462922846,1,,,,,,
6258367fe0539383be611c56,23,300.18,321,64.6051347622733,34.68208092485513,124.99999999999896,311.46923892203336,395.6166568598352,3,120.0,13.703333333333333,0.0,1,23.0,Labrador Retriever,23.0,113.0,1.0,1.0
62583664e0539383be611c53,23,300.14,308,61.628023687644294,27.64976958525362,117.64705882353151,368.3174010923966,464.2855921855774,5,200.0,11.315999999999999,0.0,1,23.0,Labrador Retriever,23.0,113.0,1.0,1.0
625836754a9b1217fd236a4f,23,300.18,382,76.67795927950894,37.974683544303495,157.89473684210716,263.38150853045545,306.9081810231638,6,240.0,13.658333333333333,0.0,1,23.0,Labrador Retriever,23.0,113.0,1.0,1.0
6227a311ea79f8f9cc02b386,7,300.17,255,51.0074302162126,28.985507246376507,120.0,451.8898448262416,513.7204450400751,10,400.74,9.693,0.0,1,,,,,,
625836894a9b1217fd236a52,23,300.18,289,59.84830118103419,17.964071856287436,162.1621621621617,442.5876147155204,536.73649281353,4,160.0,15.035,0.0,1,23.0,Labrador Retriever,23.0,113.0,1.0,1.0
625836a14a9b1217fd236a53,23,300.12,293,58.78602825218938,30.612244897959503,107.14285714285671,349.7086483460934,508.0712805471683,2,80.0,14.105,0.0,1,23.0,Labrador Retriever,23.0,113.0,1.0,1.0
625836dc4a9b1217fd236a56,23,300.09,367,73.5235034150261,38.709677419354904,153.84615384613681,252.48211343797848,329.17580762985466,6,240.0,15.491666666666667,0.0,1,23.0,Labrador Retriever,23.0,113.0,1.0,1.0
6258369ae0539383be611c59,23,300.14,472,94.42977912921442,47.24409448818965,300.0000000000064,220.50282159364428,182.8643259417427,1,40.0,17.18,0.173252482174985,1,23.0,Labrador Retriever,23.0,113.0,1.0,1.0
625836aee0539383be611c5c,23,300.13,403,80.84735536636053,40.0,240.0,227.3602182120901,246.87573984232304,2,80.0,14.055,0.1732582547562723,1,23.0,Labrador Retriever,23.0,113.0,1.0,1.0
625836c2e0539383be611c5d,23,300.18,366,73.43325621164873,38.709677419354556,157.89473684210716,247.45608605683915,285.62395550101394,3,120.0,14.25,0.0,1,23.0,Labrador Retriever,23.0,113.0,1.0,1.0
625836f44a9b1217fd236a57,23,300.18,372,74.47306791569086,38.709677419354904,136.36363636363706,246.44232485483727,265.490876312925,8,320.0,12.25375,0.08661469784795789,1,23.0,Labrador Retriever,23.0,113.0,1.0,1.0
625836a6e0539383be611c5b,23,300.14,414,82.97060202236656,44.77611940298496,199.99999999999955,229.05625284367053,224.54538754550606,2,80.0,17.03,0.2598787232624775,1,23.0,Labrador Retriever,23.0,113.0,1.0,1.0
625836ece0539383be611c60,23,300.13,86,21.260630315157584,0.6216972334473112,111.11111111110982,11862.941205013762,16114.611160594062,5,200.0,15.662,0.9866751074534369,1,23.0,Labrador Retriever,23.0,113.0,1.0,1.0
625836dfe0539383be611c5f,23,300.18,279,81.71263410571694,44.11764705882354,176.47058823529972,227.95121172783305,250.68930243189567,9,360.0,15.78111111111111,0.2937724032247318,1,23.0,Labrador Retriever,23.0,113.0,1.0,1.0
62583709e0539383be611c61,23,300.18,15,69.88352745424292,38.46153846153847,139.53488372093034,312.94770127972447,436.6216457511714,14,560.0,13.324285714285711,0.9866899860083949,1,23.0,Labrador Retriever,23.0,113.0,1.0,1.0
625836d2e0539383be611c5e,23,300.14,25,86.85162846803377,57.1428571428571,127.65957446808541,166.31339371059772,197.2969512093944,5,200.0,14.606,0.9866935430132606,1,23.0,Labrador Retriever,23.0,113.0,1.0,1.0
625837114a9b1217fd236a59,23,300.13,414,82.95115991028688,39.73509933774821,127.65957446808541,218.19846808716818,258.37712333733737,8,320.0,13.8975,0.0,1,23.0,Labrador Retriever,23.0,113.0,1.0,1.0
62583727e0539383be611c62,23,300.18,415,84.06091370558376,42.85714285714355,136.36363636363706,229.0908536434316,268.23068384856657,15,600.0,14.118,0.08661469784795789,1,23.0,Labrador Retriever,23.0,113.0,1.0,1.0
6258372d4a9b1217fd236a5b,23,300.18,405,81.23324396782841,6.116207951070337,222.2222222222226,512.7022357440167,707.9425331712682,8,320.0,13.09375,0.43307348923978944,1,23.0,Labrador Retriever,23.0,113.0,1.0,1.0
6258370b4a9b1217fd236a58,23,300.14,435,87.04663212435233,45.11278195488728,122.44897959183446,153.23515545409532,186.94579372681272,2,80.0,15.2,0.0,1,23.0,Labrador Retriever,23.0,113.0,1.0,1.0
62583743e0539383be611c64,23,300.13,403,80.93416549224885,36.363636363636864,139.53488372093034,264.6876229120979,294.7834066867668,11,440.0,11.469090909090907,0.0,1,23.0,Labrador Retriever,23.0,113.0,1.0,1.0
62583735e0539383be611c63,23,300.18,405,81.35593220338983,6.586169045005478,300.00000000001705,495.31345816182784,644.303536499997,2,80.0,10.579999999999998,0.3803871010726897,1,23.0,Labrador Retriever,23.0,113.0,1.0,1.0
6227a3588cb091d84e475177,16,300.12,507,101.63023466006092,48.387096774193196,171.4285714285742,174.8947556580416,162.04693122917163,1,40.28,10.72,0.3465280554444889,1,16.0,Crossbreed,13.0,20.0,1.0,0.0
6227a354ea79f8f9cc02b38e,16,300.08,449,90.01707913331771,46.51162790697703,153.8461538461536,215.91249199299642,233.72769486467837,1,40.0,11.52,0.0,1,16.0,Crossbreed,13.0,20.0,1.0,0.0
6227a3628cb091d84e475178,16,300.09,403,80.89616313388784,46.87499999999892,133.33333333332828,250.96745351002394,321.71454641740695,12,480.0,16.671666666666667,0.0,1,16.0,Crossbreed,13.0,20.0,1.0,0.0
6227a35aea79f8f9cc02b38f,17,300.12,433,86.9448544210385,41.95804195804176,285.71428571429425,233.25596257101978,262.75843537292525,9,360.0,16.75,0.4668902439024391,1,,,,,,
62277c29a5ff2fba7b7faf38,16,300.14,378,75.65217391304347,38.21656050955362,124.99999999999527,286.4124618667029,359.5520262416376,4,160.0,13.9225,0.0,1,16.0,Crossbreed,13.0,20.0,1.0,0.0
6227a364ea79f8f9cc02b390,17,300.08,313,62.73668688628976,12.096774193548436,146.34146341462522,425.25879153838844,663.0367145848389,14,560.0,18.660714285714285,0.12022427352705954,1,,,,,,
6227a36d8cb091d84e475179,16,300.12,365,73.01173402868318,37.49999999999947,124.99999999999527,299.23290028134124,370.0357364917506,9,360.0,16.60111111111111,0.0,1,16.0,Crossbreed,13.0,20.0,1.0,0.0
6227a3778cb091d84e47517a,16,300.09,348,69.5855614973262,30.0,127.65957446808505,344.6001565267533,426.10651603299914,1,40.0,13.85,0.0,1,16.0,Crossbreed,13.0,20.0,1.0,0.0
62277c2daea43ef3b260d730,17,300.14,277,55.66386554621848,34.285714285714285,107.14285714285671,371.82684708890196,611.0705955348141,9,360.0,16.644444444444442,0.0,1,,,,,,
6227a376ea79f8f9cc02b392,16,300.09,362,72.59199678262618,32.25806451612904,139.534883720928,339.6696587419419,384.1560012980824,5,200.0,12.041999999999998,0.0,1,16.0,Crossbreed,13.0,20.0,1.0,0.0
62277c2ea5ff2fba7b7faf39,16,300.05,374,75.05281867265838,33.14917127071845,127.65957446808541,302.03958015855636,341.05347545257257,8,320.0,11.844999999999999,0.0,1,16.0,Crossbreed,13.0,20.0,1.0,0.0
6227a382ea79f8f9cc02b393,16,300.13,349,69.95912350063661,36.36363636363624,136.36363636363706,301.3421840067146,352.71242092276754,15,600.0,12.928666666666665,0.0,1,16.0,Crossbreed,13.0,20.0,1.0,0.0
6227a3858cb091d84e47517c,16,300.09,394,78.87606623181134,42.553191489361694,162.16216216216017,264.3316297171423,319.5133416779399,3,120.0,15.793333333333331,0.08664067446432737,1,16.0,Crossbreed,13.0,20.0,1.0,0.0
62277c32aea43ef3b260d731,16,300.05,337,67.7351073480496,29.556650246305402,125.00000000000267,357.0726044976417,409.4554082476914,2,80.58,11.879999999999999,0.0,1,16.0,Crossbreed,13.0,20.0,1.0,0.0
6227a397ea79f8f9cc02b395,16,300.13,329,66.03805241434851,34.285714285714285,125.00000000000036,343.57193035579974,433.60553671267894,25,1000.0,13.427600000000002,0.0,1,16.0,Crossbreed,13.0,20.0,1.0,0.0
6227a38c8cb091d84e47517d,16,300.09,339,68.07653575025176,34.48275862068976,122.44897959183801,343.1403842988852,381.2796663556319,14,560.0,12.055000000000003,0.0,1,16.0,Crossbreed,13.0,20.0,1.0,0.0
6227a3a0ea79f8f9cc02b396,16,300.17,341,68.47245997381934,37.97468354430384,122.44897959183446,345.639316909576,394.0250654620705,4,160.74,12.32,0.0,1,16.0,Crossbreed,13.0,20.0,1.0,0.0
62277c35a5ff2fba7b7faf3a,16,300.15,330,66.22605428255109,39.2156862745098,125.00000000000267,364.84002487963164,415.93671833409576,2,80.0,11.735,0.0,1,16.0,Crossbreed,13.0,20.0,1.0,0.0
6227a3928cb091d84e47517e,16,300.13,349,69.93334896339216,21.42857142857145,133.3333333333367,366.8459359731338,410.1180683305493,1,40.0,11.83,0.0,1,16.0,Crossbreed,13.0,20.0,1.0,0.0
6227a39c8cb091d84e47517f,16,300.09,356,71.51010541865305,41.37931034482751,133.3333333333367,304.63312363810064,342.1290105895816,2,80.0,13.75,0.0,1,16.0,Crossbreed,13.0,20.0,1.0,0.0
62277c3aa5ff2fba7b7faf3b,16,300.15,349,70.06711409395973,37.97468354430418,122.44897959183801,330.5636264120634,367.77271831158504,4,160.0,11.57,0.0,1,16.0,Crossbreed,13.0,20.0,1.0,0.0
6227a3b78cb091d84e475182,16,300.13,337,67.45407702345501,38.216560509554306,139.534883720928,351.9057454714358,368.4789226236836,1,40.0,11.23,0.08662912737813615,1,16.0,Crossbreed,13.0,20.0,1.0,0.0
6227a4078cb091d84e47518b,3,300.43,289,57.92826014079785,31.746031746031974,139.53488372094645,366.53016543766824,533.2057411256354,4,160.0,14.2775,0.0,1,,,,,,
6227a414ea79f8f9cc02b3a2,3,300.39,262,52.39385727190605,22.55639097744388,149.9999999999872,469.180616530971,633.3039129468931,6,240.0,12.020000000000001,0.0,1,,,,,,
62277c52a5ff2fba7b7faf3e,3,300.36,259,51.86103387048142,23.622047244094563,150.00000000000853,606.1708643292585,726.6283203628306,22,880.0,9.204545454545455,0.08656279131708616,1,,,,,,
62277c54aea43ef3b260d737,3,300.36,263,52.709227467811154,20.477815699658656,150.00000000000853,620.348626086775,733.4628934662999,6,240.0,7.93,0.0,1,,,,,,
6227a42f8cb091d84e47518f,3,300.39,238,47.54262788365095,23.34630350194533,150.00000000000853,705.4197808064158,911.7876834334943,10,400.0,7.892,0.0,1,,,,,,
6227a438ea79f8f9cc02b3a6,3,300.39,269,53.85671701778477,24.89626556016601,136.36363636362827,504.07057198322246,689.4417760382782,18,720.0,13.113333333333333,0.0,1,,,,,,
6227a43f8cb091d84e475191,3,181.42,138,45.86029904039277,20.833333333333265,150.00000000000853,653.8838372091279,800.4043095983008,14,560.0,8.643571428571429,0.0,1,,,,,,
625837744a9b1217fd236a5f,5,300.09,335,67.32739795061313,32.78688524590167,139.53488372093034,373.1862830198473,461.6486970841783,5,200.0,12.696000000000002,0.9530474191076012,1,,,,,,
625837444a9b1217fd236a5c,5,300.14,269,54.26016534503121,29.411764705882057,120.0,488.3931286565732,595.7521290360086,13,520.0,10.596923076923076,0.0866262410874925,1,,,,,,
62583779e0539383be611c67,5,300.13,270,53.98534970063886,27.149321266968226,117.64705882353151,514.5939683164858,609.8687771751659,25,1000.0,10.032800000000002,0.08662912737813615,1,,,,,,
6258378d4a9b1217fd236a60,5,300.08,301,60.364197323853915,28.43601895734598,127.6595744680777,479.8424339582517,517.3187886564643,3,120.0,10.883333333333333,0.8664356171687551,1,,,,,,
625837a6e0539383be611c69,5,300.12,266,53.296684879160665,27.02702702702704,127.65957446809314,530.8107949704639,583.8926971783279,10,400.0,8.879999999999999,0.17326402772224445,1,,,,,,
6258379de0539383be611c68,5,300.14,301,60.380396497937,27.272727272727412,150.00000000000054,483.08994640860647,539.2159550252996,6,240.64,8.448333333333332,0.8134410608382756,1,,,,,,
625837d0e0539383be611c6b,5,300.12,363,72.63728178717143,30.61224489795917,230.76923076923885,436.70787989621584,395.1482067062415,3,120.0,9.1,0.6930561108889778,1,,,,,,
625837f04a9b1217fd236a64,5,300.13,252,50.57764642665234,28.98550724637691,117.64705882353151,538.1793536852439,636.2263748069541,17,680.0,9.48058823529412,0.0,1,,,,,,
625837e5e0539383be611c6c,5,300.14,289,57.76752582489219,29.850746268656852,300.00000000001705,511.7183318314904,570.3193066153879,25,1000.0,10.4776,0.9866935430132606,1,,,,,,
6227a44aea79f8f9cc02b3a8,26,300.12,314,62.95253419147224,34.090909090909264,133.3333333333346,358.70982277351624,470.05830243950555,1,40.0,16.71,0.08663201386112222,1,26.0,Spanish Water Dog,20.0,47.0,2.0,0.0
6227a4458cb091d84e475192,26,300.08,268,53.61625221727635,30.303030303030024,299.9999999999318,436.43147029249053,567.2970472773706,7,280.0,12.12142857142857,0.20686783524393504,1,26.0,Spanish Water Dog,20.0,47.0,2.0,0.0
6227a454ea79f8f9cc02b3a9,26,300.08,253,51.1779041429732,20.97902097902088,115.38461538461311,546.0899457040841,649.3156065982968,8,320.0,10.19375,0.0,1,26.0,Spanish Water Dog,20.0,47.0,2.0,0.0
62277c60aea43ef3b260d738,26,300.05,240,48.33327715797634,19.801980198019795,113.20754716981108,634.2157346797678,770.2746972630605,2,80.0,14.059999999999999,0.0,1,26.0,Spanish Water Dog,20.0,47.0,2.0,0.0
6227a45fea79f8f9cc02b3aa,22,300.09,411,82.22749607246716,44.4444444444437,127.65957446808541,171.44758892126205,164.49819969139992,2,80.0,14.225,0.43320337232163686,1,22.0,Beauceron,35.0,20.0,2.0,0.0
62277c66a5ff2fba7b7faf41,26,300.14,259,51.838456901748046,28.708133971291815,105.2631578947381,464.1175536548194,554.9119185547257,11,440.0,10.293636363636365,0.0,1,26.0,Spanish Water Dog,20.0,47.0,2.0,0.0
6227a46cea79f8f9cc02b3ac,22,300.12,354,70.86219010338252,39.21568627450978,120.0,266.07622424393077,339.1881182256456,16,640.0,14.47125,0.0,1,22.0,Beauceron,35.0,20.0,2.0,0.0
6227a4788cb091d84e475197,26,300.12,256,51.31128848346636,29.26829268292687,105.2631578947381,489.4910850155612,544.0816144197552,2,80.0,8.825,0.0,1,26.0,Spanish Water Dog,20.0,47.0,2.0,0.0
6227a476ea79f8f9cc02b3ad,22,300.08,338,67.77047861643652,35.50295857988111,113.20754716981108,304.6464859778947,404.99742797537033,20,800.0,14.098500000000001,0.0,1,22.0,Beauceron,35.0,20.0,2.0,0.0
6227a4818cb091d84e475198,26,300.18,252,50.57764642665234,28.1690140845071,105.2631578947381,506.0855824196801,540.7402333838286,2,80.0,7.744999999999999,0.0,1,26.0,Spanish Water Dog,20.0,47.0,2.0,0.0
6227a4878cb091d84e475199,22,300.08,355,71.20109952733733,37.26708074534162,127.65957446808541,282.5157648837525,358.2654150887642,2,80.0,14.415,0.0,1,22.0,Beauceron,35.0,20.0,2.0,0.0
6227a47dea79f8f9cc02b3ae,26,300.17,254,50.92934308528485,29.411764705882057,115.38461538461468,505.8196606297697,526.538938700884,5,200.0,7.953999999999999,0.0,1,26.0,Spanish Water Dog,20.0,47.0,2.0,0.0
62277c6ca5ff2fba7b7faf42,22,300.14,368,73.91742195367573,41.666666666666735,113.20754716981715,200.11075163443908,270.3852746014676,6,240.0,17.258333333333333,0.0866262410874925,1,22.0,Beauceron,35.0,20.0,2.0,0.0
62277c6caea43ef3b260d73a,26,300.05,262,52.59092588239245,29.26829268292677,122.44897959184156,490.08436211772397,506.3166385391037,2,80.0,7.475,0.0,1,26.0,Spanish Water Dog,20.0,47.0,2.0,0.0
6227a489ea79f8f9cc02b3af,22,300.12,397,79.734219269103,40.81632653061307,136.36363636363706,211.21004603073249,244.45651421423122,15,600.0,17.474,0.08663201386112222,1,22.0,Beauceron,35.0,20.0,2.0,0.0
6227a492ea79f8f9cc02b3b0,22,300.18,377,75.66153536573096,41.09589041095868,130.43478260870145,208.92680689250483,248.95354318962228,15,600.0,15.494,0.08661469784795789,1,22.0,Beauceron,35.0,20.0,2.0,0.0
6227a49c8cb091d84e47519b,22,300.18,357,71.54101215795289,42.857142857142684,111.11111111111275,203.79138390321725,274.23132005919405,5,200.0,16.887999999999998,0.0,1,22.0,Beauceron,35.0,20.0,2.0,0.0
6227a49fea79f8f9cc02b3b2,26,300.12,286,57.467401532464045,33.333333333333385,162.16216216217262,429.3652315923154,504.4303718056662,1,40.18000000000001,12.88,0.0,1,26.0,Spanish Water Dog,20.0,47.0,2.0,0.0
62277c71aea43ef3b260d73b,22,300.14,349,70.0741685404571,40.0,111.1111111111069,238.45183104679742,323.48605482417105,9,360.0,15.51,0.0,1,22.0,Beauceron,35.0,20.0,2.0,0.0
6227a4a88cb091d84e47519c,26,300.18,293,58.912539090083726,29.70297029702997,125.00000000000267,421.721258192145,460.8120726749935,1,40.0,13.5,0.08661469784795789,1,26.0,Spanish Water Dog,20.0,47.0,2.0,0.0
6227a4ae8cb091d84e47519d,22,300.12,399,79.91967871485944,44.11764705882309,113.20754716981108,192.69776304483952,239.2547202432787,15,600.0,15.77533333333333,0.17326402772224445,1,22.0,Beauceron,35.0,20.0,2.0,0.0
6227a4a9ea79f8f9cc02b3b3,26,300.17,252,50.39486012581984,32.78688524590193,100.00000000000095,408.1588433860798,550.926492374435,1,40.0,11.0,0.0,1,26.0,Spanish Water Dog,20.0,47.0,2.0,0.0
6227a4b4ea79f8f9cc02b3b4,22,300.18,406,81.46161582299699,42.25352112676051,146.34146341463537,203.04099287262454,238.14100573790773,9,360.0,17.157777777777778,0.25984409354387367,1,22.0,Beauceron,35.0,20.0,2.0,0.0
6227a4b88cb091d84e47519e,22,300.18,404,81.10011739057522,41.09589041095868,142.85714285714712,207.57476529444185,211.8457150031008,9,360.0,16.533333333333335,0.43307348923978944,1,22.0,Beauceron,35.0,20.0,2.0,0.0
6227a4bbea79f8f9cc02b3b5,26,300.12,303,60.68522053652165,33.70786516853931,122.44897959183446,352.2419715248416,458.55688698857364,2,80.03999999999999,13.245000000000001,0.0,1,26.0,Spanish Water Dog,20.0,47.0,2.0,0.0
62277c77a5ff2fba7b7faf43,22,300.14,393,78.67273213807867,40.540540540540526,146.34146341464552,209.41424101152006,208.71853561668794,7,280.0,16.66857142857143,0.12043113213833552,1,22.0,Beauceron,35.0,20.0,2.0,0.0
6227a4c38cb091d84e47519f,22,300.12,354,70.82901381132328,39.73509933774783,139.53488372093034,243.35167156729628,283.0791529204905,15,600.0,13.860666666666669,0.08663201386112222,1,22.0,Beauceron,35.0,20.0,2.0,0.0
6227a4c4ea79f8f9cc02b3b6,26,300.12,248,49.766614056885714,29.556650246305402,125.00000000000267,459.98355278476464,620.2903857078765,1,40.0,11.47,0.0,1,26.0,Spanish Water Dog,20.0,47.0,2.0,0.0
6227a4cc8cb091d84e4751a0,22,300.18,435,87.14859437751004,40.0,176.47058823529972,212.50510828455435,186.9686466410607,4,160.0,13.285,0.0,1,22.0,Beauceron,35.0,20.0,2.0,0.0
6227a4cdea79f8f9cc02b3b7,26,300.28,295,59.154929577464785,30.927835051546428,153.8461538461536,416.42309149022964,478.3461268421091,4,160.0,11.985,0.08658585320367658,1,26.0,Spanish Water Dog,20.0,47.0,2.0,0.0
6227a4d38cb091d84e4751a1,22,300.18,356,71.53171911206636,41.666666666666735,117.64705882352946,220.4001186525563,258.2043600046745,16,640.0,14.129375,0.0,1,22.0,Beauceron,35.0,20.0,2.0,0.0
6227a4d4ea79f8f9cc02b3b8,26,300.17,296,59.33822789902444,31.74603174603102,139.53488372093034,398.2034832427302,503.53106896691605,9,360.0,14.367777777777778,0.0,1,26.0,Spanish Water Dog,20.0,47.0,2.0,0.0
62277c7eaea43ef3b260d73d,26,300.25,254,50.922509225092234,26.20087336244551,105.2631578947381,495.1584433875396,677.1227644195976,15,600.0,11.847333333333331,0.0,1,26.0,Spanish Water Dog,20.0,47.0,2.0,0.0
6227a4e68cb091d84e4751a3,17,300.08,307,61.51165907263468,37.735849056603016,111.1111111111113,309.4458016648576,455.626752622055,1,40.0,17.45,0.0,1,,,,,,
6227a4e9ea79f8f9cc02b3ba,17,300.08,299,59.87141709081168,35.714285714285566,133.3333333333367,370.19889777931854,528.8651212722541,2,80.0,16.655,0.08664356171687551,1,,,,,,
62277c85a5ff2fba7b7faf45,17,300.14,345,69.19672790666489,35.92814371257512,139.53488372094645,311.88271055107816,395.2435865531161,1,40.0,15.01,0.20705737322582804,1,,,,,,
6227a4ed8cb091d84e4751a4,17,300.12,315,63.22147651006711,30.927835051545976,139.534883720928,323.6005178153142,434.204498279186,6,240.0,16.948333333333334,0.17326402772224445,1,,,,,,
6227a4fbea79f8f9cc02b3bc,0,300.04,358,74.26411954373678,12.145748987854255,150.00000000000054,362.0690623582372,516.507012906912,4,160.0,20.9525,0.0,1,,,,,,
6227a5008cb091d84e4751a6,0,300.09,331,68.62609177873284,35.08771929824545,124.99999999999527,316.2973942860209,432.1832606900324,25,1000.0,16.3264,0.0,1,,,,,,
6227a505ea79f8f9cc02b3bd,0,300.09,325,67.26876362503893,36.144578313253085,125.00000000000267,332.0378722477478,449.0836904082722,25,1000.0,15.732000000000001,0.0,1,,,,,,
6227a5068cb091d84e4751a7,0,300.13,344,68.97938662644545,40.54054054054004,122.4489795918369,299.53272334081976,428.6426284493603,2,80.0,16.744999999999997,0.0,1,,,,,,
6227a51aea79f8f9cc02b3bf,0,300.18,356,71.53652392947103,40.81632653061228,150.00000000000054,307.2988275732048,423.5563716909462,1,40.0,18.95,0.0,1,,,,,,
6227a5198cb091d84e4751a9,18,300.09,302,60.730378640123746,30.927835051546428,127.65957446808541,332.82259432203693,511.66981540833535,2,80.0,17.91,0.0,1,18.0,Belgian Shepherd,29.0,76.0,2.0,0.0
6227a521ea79f8f9cc02b3c0,18,300.09,296,59.51980630842693,28.57142857142855,127.65957446808541,348.31859802215814,539.1767471116045,2,80.0,17.91,0.0,1,18.0,Belgian Shepherd,29.0,76.0,2.0,0.0
6227a51f8cb091d84e4751aa,0,300.18,305,61.003344481605346,18.23708206686919,139.53488372094645,436.56687630281897,578.8628319540145,12,480.0,14.705,0.0,1,,,,,,
6227a527ea79f8f9cc02b3c1,18,300.08,273,54.6349301998594,27.027027027026694,230.76923076922935,468.19200526981285,627.8049971059052,2,80.0,12.004999999999999,0.08664356171687551,1,18.0,Belgian Shepherd,29.0,76.0,2.0,0.0
6227a52b8cb091d84e4751ab,18,300.08,268,53.64138623807131,27.149321266967878,109.09090909090683,465.98803728344126,637.9451858509293,2,80.0,12.004999999999999,0.08664356171687551,1,18.0,Belgian Shepherd,29.0,76.0,2.0,0.0
62277c92aea43ef3b260d73f,0,300.05,285,57.24075380429307,23.809523809523814,120.0,479.8578417100573,602.353159385677,7,280.56,12.388571428571428,0.0,1,,,,,,
6227a533ea79f8f9cc02b3c2,18,300.12,260,52.06030150753769,28.037383177570273,105.26315789473286,482.06302752167886,653.2921993062656,2,80.0,11.425,0.0,1,18.0,Belgian Shepherd,29.0,76.0,2.0,0.0
6227a5408cb091d84e4751ad,18,300.12,260,52.06030150753769,28.037383177570273,107.14285714285671,481.90701894293625,652.9925151226472,2,80.0,11.425,0.0,1,18.0,Belgian Shepherd,29.0,76.0,2.0,0.0
6227a53cea79f8f9cc02b3c3,0,300.18,317,63.441076089138726,33.33333333333312,150.00000000000054,386.7352883341755,521.2509373445198,2,80.0,14.9,0.0,1,,,,,,
6227a5498cb091d84e4751ae,18,300.09,288,57.87457148618673,24.691358024691326,133.3333333333325,455.7907186538935,590.976730932358,2,80.0,11.95,0.0,1,18.0,Belgian Shepherd,29.0,76.0,2.0,0.0
6227a543ea79f8f9cc02b3c4,18,300.09,288,57.874571486186746,24.691358024691326,133.3333333333325,455.9418180522545,591.2464609808488,2,80.0,11.95,0.0,1,18.0,Belgian Shepherd,29.0,76.0,2.0,0.0
6227a549ea79f8f9cc02b3c5,0,300.18,418,83.69572489462769,37.03703703703704,146.34146341463537,269.57118387984326,354.8577721588447,3,120.0,20.919999999999998,0.0,1,,,,,,
6227a5508cb091d84e4751af,18,300.08,295,59.590568204851024,27.90697674418616,136.36363636363706,388.7185611155602,468.315549522875,4,160.0,15.075,0.0,1,18.0,Belgian Shepherd,29.0,76.0,2.0,0.0
6227a555ea79f8f9cc02b3c6,18,300.08,288,58.46801575444791,27.90697674418616,136.36363636363706,383.3627446448434,477.70137261536047,3,120.0,15.153333333333334,0.0,1,18.0,Belgian Shepherd,29.0,76.0,2.0,0.0
62277c9baea43ef3b260d742,0,300.15,318,63.592898458657935,36.809815950920346,111.11111111111275,338.01268256302694,492.46763049829707,25,1000.0,16.843999999999998,0.0,1,,,,,,
6227a561ea79f8f9cc02b3c7,18,300.12,303,60.63851147848203,30.7692307692305,127.65957446808541,336.0238246565829,446.65013770842046,4,160.0,12.732499999999998,0.0,1,18.0,Belgian Shepherd,29.0,76.0,2.0,0.0
6227a5658cb091d84e4751b1,18,300.12,303,60.63851147848203,30.927835051546428,127.65957446808541,336.0445866625588,446.8657925427395,4,160.0,12.7325,0.0,1,18.0,Belgian Shepherd,29.0,76.0,2.0,0.0
6227a577ea79f8f9cc02b3ca,18,300.08,291,58.336406611459424,31.41361256544508,142.85714285714283,374.1734254284521,481.1613689561725,1,40.0,12.29,0.0,1,18.0,Belgian Shepherd,29.0,76.0,2.0,0.0
6227a5818cb091d84e4751b4,18,300.08,291,58.336406611459424,31.41361256544508,142.85714285714283,374.20486596064745,481.33536855733,1,40.0,12.29,0.0,1,18.0,Belgian Shepherd,29.0,76.0,2.0,0.0
62277ca3aea43ef3b260d744,0,300.05,292,58.427868687882736,27.149321266968315,139.53488372093264,473.5501156701271,588.4412489350783,2,80.0,12.809999999999999,0.0,1,,,,,,
6227a58c8cb091d84e4751b5,18,300.12,304,60.95761802575109,25.53191489361708,133.33333333333354,383.2270713550277,484.30464934530954,1,40.599999999999994,13.59,0.0,1,18.0,Belgian Shepherd,29.0,76.0,2.0,0.0
6227a58dea79f8f9cc02b3cc,18,300.12,304,60.957618025751074,25.53191489361708,133.33333333333354,383.1294217131667,484.19045565871437,1,40.599999999999994,14.67,0.0,1,18.0,Belgian Shepherd,29.0,76.0,2.0,0.0
6227a5968cb091d84e4751b6,0,300.18,290,58.242644095122934,29.850746268656852,111.1111111111113,386.99739514932605,561.7683513295796,25,1000.0,15.604800000000001,0.0,1,,,,,,
6227a596ea79f8f9cc02b3cd,18,300.09,311,62.458025520483545,29.70297029702955,136.36363636363706,358.4327218277294,437.0139926517939,1,40.6,16.33,0.0,1,18.0,Belgian Shepherd,29.0,76.0,2.0,0.0
6227a59c8cb091d84e4751b7,18,300.09,310,62.256548018804565,29.70297029702955,133.3333333333367,357.20435649204177,439.20234664525685,1,40.6,16.33,0.0,1,18.0,Belgian Shepherd,29.0,76.0,2.0,0.0
6227a59dea79f8f9cc02b3ce,0,300.18,285,57.0930777993701,34.48275862068976,120.0,402.5991613331019,582.9285150944745,11,440.0,15.55,0.0,1,,,,,,
62277cafaea43ef3b260d747,0,300.15,285,57.18312695056881,29.70297029702955,130.4347826086954,416.28996043635914,612.5734974292068,20,800.0,15.110000000000003,0.0,1,,,,,,
6227a5b4ea79f8f9cc02b3d0,18,300.12,312,64.48937273198548,31.088082901554294,157.89473684210716,351.72090153043837,392.0701879231113,1,40.0,15.18,0.17326402772224445,1,18.0,Belgian Shepherd,29.0,76.0,2.0,0.0
6227a5b88cb091d84e4751ba,18,300.12,300,62.12771852057072,31.088082901554294,150.00000000000853,343.61630742772456,414.27749024799203,1,40.0,15.18,0.17326402772224445,1,18.0,Belgian Shepherd,29.0,76.0,2.0,0.0
6227a5df8cb091d84e4751be,18,300.12,308,61.547714514835604,30.45685279187819,133.3333333333325,358.213926315321,512.5327982490945,7,280.7,14.774285714285714,0.0,1,18.0,Belgian Shepherd,29.0,76.0,2.0,0.0
6227a5dfea79f8f9cc02b3d5,18,300.12,308,61.547714514835604,30.30303030303046,133.3333333333325,358.2823420349951,512.7093865267932,4,160.7,14.3475,0.0,1,18.0,Belgian Shepherd,29.0,76.0,2.0,0.0
6227a5efea79f8f9cc02b3d7,0,300.18,291,58.33836250251458,35.50295857988171,120.0,385.79864772640053,562.0652106633727,21,840.0,15.24809523809524,0.0,1,,,,,,
62277cc5aea43ef3b260d74a,18,300.05,288,57.68457724775558,32.96703296703309,111.11111111111275,386.4749895791899,623.7308792982836,4,160.0,16.735,0.08665222462922846,1,18.0,Belgian Shepherd,29.0,76.0,2.0,0.0
62277cc1aea43ef3b260d749,18,300.05,288,57.68457724775558,32.96703296703309,111.11111111111275,386.4749895791899,623.7308792982836,4,160.0,16.735,0.08665222462922846,1,18.0,Belgian Shepherd,29.0,76.0,2.0,0.0
6227a6018cb091d84e4751c2,18,300.12,283,56.68151820709524,30.927835051545976,109.09090909090824,422.36962401524545,689.9675065844394,5,200.64,17.059999999999995,0.0,1,18.0,Belgian Shepherd,29.0,76.0,2.0,0.0
6227a60a8cb091d84e4751c3,18,300.12,282,56.480519915580714,30.927835051545976,109.09090909090824,424.96889147190615,690.2300341190605,4,160.64,17.33,0.0,1,18.0,Belgian Shepherd,29.0,76.0,2.0,0.0
6227a61a8cb091d84e4751c5,18,300.08,319,63.90675241157557,31.578947368421197,250.00000000002012,377.0297014165503,479.6594480669323,5,200.0,14.376000000000001,0.2599306851506265,1,18.0,Belgian Shepherd,29.0,76.0,2.0,0.0
6227a61bea79f8f9cc02b3dc,18,300.08,309,61.89710610932475,31.578947368421197,150.00000000000853,378.14681898658705,502.84661988228106,5,200.0,14.262,0.2599306851506265,1,18.0,Belgian Shepherd,29.0,76.0,2.0,0.0
6227a6328cb091d84e4751c8,7,300.08,255,51.12035421977727,32.085561497326125,109.09090909090965,391.34672343593496,562.2839506038927,2,80.0,13.61,0.0,1,,,,,,
6227a638ea79f8f9cc02b3df,7,300.08,263,52.71453002917408,32.2580645161288,120.0,370.01220270976773,468.59004295064915,5,200.0,12.384000000000002,0.0,1,,,,,,
6227a6388cb091d84e4751c9,0,300.12,336,67.36602205315548,38.4615384615384,120.0,312.7129479116284,391.2068690236122,4,160.51999999999998,13.452499999999999,0.0,1,,,,,,
6227a643ea79f8f9cc02b3e0,0,300.09,309,61.97598765846133,33.51955307262585,127.65957446808541,367.12771829179053,455.3443054240227,17,680.0,13.520588235294117,0.0,1,,,,,,
6227a6418cb091d84e4751ca,0,300.09,295,59.15691337737684,32.43243243243204,127.65957446808541,404.11697599482284,481.1579462954719,22,880.0,11.667727272727273,0.0,1,,,,,,
62277cd1a5ff2fba7b7faf50,0,300.05,290,58.32100094174626,30.927835051546428,127.65957446809314,429.36029662908413,503.37851618395075,12,480.0,11.270833333333334,0.0,1,,,,,,
6227a64aea79f8f9cc02b3e1,0,300.12,287,57.44317611220834,30.45685279187819,120.0,404.04916093340296,489.4526122610054,16,640.0,11.615625,0.0,1,,,,,,
6227a64d8cb091d84e4751cb,0,300.09,288,58.00323362974938,28.846153846154067,111.11111111111275,397.26195818927965,495.8019568533202,8,320.0,15.0975,0.0,1,,,,,,
6227a653ea79f8f9cc02b3e2,0,300.09,284,56.81970285102396,34.090909090908994,117.64705882353151,370.0843672926048,490.38774642518604,5,200.26,13.123999999999999,0.0,1,,,,,,
62277cd2aea43ef3b260d74c,0,300.14,306,61.392914653784224,31.24999999999997,181.8181818181906,402.44808185030223,442.5880822235467,6,240.48000000000002,12.344999999999999,0.0866262410874925,1,,,,,,
6227a6548cb091d84e4751cc,0,300.13,374,75.06288780815026,38.216560509554306,299.99999999999574,358.3352054452663,396.3889422630105,3,120.0,13.166666666666666,0.25988738213440843,1,,,,,,
6227a65fea79f8f9cc02b3e3,0,300.09,307,61.50341685649203,35.92814371257451,122.44897959184156,405.9966710497277,481.5160484532506,5,200.0,12.370000000000001,0.0,1,,,,,,
6227a65d8cb091d84e4751cd,0,300.17,301,60.52251101173464,31.08808290155452,130.43478260870145,417.4253770118289,485.4346740216189,18,720.0,12.007777777777779,0.0,1,,,,,,
62277cd6a5ff2fba7b7faf51,0,300.15,291,58.16285599679102,30.927835051546428,133.33333333331987,442.4314321196349,507.0956721973133,13,520.0,11.056923076923077,0.0,1,,,,,,
6227a6688cb091d84e4751ce,0,300.13,283,56.71761866452132,31.57894736842096,127.65957446808511,441.42813928245994,522.292033226174,19,760.0,11.127368421052632,0.0,1,,,,,,
6227a665ea79f8f9cc02b3e4,0,300.09,292,58.7206564875227,19.108280254776982,136.36363636363706,441.26335396566503,509.33763613756906,10,400.24,9.663999999999998,0.0,1,,,,,,
6227a66cea79f8f9cc02b3e5,0,300.17,286,57.374849013555234,29.70297029702955,142.85714285714226,410.9854303602153,491.9957918061189,4,160.0,11.6525,0.0,1,,,,,,
62277cd9a5ff2fba7b7faf52,0,300.15,296,59.40793448345305,30.927835051546428,139.534883720928,424.0928680746209,473.7744662790071,1,40.52000000000001,11.53,0.0,1,,,,,,
6227a6728cb091d84e4751cf,0,300.13,280,56.123646360679906,31.7460317460315,127.65957446808541,429.50681817224995,516.9688912617219,23,920.0,11.225217391304348,0.0,1,,,,,,
6227a678ea79f8f9cc02b3e6,0,300.18,301,60.42093249639153,32.085561497326125,153.846153846148,423.0734009177392,482.22554014890744,17,680.0,11.273529411764706,0.0,1,,,,,,
6227a67b8cb091d84e4751d0,0,300.18,296,59.40195321676679,34.285714285714285,139.53488372093034,406.8536928193894,509.85525490317315,1,40.019999999999996,14.33,0.0,1,,,,,,
62277cdda5ff2fba7b7faf53,0,300.15,276,57.095401224955886,29.41176470588247,142.85714285713743,442.86884312365777,527.1649833856831,25,1000.0,11.368,0.0,1,,,,,,
6227a6878cb091d84e4751d1,0,300.13,291,58.664868509777484,29.850746268656852,117.64705882353151,404.54679287369055,490.36600976149674,9,360.0,11.398888888888887,0.0,1,,,,,,
6227a685ea79f8f9cc02b3e8,0,300.18,288,57.65560652224864,33.89830508474611,133.3333333333367,428.1435540251008,501.25053406664614,25,1000.0,11.080400000000003,0.0,1,,,,,,
6227a6998cb091d84e4751d3,0,160.79,151,56.857666308673956,24.793388429752046,206.89655172413347,504.7741160929366,605.6855896891126,6,240.0,12.848333333333334,0.0,1,,,,,,
62729f31fa7b5d98dea19677,13,300.12,316,63.33992426019638,25.423728813559176,166.66666666666035,403.182609697782,564.5287195167639,4,160.0,16.2025,0.3802838864454219,1,,,,,,
62729f31f5a1d7d464875b6b,13,300.09,267,53.59841488397085,28.1690140845071,250.00000000000162,501.19485689636883,766.8718620670508,6,240.0,15.581666666666669,0.17328134892865474,1,,,,,,
62729f46f5a1d7d464875b6d,13,300.08,256,51.16030228047884,27.77777777777778,146.34146341463537,525.5815044911765,791.0334116001158,25,1000.0,13.8776,0.0,1,,,,,,
622b749fea79f8f9cc02b447,13,300.14,282,56.541131493343165,29.556650246305402,133.3333333333367,470.08856481486566,658.4191023092467,17,680.0,14.383529411764705,0.0,1,,,,,,
62729f4bfa7b5d98dea19678,13,300.13,280,56.17261165732693,28.30188679245277,115.38461538461549,421.0402961985046,682.7765468655491,2,80.0,16.485,0.1732582547562723,1,,,,,,
62729f3cf5a1d7d464875b6c,13,300.09,289,57.75980211919644,29.556650246305402,105.2631578947381,432.6737014092857,674.3105912850276,22,880.0,16.38727272727273,0.0,1,,,,,,
62729f7cfa7b5d98dea1967a,13,300.08,294,58.90828670039875,30.612244897958615,136.36363636363706,423.95346144657515,648.2669203345182,12,480.0,17.246666666666663,0.0,1,,,,,,
622b7620ea79f8f9cc02b448,13,300.14,318,63.697253851306094,36.144578313253085,300.00000000001705,361.37653222555247,508.18801962574855,3,120.0,18.653333333333332,0.0866262410874925,1,,,,,,
62729f58f5a1d7d464875b6e,13,300.13,309,61.92406929598229,32.608695652174106,107.14285714285671,386.3895623643848,641.0460710015922,19,760.0,20.321052631578947,0.0,1,,,,,,
62729f6bfa7b5d98dea19679,13,300.18,322,64.52909840184944,32.786885245901416,111.1111111111186,358.94458479446496,555.7255955055507,10,400.0,18.895999999999997,0.0,1,,,,,,
62729f70f5a1d7d464875b70,13,300.08,308,61.8037847268823,32.967032967032964,117.64705882352496,361.198515190213,587.4757678217694,11,440.0,19.663636363636364,0.0,1,,,,,,
622b76228cb091d84e47523a,13,300.14,312,62.40176570912618,26.54867256637162,125.00000000000267,360.5085552678691,595.3917116676904,12,480.0,21.0325,0.0,1,,,,,,
62729fa1fa7b5d98dea1967b,13,300.13,313,62.66318537859008,36.144578313253085,107.14285714285671,339.93875937971126,552.1609113525898,7,280.0,21.925714285714285,0.0,1,,,,,,
622b76258cb091d84e47523b,13,300.14,280,56.22921635148298,31.7460317460315,240.0,424.20382455036594,671.6277339044614,8,320.0,17.619999999999997,0.0,1,,,,,,
62729f7ef5a1d7d464875b71,13,300.13,295,59.014419055903126,31.088082901554294,117.64705882352946,397.76894720163443,637.0066517727487,4,160.3,17.6625,0.08662912737813615,1,,,,,,
622b76308cb091d84e47523c,13,300.14,291,58.54446351064904,29.850746268656852,122.44897959183446,426.78505437667746,600.1744267798772,9,360.0,15.042222222222222,0.0,1,,,,,,
622b76338cb091d84e47523d,13,300.14,314,62.96308713581654,24.999999999999943,222.2222222222226,404.3429929141028,573.2800362824423,7,280.0,19.724285714285713,0.2598787232624775,1,,,,,,
62729fb6f5a1d7d464875b75,13,300.18,303,60.81761428475532,32.60869565217385,153.8461538461536,389.7567967439796,604.0076565486875,5,200.1,18.490000000000002,0.0,1,,,,,,
622b7636ea79f8f9cc02b449,13,300.14,283,56.61892651586134,31.57894736842096,113.20754716981108,450.676744214381,717.8643196974364,15,600.0,18.013333333333332,0.0,1,,,,,,
6227a698ea79f8f9cc02b3ea,1,300.12,494,99.04902223412806,52.63157894736905,153.846153846148,163.2061875906381,200.5323200437122,2,80.1,13.675,0.08663201386112222,1,,,,,,
6227a6a08cb091d84e4751d4,1,300.08,449,90.00803643182427,52.173913043478,149.99999999999787,187.95165055574358,214.60697128769965,1,40.0,13.32,0.0,1,,,,,,
6227a6a1ea79f8f9cc02b3eb,1,300.08,430,86.16187989556136,48.780487804877325,146.34146341463537,205.14485008334563,249.01253581025847,3,120.0,12.530000000000001,0.0,1,,,,,,
62277ce6a5ff2fba7b7faf56,1,300.14,407,81.68192334775173,47.24409448818913,146.3414634146341,218.28438918210188,265.58019411502227,2,80.0,12.61,0.0,1,,,,,,
6227a6adea79f8f9cc02b3ec,1,300.12,373,74.79140837047214,44.4444444444437,127.65957446808541,257.7930808924269,310.85830228101486,11,440.0,12.31909090909091,0.0,1,,,,,,
6227a6a68cb091d84e4751d5,1,300.17,398,79.91411413426377,44.77611940298508,150.0000000000032,234.85081265728223,275.46242112953473,6,240.95999999999998,12.386666666666665,0.0,1,,,,,,
6227a6ad8cb091d84e4751d6,1,300.12,383,76.77620339664355,46.87499999999996,136.36363636363706,238.64143847755022,272.919955000125,4,160.0,12.03,0.0,1,,,,,,
6227a6b6ea79f8f9cc02b3ed,1,300.17,388,77.56029126862182,45.11278195488679,124.99999999999527,249.86891637789904,278.4212523899427,2,80.26,10.835,0.0,1,,,,,,
6272a013fa7b5d98dea19682,13,300.18,276,55.28749497386409,31.914893617021114,103.44827586207181,426.06782827772616,699.6005116581952,12,480.0,17.716666666666665,0.0,1,,,,,,
62277ceaaea43ef3b260d74f,1,300.14,381,76.45875251509055,45.801526717557174,157.89473684210716,254.32861424083453,280.63723191457393,5,200.0,11.447999999999997,0.0,1,,,,,,
6227a6b68cb091d84e4751d7,1,300.12,376,75.54898932240951,45.801526717557174,142.85714285714468,259.6816589458522,276.31068307773995,3,120.0,12.036666666666667,0.0,1,,,,,,
6227a6bf8cb091d84e4751d8,1,300.08,364,73.20762327316729,45.11278195488679,166.66666666666035,274.88741048554795,297.7196946367262,20,800.0,10.539499999999999,0.0,1,,,,,,
6227a6c9ea79f8f9cc02b3ef,1,300.17,388,77.81501340482573,45.11278195488728,176.47058823529235,275.79496792797175,279.5671154136794,7,280.0,11.462857142857143,0.0,1,,,,,,
62277cedaea43ef3b260d750,1,300.14,367,73.43008092021668,42.85714285714355,142.8571428571568,295.366640304057,300.28662107146863,8,320.0,11.43,0.0,1,,,,,,
6227a6c68cb091d84e4751d9,1,300.12,429,86.02150537634408,49.18032786885251,162.16216216216327,237.29163175546373,242.9247047502281,4,160.0,12.407499999999999,0.17326402772224445,1,,,,,,
6227a6cf8cb091d84e4751da,1,300.17,378,75.85004359197907,43.79562043795606,272.7272727272741,278.66654628882776,300.0283674531414,6,240.0,11.676666666666668,0.08661758336942399,1,,,,,,
6227a6d4ea79f8f9cc02b3f0,1,300.17,351,70.34233268573726,35.50295857988171,127.65957446808541,300.12657174385794,329.4607906981488,4,160.0,10.7675,0.0,1,,,,,,
6227a6e0ea79f8f9cc02b3f1,1,300.17,366,73.41110217216412,42.857142857142684,299.99999999999574,288.9178785901271,324.5537934382588,3,120.0,11.246666666666668,0.25985275010827197,1,,,,,,
6227a6e7ea79f8f9cc02b3f2,1,300.17,363,72.80772325020112,40.0,240.0,305.7090625829542,312.5726508347494,4,160.0,10.3625,0.25985275010827197,1,,,,,,
62277cf4a5ff2fba7b7faf57,1,300.14,342,68.719981191012,38.216560509554306,146.34146341463028,316.7755978111934,331.7551364911102,7,280.0,9.929999999999998,0.0,1,,,,,,
6227a6f2ea79f8f9cc02b3f3,1,300.17,347,69.57337712389825,8.486562942008495,260.8695652174029,523.6441677088275,652.1396222869142,3,120.0,10.503333333333334,0.34647033347769596,1,,,,,,
6227a6ee8cb091d84e4751de,1,300.22,317,63.34992816331986,34.883720930232585,146.34146341462522,358.56981977294026,360.4322801462551,22,880.0,9.092727272727272,0.12068083405502626,1,,,,,,
6227a6f78cb091d84e4751df,1,300.17,322,64.65907946419578,34.6820809248557,162.16216216216327,372.65702642751023,424.156515923072,1,40.0,11.61,0.6063230835859679,1,,,,,,
6227a70bea79f8f9cc02b3f6,1,300.17,84,16.98209718670077,5.26315789473684,250.00000000002012,2660.129708790049,2902.1894594489536,16,640.0,10.725625,0.9867228570476729,1,,,,,,
6227a70c8cb091d84e4751e1,1,182.32,142,47.27841734659662,8.875739644970416,272.72727272727246,1137.7615245417016,1374.3892149917774,2,80.0,12.364999999999998,0.9780775559455903,1,,,,,,
6227a717ea79f8f9cc02b3f7,1,300.17,320,64.08196062675772,36.58536585365852,130.43478260869338,333.69116851140797,385.30556362254947,24,960.0,11.545416666666666,0.0,1,,,,,,
626a899e149d36d3170afd0a,11,300.03,288,57.85707085979236,38.96103896103844,105.2631578947381,279.9012224518851,468.1218985351041,10,400.0,20.526,0.0,1,,,,,,
626a89a7149d36d3170afd0b,11,300.09,321,64.4446682106535,39.21568627450978,176.4705882353071,324.3404674601808,428.1578240054169,12,480.0,20.353333333333335,0.0,1,,,,,,
626a89a51c86b9451c61b642,11,300.09,320,64.43359703753578,34.09090909090816,153.84615384615924,338.7906133161638,447.4483913180186,3,120.0,24.33,0.0,1,,,,,,
626a89601c86b9451c61b63c,11,300.09,255,51.06211887690143,31.914893617020873,113.20754716981715,427.5611026129312,581.5163495742271,25,1000.0,11.3168,0.0,1,,,,,,
626a89ae149d36d3170afd0c,11,300.09,277,55.577929923479665,28.1690140845071,166.66666666666694,504.16933600486715,564.3255024604797,1,40.0,8.38,0.0,1,,,,,,
6272a127fa7b5d98dea19694,16,300.09,343,68.71149209750871,34.482758620689474,125.00000000000267,347.7614292814937,396.4139102879668,9,360.0,12.314444444444444,0.0,1,16.0,Crossbreed,13.0,20.0,1.0,0.0
622b76658cb091d84e475246,16,300.14,315,62.980544226783444,34.285714285714285,125.00000000000267,405.99167772770824,462.5927072269423,2,80.0,11.925,0.0,1,16.0,Crossbreed,13.0,20.0,1.0,0.0
6272a11afa7b5d98dea19693,16,300.13,321,64.6377592243469,31.08808290155452,120.0,377.2479955635809,425.12988979544986,10,400.76,11.335999999999999,0.0,1,16.0,Crossbreed,13.0,20.0,1.0,0.0
6272a11bf5a1d7d464875b8f,16,300.09,322,64.65039777113894,37.49999999999997,122.44897959183446,386.171118531878,433.4808242586978,13,520.0,11.352307692307694,0.0,1,16.0,Crossbreed,13.0,20.0,1.0,0.0
6272a135f5a1d7d464875b91,16,300.09,294,59.36782385519384,11.583011583011695,299.99999999999574,728.5648700252842,1002.4849262693442,4,160.0,10.485,0.9000376553700558,1,16.0,Crossbreed,13.0,20.0,1.0,0.0
622b7669ea79f8f9cc02b44f,16,300.14,251,50.34739703957305,5.012531328320803,300.00000000001705,1158.6960549648745,1547.4031880883601,6,240.0,9.326666666666666,0.9866935430132606,1,16.0,Crossbreed,13.0,20.0,1.0,0.0
6272a127f5a1d7d464875b90,16,300.13,312,62.60694514343231,6.160164271047241,272.72727272730936,795.6418866704402,1087.4954949851044,12,480.0,10.432500000000001,0.6401585979408924,1,16.0,Crossbreed,13.0,20.0,1.0,0.0
6272a151fa7b5d98dea19697,16,300.08,166,33.19585554773162,7.334963325183374,300.00000000001705,1931.2603791008355,2921.8075135678378,20,800.0,8.354,0.9866855505198615,1,16.0,Crossbreed,13.0,20.0,1.0,0.0
622b766b8cb091d84e475247,16,300.14,186,37.5278923524241,6.968641114982578,260.8695652173707,1710.6170040851046,2573.5555256256393,6,240.0,8.9,0.9866935430132606,1,16.0,Crossbreed,13.0,20.0,1.0,0.0
6272a141fa7b5d98dea19696,16,300.13,267,54.86987313920308,8.010680907877159,299.99999999999574,1138.3215855202282,1600.8726393898958,8,320.0,8.585,0.9866751074534369,1,16.0,Crossbreed,13.0,20.0,1.0,0.0
622b766e8cb091d84e475248,16,300.14,501,100.39488655377819,19.73684210526321,300.00000000001705,381.6938705581262,554.8471056257238,4,160.26,10.035,0.9866935430132606,1,16.0,Crossbreed,13.0,20.0,1.0,0.0
6272a164fa7b5d98dea19698,16,300.12,782,156.8903173965448,5.758157389635316,428.57142857147034,639.3437919128696,838.0868016974662,2,80.0,9.905000000000001,0.9867079834732774,1,16.0,Crossbreed,13.0,20.0,1.0,0.0
622b76728cb091d84e475249,16,300.14,1138,228.18342977556276,65.21739130434871,600.0000000000341,85.0105095374945,123.93773993534556,9,360.36,11.933333333333332,0.9866935430132606,1,16.0,Crossbreed,13.0,20.0,1.0,0.0
622b7674ea79f8f9cc02b450,16,300.14,1222,244.98394863563402,69.767441860464,600.0000000002046,86.81389540188341,121.70375211425676,3,120.66,10.26,0.9866935430132606,1,16.0,Crossbreed,13.0,20.0,1.0,0.0
6272a34df5a1d7d464875b97,7,300.04,283,56.67202572347267,26.20087336244518,240.0,355.45740381536507,447.536157309824,2,80.0,19.455,0.8999826689774696,1,,,,,,
6272a35af5a1d7d464875b98,7,300.09,288,57.82015982808408,18.126888217522723,300.00000000001705,521.3252418568293,620.6927102515718,5,200.0,13.084,0.5198440467859643,1,,,,,,
6272a35dfa7b5d98dea1969c,7,300.09,231,46.38655462184874,27.027027027027387,103.44827586206927,520.6915849133561,675.693077788414,10,400.0,11.350999999999999,0.0,1,,,,,,
622b767c8cb091d84e47524a,7,300.05,235,47.00840392406336,27.149321266968315,100.00000000000095,513.1030416019048,651.692415401503,9,360.0,10.312222222222223,0.0,1,,,,,,
622b767cea79f8f9cc02b451,16,300.14,1193,239.50972840829175,90.90909090909089,857.1428571429407,82.2438666302593,124.73515183152988,13,520.0,10.937692307692307,0.9866935430132606,1,16.0,Crossbreed,13.0,20.0,1.0,0.0
6272a36cf5a1d7d464875b9a,7,300.13,256,51.414745614624636,26.31578947368436,109.09090909090683,481.56476781246204,553.3776031369016,13,520.0,10.016153846153847,0.0,1,,,,,,
6272a36ffa7b5d98dea1969d,7,300.18,287,57.52790908176607,30.612244897959197,103.44827586207181,387.350758023185,478.1598499511052,6,240.0,11.67,0.0,1,,,,,,
622b7680ea79f8f9cc02b452,7,300.15,272,54.6995895848752,33.89830508474611,193.54838709677279,375.993480587507,445.85290715079435,16,640.0,11.061875,0.4331167749458604,1,,,,,,
622b768aea79f8f9cc02b454,7,300.15,297,59.725585149313964,19.93355481727562,230.7692307691884,425.93447157089474,528.4967488635308,6,240.0,12.455,0.12045244044644342,1,,,,,,
6272a3ccf5a1d7d464875ba1,7,300.13,269,54.23454416675099,34.482758620689474,103.44827586206927,390.7231503109875,520.569408785509,5,200.02,12.524,0.0,1,,,,,,
622b768dea79f8f9cc02b455,7,300.15,263,52.920383773775455,30.45685279187819,103.44827586207181,358.20197624609966,549.003974470747,9,360.0,21.206666666666663,0.0,1,,,,,,
622b76928cb091d84e47524c,7,300.15,282,56.64561214890472,31.74603174603174,107.14285714285671,344.71016685868057,532.7539635838332,9,360.0,17.992222222222225,0.0,1,,,,,,
622b7693ea79f8f9cc02b457,7,300.15,279,55.75052642133762,5.623242736644798,300.00000000001705,993.7282280568684,1420.2634880370808,3,120.0,13.86,0.8134392803598202,1,,,,,,
6272a426f5a1d7d464875ba8,7,300.13,202,40.90770326651064,14.184397163120506,299.9999999999984,1071.69126346122,1779.6104910906786,25,1000.0,15.8936,0.986649451904175,1,,,,,,
6272a438f5a1d7d464875ba9,7,300.18,151,30.19830218434386,7.915567282321886,300.00000000001705,1184.1209673527387,2054.126800553383,15,600.0,15.758000000000003,0.9866899860083949,1,,,,,,
6272a44ff5a1d7d464875bab,7,300.18,321,64.21404682274247,4.842615012106537,299.9999999999744,913.3370468389677,1338.883289891185,4,160.0,14.7475,0.9866899860083949,1,,,,,,
6272a47df5a1d7d464875bae,7,300.18,378,75.7915898810521,21.12676056338031,300.00000000001705,444.22290615111456,555.6884267821068,4,160.86,15.137500000000001,0.9866899860083949,1,,,,,,
6272a48efa7b5d98dea196b1,7,300.17,247,49.33649764348029,33.14917127071819,105.26315789473286,379.5412445701385,503.5137758284084,25,1000.0,11.0656,0.0,1,,,,,,
6227a7598cb091d84e4751ea,20,300.12,389,78.08935998926607,40.0,136.36363636363487,224.4634390669654,292.3499195351261,11,440.0,20.446363636363632,0.08663201386112222,1,20.0,Border Collie,15.0,47.0,1.0,0.0
6227a75fea79f8f9cc02b3ff,20,300.08,333,66.90401021025055,32.608695652174355,146.34146341462522,320.67345892474935,471.4930966422185,5,200.0,21.924,0.08664356171687551,1,20.0,Border Collie,15.0,47.0,1.0,0.0
6227a7628cb091d84e4751eb,20,300.08,294,58.88855391417948,32.60869565217385,122.44897959183801,413.25358034748655,638.401793007402,2,80.0,17.535,0.0,1,20.0,Border Collie,15.0,47.0,1.0,0.0
62277d11aea43ef3b260d755,20,300.14,332,66.56388255798365,32.25806451612904,122.44897959183446,333.448286504754,480.4101782788748,1,40.0,17.77,0.12043113213833552,1,20.0,Border Collie,15.0,47.0,1.0,0.0
6227a76e8cb091d84e4751ec,20,300.17,325,65.12999195926025,34.285714285714285,260.8695652174029,353.26038324149147,505.8267303282364,3,120.46000000000001,16.78,0.17323516673884798,1,20.0,Border Collie,15.0,47.0,1.0,0.0
6227a7748cb091d84e4751ed,20,300.17,288,57.62280819167448,22.55639097744388,127.65957446809314,463.96643699467893,690.3260099402307,19,760.0,15.813684210526315,0.1205213712229736,1,20.0,Border Collie,15.0,47.0,1.0,0.0
62277d12a5ff2fba7b7faf5c,20,300.14,312,62.466523835029456,32.96703296703309,136.36363636363598,399.2481550440623,594.0074399447152,3,120.52000000000001,18.383333333333333,0.0866262410874925,1,20.0,Border Collie,15.0,47.0,1.0,0.0
6227a76fea79f8f9cc02b401,20,300.12,295,59.16286557552992,28.846153846153772,120.0,415.73134462573313,651.4963087178896,23,920.0,17.545217391304348,0.0,1,20.0,Border Collie,15.0,47.0,1.0,0.0
6227a7808cb091d84e4751ee,20,300.17,340,68.16582325144945,33.33333333333312,117.64705882353151,339.12559657686865,521.6686358987599,2,80.0,16.595,0.17323516673884798,1,20.0,Border Collie,15.0,47.0,1.0,0.0
62277d16aea43ef3b260d756,20,300.14,318,63.571643437280656,35.29411764705906,120.00000000000011,335.3888796531227,511.3802989230056,3,120.0,17.243333333333336,0.0,1,20.0,Border Collie,15.0,47.0,1.0,0.0
6227a784ea79f8f9cc02b403,20,300.12,341,68.36002948864017,10.238907849829353,285.71428571429425,516.0000759993856,699.0712338313591,1,40.0,16.25,0.38025823004131687,1,20.0,Border Collie,15.0,47.0,1.0,0.0
6227a78dea79f8f9cc02b404,20,300.17,307,61.76619007569385,33.33333333333312,240.0,383.98299036624394,488.327020231856,2,80.0,11.605,0.08661758336942399,1,20.0,Border Collie,15.0,47.0,1.0,0.0
62277d17a5ff2fba7b7faf5d,20,300.14,307,61.594202898550726,31.57894736842096,214.28571428569165,392.2395210219068,527.6502194620614,12,480.0,13.762500000000001,0.12043113213833552,1,20.0,Border Collie,15.0,47.0,1.0,0.0
6227a78d8cb091d84e4751f0,20,300.12,305,61.183416074064134,33.51955307262585,127.65957446809314,394.21672525670584,462.82102407953903,2,80.0,11.52,0.20699420231907245,1,20.0,Border Collie,15.0,47.0,1.0,0.0
62277d20a5ff2fba7b7faf5e,20,300.14,325,65.30502553077129,34.482758620690035,249.99999999999054,337.91248694346933,397.32581322836825,1,40.0,12.58,0.34650496434997,1,20.0,Border Collie,15.0,47.0,1.0,0.0
6227a7a28cb091d84e4751f2,20,300.17,287,57.4585635359116,30.61224489795906,113.20754716981108,414.62890095369863,567.6226198774051,14,560.0,12.773571428571428,0.0,1,20.0,Border Collie,15.0,47.0,1.0,0.0
6227a7a9ea79f8f9cc02b407,20,300.17,305,61.02579544313962,32.967032967032964,260.8695652173707,422.3203425482463,529.6673718027914,13,520.0,12.566923076923077,0.25985275010827197,1,20.0,Border Collie,15.0,47.0,1.0,0.0
62277d25aea43ef3b260d759,20,300.14,277,55.47738693467337,29.268292682926667,299.9999999999318,416.93671143696736,550.0218177490773,5,200.4,12.779999999999998,0.20705737322582804,1,20.0,Border Collie,15.0,47.0,1.0,0.0
6227a7cc8cb091d84e4751f7,20,300.17,265,53.028020488098825,26.086956521739,127.65957446808541,498.3300014609109,687.902250107835,25,1000.0,12.4368,0.17323516673884798,1,20.0,Border Collie,15.0,47.0,1.0,0.0
625838544a9b1217fd236a67,24,300.12,433,86.7702196036422,13.30376940133036,272.7272727272741,299.58305074993814,380.75727450459414,6,240.0,15.575000000000001,0.4331600693056111,1,,,,,,
62583807e0539383be611c6e,24,300.09,382,76.54445002511301,31.25000000000003,133.333333333333,311.24211402589185,384.885492198994,4,160.0,13.172500000000001,0.0,1,,,,,,
62583846e0539383be611c71,24,300.09,370,74.4702320887992,31.41361256544508,125.00000000000267,354.80494021243794,418.09804862121723,24,960.0,10.584583333333333,0.0,1,,,,,,
6258381ae0539383be611c6f,24,300.14,392,78.46416268102614,33.89830508474611,125.00000000000036,261.738443716012,294.4246889034574,5,200.0,10.98,0.0,1,,,,,,
6258386fe0539383be611c72,24,300.13,389,78.24421066783181,32.9670329670329,127.65957446808541,279.55853335956255,305.5714348704496,15,600.0,10.742,0.0,1,,,,,,
625838664a9b1217fd236a68,24,300.09,381,76.30011378087143,33.14917127071845,120.0,291.9445695980958,327.36696425815467,9,360.0,10.711111111111112,0.0,1,,,,,,
62583893e0539383be611c73,24,300.09,377,75.73011077542799,32.608695652174355,149.9999999999872,338.84758807354996,333.69686843001574,1,40.0,9.64,0.0,1,,,,,,
6258382ee0539383be611c70,24,300.14,417,83.49780885157061,27.149321266968578,122.44897959184156,176.63701273470525,219.68597522564545,25,1000.0,12.8504,0.0,1,,,,,,
6258388e4a9b1217fd236a6a,24,300.13,424,84.95966257155291,32.25806451612904,149.99999999999787,178.15236563244198,202.15134398953924,6,240.0,13.26,0.0,1,,,,,,
625838b7e0539383be611c74,24,300.18,393,78.91822970841862,36.36363636363624,120.0,251.865008360536,293.09705278787936,25,1000.0,11.402399999999998,0.0,1,,,,,,
6258387c4a9b1217fd236a69,24,300.14,396,79.3757117020564,28.169014084506916,157.89473684210716,302.33925522862677,316.9897274512932,13,520.28,10.913076923076924,0.0,1,,,,,,
625838e1e0539383be611c76,24,300.12,404,80.83441981747066,36.58536585365852,127.65957446808541,223.10253070548004,233.39267191469818,21,840.0,11.250476190476192,0.0,1,,,,,,
625838d4e0539383be611c75,24,300.14,366,73.39634023728132,21.276595744680687,122.44897959184867,388.2868866024089,476.99062353997783,15,600.0,12.72133333333333,0.0,1,,,,,,
6258391c4a9b1217fd236a6f,24,300.13,407,81.74222341532163,34.090909090909264,171.4285714285716,258.9540018800713,261.0245719477277,3,120.0,12.136666666666665,0.08662912737813615,1,,,,,,
6258390c4a9b1217fd236a6e,24,300.14,374,75.04275223820541,30.0,162.16216216216327,323.0234458354819,334.20262992601243,1,40.5,13.67,0.173252482174985,1,,,,,,
62583941e0539383be611c79,24,300.14,297,59.51144321951546,20.547945205479465,130.43478260869742,556.3688296643502,669.5844904345588,25,1000.0,9.1568,0.0,1,,,,,,
6258395f4a9b1217fd236a71,24,300.14,361,72.31820008035356,30.45685279187819,136.36363636363706,310.15837449631385,361.2362709557838,19,760.9,10.853684210526318,0.0,1,,,,,,
625839d84a9b1217fd236a75,24,300.18,343,68.85906040268456,17.441860465116292,122.44897959183801,466.76204568488,557.583285469177,2,80.1,9.805,0.0,1,,,,,,
62583a254a9b1217fd236a78,24,300.18,354,71.04283366316707,28.98550724637691,125.00000000000036,338.20111074369294,380.1506130948171,1,40.0,12.61,0.0,1,,,,,,
62583a76e0539383be611c83,24,300.18,350,70.1601554647189,30.61224489795906,127.65957446808541,335.7318001759383,341.99045493166574,2,80.16,10.285,0.0,1,,,,,,
62583a6e4a9b1217fd236a7b,24,300.18,322,64.34800040092212,20.833333333333368,122.44897959183801,437.7038977468714,492.52601454136425,4,160.07999999999998,8.942499999999999,0.0,1,,,,,,
6227a83e8cb091d84e475204,27,300.09,340,68.30316666106988,31.578947368421197,162.16216216216017,297.80196443110526,398.664560693149,10,400.0,14.141,0.17328134892865474,1,27.0,Mudi,16.0,99.0,2.0,1.0
6227a841ea79f8f9cc02b416,27,300.08,345,69.17353710034185,19.93355481727581,272.7272727272741,311.6346694412797,390.9523395228941,9,360.0,13.203333333333333,0.2599306851506265,1,27.0,Mudi,16.0,99.0,2.0,1.0
62277d41aea43ef3b260d75e,27,300.14,468,93.72177810482657,34.090909090909264,300.00000000001705,277.4325988409974,289.72978383225353,7,280.0,9.641428571428573,0.8134410608382756,1,27.0,Mudi,16.0,99.0,2.0,1.0
6227a8448cb091d84e475205,27,300.12,606,121.3925024245059,52.6315789473684,300.00000000001705,171.98200701913098,202.33651728040851,9,360.0,14.153333333333332,0.9867079834732774,1,27.0,Mudi,16.0,99.0,2.0,1.0
6227a84cea79f8f9cc02b417,27,300.09,738,148.06134065492535,49.58677685950409,333.333333333347,178.20124587230276,201.8911943295858,22,880.0,12.839545454545453,0.9866526708654072,1,27.0,Mudi,16.0,99.0,2.0,1.0
6227a853ea79f8f9cc02b418,27,300.08,789,158.37604260878302,61.85567010309104,300.00000000001705,163.0531796835741,184.87813218744424,13,520.0,11.779230769230768,0.9866855505198615,1,27.0,Mudi,16.0,99.0,2.0,1.0
62277d43a5ff2fba7b7faf63,27,300.14,787,157.77324278210833,62.500000000000405,300.00000000001705,164.61200356043162,189.9453491633572,5,200.0,14.028,0.9866935430132606,1,27.0,Mudi,16.0,99.0,2.0,1.0
6227a84d8cb091d84e475206,27,300.12,735,147.32546081022312,1.141335362373977,499.99999999998107,1934.1042731443022,2741.377353696775,12,480.0,13.354999999999999,0.9867079834732774,1,27.0,Mudi,16.0,99.0,2.0,1.0
6227a8578cb091d84e475207,27,300.18,382,76.63682993060445,1.1385199240986725,150.00000000000853,2987.0440705353412,4241.819619480595,18,720.0,13.266111111111112,0.9866899860083949,1,27.0,Mudi,16.0,99.0,2.0,1.0
6227a85eea79f8f9cc02b419,27,300.18,460,92.28294742485674,2.2288261515601793,150.00000000000853,1245.3082132449001,1757.0061252077257,15,600.0,14.228666666666667,0.9866899860083949,1,27.0,Mudi,16.0,99.0,2.0,1.0
62277d47a5ff2fba7b7faf64,27,300.14,334,67.02898550724638,1.1452567283832793,150.00000000000853,2851.693810195123,4034.9465143287803,13,520.0,14.343076923076925,0.9866935430132606,1,27.0,Mudi,16.0,99.0,2.0,1.0
6227a85d8cb091d84e475208,27,300.12,643,128.76052948255114,48.780487804879584,300.00000000001705,186.0679080893591,253.4141289447571,23,920.0,14.434347826086958,0.9867079834732774,1,27.0,Mudi,16.0,99.0,2.0,1.0
6227a86aea79f8f9cc02b41a,27,300.39,692,138.61121326602253,50.847457627119574,300.00000000001705,161.95690285281827,212.50950532875433,19,760.0,14.716842105263158,0.9866916342088617,1,27.0,Mudi,16.0,99.0,2.0,1.0
6227a8678cb091d84e475209,27,300.39,616,123.2711966325917,45.45454545454569,300.00000000001705,182.30308519739177,241.43031986172338,20,800.0,14.270499999999998,0.9866916342088617,1,27.0,Mudi,16.0,99.0,2.0,1.0
62277d4baea43ef3b260d75f,27,300.14,577,115.68200836820084,17.441860465116292,300.00000000001705,247.46671505555264,337.7289883400832,5,200.0,15.001999999999999,0.9866935430132606,1,27.0,Mudi,16.0,99.0,2.0,1.0
6227a871ea79f8f9cc02b41b,27,300.12,452,90.601667392105,8.915304606240726,300.00000000001705,620.9148056384624,754.7735495571575,2,80.0,15.71,0.9867079834732774,1,27.0,Mudi,16.0,99.0,2.0,1.0
6227a8738cb091d84e47520a,27,300.39,444,88.69460758142019,37.73584905660369,300.00000000001705,323.838357485496,429.21373974878946,12,480.0,13.2575,0.9866916342088617,1,27.0,Mudi,16.0,99.0,2.0,1.0
6227a87aea79f8f9cc02b41c,27,300.39,452,90.3777428943589,17.291066282420754,285.7142857143136,354.4250728977787,456.33759433121463,20,800.0,13.167999999999997,0.9866916342088617,1,27.0,Mudi,16.0,99.0,2.0,1.0
62277d4ea5ff2fba7b7faf65,27,300.14,465,93.27258107745915,25.423728813559478,300.00000000001705,365.05930371110514,488.2825722984249,16,640.0,11.89,0.9866935430132606,1,27.0,Mudi,16.0,99.0,2.0,1.0
6227a87a8cb091d84e47520b,27,300.12,505,102.48415630189447,12.765957446808388,1500.000000000032,380.5491873273573,470.03891383256496,8,320.0,11.37125,0.9867079834732774,1,27.0,Mudi,16.0,99.0,2.0,1.0
62583c614a9b1217fd236a8f,10,300.12,361,72.21664994984954,38.4615384615384,157.89473684210716,318.58736770862254,513.6317248248163,2,80.42,24.975,0.0,1,,,,,,
62583c93e0539383be611c95,10,300.09,335,67.37493275954813,36.363636363635614,136.36363636363706,350.6848854326435,517.201408831508,7,280.0,16.732857142857142,0.0,1,,,,,,
62583c7ae0539383be611c94,10,300.05,329,66.01147150571899,37.49999999999947,115.38461538461627,346.2252829557193,491.7975516452679,25,1000.0,14.6856,0.0,1,,,,,,
62583c864a9b1217fd236a91,10,300.13,324,64.92027334851936,36.36363636363624,117.64705882353151,349.7526796287426,498.08484148463026,9,360.0,14.582222222222223,0.0,1,,,,,,
62583cb5e0539383be611c96,10,300.09,363,72.71266445716583,38.961038961039165,142.85714285714226,311.5817925512367,466.38974107683424,6,240.0,18.924999999999997,0.0,1,,,,,,
62583cc04a9b1217fd236a93,10,300.09,347,69.62938118396781,35.08771929824545,124.99999999999896,332.33601788619234,510.34827551275214,4,160.0,18.9075,0.0,1,,,,,,
62583c764a9b1217fd236a90,10,300.05,345,69.27569309256897,34.285714285714285,115.38461538461311,346.475718367878,526.8950249783537,11,440.0,17.749090909090906,0.0,1,,,,,,
62583cc6e0539383be611c97,10,300.09,350,70.2944039746215,36.36363636363624,120.0,316.3249559953542,527.5123248546558,3,120.0,23.01,0.0,1,,,,,,
62583caa4a9b1217fd236a92,10,300.05,342,68.74538001478396,36.36363636363637,127.65957446808541,330.74004974777233,547.15090939069,4,160.0,21.0925,0.0,1,,,,,,
62583d184a9b1217fd236a96,10,300.13,343,68.75753920386008,37.500000000000135,142.85714285714712,325.12227151313897,534.7433401948059,17,680.0,21.150588235294123,0.0,1,,,,,,
62583ceae0539383be611c99,10,300.09,389,78.06579256228832,38.709677419354904,122.44897959183801,268.49816960686127,416.3415786076625,7,280.0,22.62714285714286,0.08664067446432737,1,,,,,,
62583cfae0539383be611c9a,10,300.09,351,70.49345417925477,38.96103896103844,117.64705882352905,326.4559315365024,536.402374308058,9,360.0,21.846666666666664,0.0,1,,,,,,
62583cd7e0539383be611c98,10,300.05,366,73.57387623463012,38.709677419354904,166.66666666668667,329.54777219130926,509.4338055113773,21,840.0,22.25761904761905,0.0,1,,,,,,
62583d1be0539383be611c9b,10,300.09,323,64.74096910394745,34.682080924855555,113.20754716981108,338.1829814650833,451.9614572931023,16,640.0,13.495625,0.0,1,,,,,,
62583d54e0539383be611c9d,10,300.09,406,81.45069383924381,37.49999999999947,153.84615384615924,294.8771899360881,383.2343465249911,6,240.0,18.54,0.0,1,,,,,,
62583d424a9b1217fd236a98,10,300.09,390,78.25649622799665,36.144578313253085,162.16216216216017,308.451353642574,409.58647740645375,4,160.0,17.909999999999997,0.0,1,,,,,,
62583d9c4a9b1217fd236a9d,10,300.09,326,67.47871825039795,30.30303030303024,857.1428571429407,381.94626541912396,574.8687450836699,4,160.0,16.58,0.0,1,,,,,,
6227a88a8cb091d84e47520d,18,300.12,420,84.19290020093771,41.95804195804176,206.89655172413853,231.26115349907252,269.3612859940056,3,120.0,15.553333333333333,0.17326402772224445,1,18.0,Belgian Shepherd,29.0,76.0,2.0,0.0
6227a890ea79f8f9cc02b41e,18,300.08,352,70.59296751919015,30.927835051546428,146.34146341463537,302.725707343881,430.0597965067487,1,40.0,19.17,0.20686783524393504,1,18.0,Belgian Shepherd,29.0,76.0,2.0,0.0
6227a896ea79f8f9cc02b41f,18,300.08,363,72.69806205442313,17.441860465116292,153.84615384615924,346.3350267453124,438.4441138813789,1,40.0,13.64,0.20689349506798196,1,18.0,Belgian Shepherd,29.0,76.0,2.0,0.0
6227a8938cb091d84e47520e,18,300.12,306,61.444448175133466,31.74603174603174,149.99999999999787,395.5207519570184,459.826912515659,1,40.0,9.69,0.0,1,18.0,Belgian Shepherd,29.0,76.0,2.0,0.0
6227a8a98cb091d84e475211,18,300.12,266,53.37003222341568,24.69135802469129,136.36363636363706,503.4963603698259,681.5156904750169,7,281.04,11.337142857142856,0.0,1,18.0,Belgian Shepherd,29.0,76.0,2.0,0.0
6227a8bdea79f8f9cc02b423,18,300.12,322,64.51396797749045,27.39726027397263,176.4705882353071,448.9379818265321,506.6507672943959,1,40.0,11.82,0.12036218845795023,1,18.0,Belgian Shepherd,29.0,76.0,2.0,0.0
6227a8d78cb091d84e475216,18,300.12,248,49.72486914508119,25.423728813559325,103.44827586207181,483.36099275150025,751.7275496768026,2,80.0,14.425,0.08663201386112222,1,18.0,Belgian Shepherd,29.0,76.0,2.0,0.0
62277d6ea5ff2fba7b7faf68,18,298.14,246,49.788314987298904,10.752688172042932,149.99999999999787,799.4709378886806,994.2020443139501,1,40.0,8.95,0.17441470450124102,1,18.0,Belgian Shepherd,29.0,76.0,2.0,0.0
62583df0e0539383be611ca3,24,300.12,443,88.9544829436823,33.14917127071819,260.8695652173913,205.80763147660016,255.64510902559374,5,200.0,16.11,0.17326402772224445,1,,,,,,
62583ddae0539383be611ca2,24,300.09,412,83.12826563290074,33.33333333333312,136.36363636363487,264.9740134811474,319.06035823198323,1,40.0,13.69,0.0,1,,,,,,
62583dfe4a9b1217fd236aa1,24,300.09,392,78.9978785735933,33.14917127071832,130.43478260869338,284.9444735501196,338.8282977919873,25,1000.0,11.4212,0.0,1,,,,,,
62583dbe4a9b1217fd236a9e,24,300.14,376,75.84440099777522,32.60869565217385,136.36363636363706,338.9597634117088,376.5928736890398,23,920.0,10.522173913043478,0.0,1,,,,,,
62583e03e0539383be611ca4,24,300.13,413,82.7669334047611,33.14917127071819,136.36363636363706,247.801514910732,263.7821485578785,3,120.52,12.899999999999999,0.0,1,,,,,,
62583de64a9b1217fd236aa0,24,300.09,411,82.25224020329009,37.03703703703693,139.534883720928,268.07509964455136,260.62366426809274,5,200.0,10.416,0.0,1,,,,,,
62583e3b4a9b1217fd236aa3,24,300.18,463,92.78350515463919,42.55319148936181,130.43478260870145,122.1221132996016,120.05060393610255,7,280.0,13.214285714285717,0.0,1,,,,,,
62583dd24a9b1217fd236a9f,24,300.14,467,93.5649031221765,46.511627906976514,146.34146341463537,146.0958074534185,141.18393402156795,7,280.0,11.487142857142857,0.0,1,,,,,,
62583e47e0539383be611ca6,24,300.13,482,96.43143544506816,51.72413793103447,142.85714285714712,104.29189838765117,100.28916525062316,20,800.0,13.4545,0.0,1,,,,,,
62583e244a9b1217fd236aa2,24,300.14,372,74.60535576633039,31.250000000000203,133.3333333333367,317.0371964906038,330.6729420357744,18,720.0,9.530555555555555,0.0,1,,,,,,
62583e88e0539383be611ca8,24,300.13,434,87.13734697300018,27.27272727272671,142.85714285713743,223.61462509411945,229.35144066112608,6,240.76,11.298333333333332,0.0,1,,,,,,
62583eb14a9b1217fd236aa7,24,300.08,410,82.2248282794438,37.97468354430384,127.65957446808541,226.7381922481546,230.8790745364856,4,160.0,11.5475,0.0,1,,,,,,
62583e614a9b1217fd236aa4,24,300.14,389,78.0631748373684,34.68208092485513,127.65957446808541,268.5921206407691,278.9533779686185,6,240.0,12.148333333333333,0.0,1,,,,,,
62583ebfe0539383be611caa,24,300.13,409,82.04303237482405,33.14917127071819,136.36363636362827,296.5687696313993,265.22439620815425,6,240.0,8.694999999999999,0.0,1,,,,,,
62583e9d4a9b1217fd236aa6,24,300.14,311,62.3219969844195,22.304832713754667,130.43478260870145,556.4193470948733,677.7867083430249,19,760.0,9.24736842105263,0.0,1,,,,,,
62583ef6e0539383be611cac,24,300.13,317,63.694695468135855,19.8675496688742,130.43478260869338,558.6953168791305,657.9296532087824,3,120.0,8.18,0.0,1,,,,,,
62583ed44a9b1217fd236aa8,24,300.14,334,67.01549607566915,28.571428571428644,125.00000000000267,471.6776387058179,567.3668306148379,17,680.0,10.913529411764706,0.0,1,,,,,,
62583f064a9b1217fd236aaa,24,300.14,336,67.1387534237424,16.042780748663183,130.43478260870145,549.4558655119624,662.1494666369996,18,720.0,10.040555555555557,0.0,1,,,,,,
6227a9028cb091d84e47521b,13,300.09,381,76.92048176512264,18.29268292682926,260.8695652173908,271.8513666189024,369.10502899234564,9,360.0,21.91888888888889,0.43320337232163686,1,,,,,,
6227a912ea79f8f9cc02b42b,13,300.08,331,66.20745001003144,38.216560509554306,136.36363636363706,302.3391109538128,477.47117546952865,9,360.6,18.143333333333334,0.17328712343375102,1,,,,,,
6227a9088cb091d84e47521c,13,300.12,327,65.41149717419657,36.58536585365852,222.2222222222226,340.59075485622634,587.6053097105215,25,1000.0,22.0728,0.08663201386112222,1,,,,,,
6227a9128cb091d84e47521d,13,300.09,334,66.79146887744868,37.73584905660369,113.20754716980501,320.2693626204482,542.6882550495037,3,120.0,21.62,0.0,1,,,,,,
6227a91eea79f8f9cc02b42c,13,300.08,353,70.90817525600134,37.267080745341296,250.00000000000162,316.321099991233,446.3310385928776,4,160.0,21.732499999999998,0.519861370301253,1,,,,,,
62277d72a5ff2fba7b7faf69,13,300.14,316,63.41005166744951,35.29411764705906,109.09090909091248,329.74611177497593,526.2682588326772,9,360.0,17.863333333333333,0.0,1,,,,,,
6227a9188cb091d84e47521e,13,300.12,329,65.89432799839282,35.92814371257512,240.0,347.93185920944677,493.9096972026617,7,280.0,17.23,0.17326402772224445,1,,,,,,
6227a9218cb091d84e47521f,13,300.12,366,73.37175020101847,24.590163934426254,272.7272727272741,316.67120696281074,425.3263129968235,3,120.0,20.846666666666668,0.3802838864454219,1,,,,,,
62277d77aea43ef3b260d766,13,300.14,314,62.76737967914438,9.160305343511435,300.00000000001705,480.48174774962905,677.1636737345292,4,160.0,15.2575,0.173252482174985,1,,,,,,
62277d78a5ff2fba7b7faf6a,13,300.14,335,67.33192218526358,29.268292682926816,130.43478260870145,382.5545952902128,542.7291727509712,2,80.0,15.65,0.0,1,,,,,,
6227a943ea79f8f9cc02b430,13,300.12,315,63.07965312887134,32.432432432432535,125.00000000000267,368.070975291724,555.2658172402904,1,40.900000000000006,14.54,0.08663201386112222,1,,,,,,
62277d7caea43ef3b260d767,13,300.14,314,63.10059807808615,35.08771929824545,136.36363636363706,365.3583904908829,555.0874844424201,11,440.0,19.37181818181818,0.0866262410874925,1,,,,,,
6227a94d8cb091d84e475224,13,300.12,323,64.80829224111905,36.58536585365852,117.64705882353151,329.9204098400237,506.42722658398486,19,760.0,18.159999999999997,0.0,1,,,,,,
6227a958ea79f8f9cc02b432,13,300.18,328,65.66924389998995,16.66666666666668,130.4347826086954,375.65646560949676,530.0020256935491,11,440.0,15.76909090909091,0.08661469784795789,1,,,,,,
62277d7fa5ff2fba7b7faf6b,13,300.14,340,68.12700964630224,33.33333333333312,120.0,334.63850533957407,437.65242484237905,4,160.0,15.184999999999999,0.0,1,,,,,,
6227a9628cb091d84e475226,13,300.12,333,66.7135537024013,33.89830508474611,113.20754716981108,321.88064801567873,462.23808620490104,4,160.0,15.3775,0.0,1,,,,,,
6227a965ea79f8f9cc02b434,13,300.12,334,66.96159260004022,37.500000000000135,130.43478260869563,313.55793246343814,471.57164808447635,10,400.0,18.683,0.0,1,,,,,,
62277d85aea43ef3b260d768,13,300.14,360,72.17289328195677,37.97468354430384,214.28571428571342,274.94823391532634,390.70270456186444,12,480.0,19.25166666666667,0.173252482174985,1,,,,,,
625841d6e0539383be611cc6,10,300.12,331,66.23181133968892,34.090909090909264,153.84615384615924,363.2677480261755,594.3272869489962,9,360.0,20.72666666666667,0.0,1,,,,,,
625841f3e0539383be611cc8,10,299.99,337,67.65554735217128,32.25806451612929,115.38461538461942,344.12448265031225,539.7539516837338,2,80.0,16.369999999999997,0.0,1,,,,,,
625841e34a9b1217fd236ac5,10,300.05,300,60.11661416795121,32.085561497326125,113.20754716981715,416.7575177228146,557.3550312614773,4,160.0,12.055,0.0,1,,,,,,
625842054a9b1217fd236ac7,10,300.04,302,60.439744319132565,32.96703296703309,120.0,388.1956813814247,494.01416983726125,3,120.0,12.24,0.0,1,,,,,,
625841f24a9b1217fd236ac6,10,300.09,302,60.510621188769015,34.682080924855555,115.38461538461311,399.813982217384,505.23261969116686,2,80.0,12.445,0.0,1,,,,,,
6258420de0539383be611cc9,10,300.09,310,62.26282029754508,29.850746268656746,122.44897959183446,416.10815760230486,583.8274963159497,15,600.0,13.584,0.0,1,,,,,,
625841e9e0539383be611cc7,10,300.05,321,64.18613980543576,32.25806451612904,115.38461538461627,371.95570862283546,516.3071186342008,9,360.0,14.809999999999999,0.0,1,,,,,,
625842404a9b1217fd236ac9,10,300.13,339,67.76489457680356,28.169014084507054,122.44897959184156,325.8469539888936,387.21366371163106,5,200.0,11.815999999999999,0.0,1,,,,,,
62584230e0539383be611cca,10,300.09,296,59.28456591639871,37.73584905660369,109.09090909091248,365.28452540948456,455.3850131526973,2,80.02,12.175,0.0,1,,,,,,
625842704a9b1217fd236acb,10,300.13,310,62.3423786946434,35.08771929824545,115.38461538461311,359.3901743793558,493.12612648629454,21,840.0,13.162380952380953,0.0,1,,,,,,
625842584a9b1217fd236aca,10,300.09,319,63.8981915606162,33.33333333333365,111.11111111111275,349.47314102948474,481.454814256071,19,760.0,13.637368421052633,0.0,1,,,,,,
62584284e0539383be611ccd,10,300.09,323,64.78655980684752,30.61224489795917,109.09090909091812,345.5649017109221,506.0007511107173,6,240.0,16.973333333333333,0.0,1,,,,,,
62584249e0539383be611ccb,10,300.05,321,64.58340341081099,34.682080924855484,124.99999999999896,354.6122421470581,489.281669107005,5,200.92,17.122,0.0,1,,,,,,
625842934a9b1217fd236acc,10,300.09,303,60.77681626081707,35.29411764705847,109.09090909090683,375.1405653546617,476.0189281252955,25,1000.0,12.0024,0.0,1,,,,,,
625842e44a9b1217fd236acf,10,300.09,301,60.43716213947554,32.78688524590193,122.44897959183446,389.53193620030044,499.5010888803353,13,520.0,12.14923076923077,0.0,1,,,,,,
625842a4e0539383be611cce,10,300.05,327,65.48814785054239,33.333333333333336,113.20754716981108,367.74608060697733,510.3428711698106,3,120.5,14.819999999999999,0.0,1,,,,,,
625842b5e0539383be611ccf,10,300.09,355,71.12242164478971,29.126213592233082,166.6666666666735,360.6178666604153,416.081477638688,9,360.0,12.112222222222222,0.3801422906461396,1,,,,,,
625843094a9b1217fd236ad0,10,300.09,324,64.8182213451955,29.12621359223298,133.3333333333367,362.3745526717521,522.6547736530874,5,200.0,17.309999999999995,0.0,1,,,,,,
625843274a9b1217fd236ad1,10,300.13,310,62.05234620791219,30.61224489795906,120.0,389.0263374051809,648.3565637565755,11,440.0,19.793636363636363,0.0,1,,,,,,
62584321e0539383be611cd4,10,300.09,308,61.83698133476568,31.57894736842143,111.11111111111275,380.7057155877229,589.7772926299886,14,560.0,16.407857142857143,0.0,1,,,,,,
6227a9828cb091d84e47522a,25,300.09,284,56.84443105353018,27.777777777777825,107.14285714285671,382.2720463226369,646.8779358038065,5,200.44,18.130000000000003,0.0,1,25.0,Finnish Lapphund,26.0,88.0,2.0,1.0
6227a98dea79f8f9cc02b438,25,300.08,323,64.82351362233257,32.786885245901416,299.99999999999574,292.8543484970665,418.34937477776623,1,40.0,21.18,0.2599306851506265,1,25.0,Finnish Lapphund,26.0,88.0,2.0,1.0
62277d8aaea43ef3b260d769,25,300.36,288,57.87846195213768,27.777777777778187,101.69491525423763,365.49415180083037,551.4716484289809,1,40.0,20.28,0.17312558263417233,1,25.0,Finnish Lapphund,26.0,88.0,2.0,1.0
6227a9888cb091d84e47522b,25,300.34,281,56.19104956853302,26.548672566371458,88.23529411764618,397.45077981535303,604.7855747269851,25,1000.0,13.505999999999998,0.0,1,25.0,Finnish Lapphund,26.0,88.0,2.0,1.0
6227a999ea79f8f9cc02b439,25,300.09,287,57.61869585655765,26.086956521739,193.54838709677279,375.8232838967411,532.8134527567762,5,200.0,15.006,0.17328134892865474,1,25.0,Finnish Lapphund,26.0,88.0,2.0,1.0
6227a9918cb091d84e47522c,25,300.08,274,55.190538764783184,17.492711370262356,89.55223880596992,476.05135747940267,652.9294845270078,3,120.2,9.866666666666667,0.38018061850173296,1,25.0,Finnish Lapphund,26.0,88.0,2.0,1.0
62277d8da5ff2fba7b7faf6c,25,300.36,274,55.119965003196825,20.477815699658656,95.23809523809592,436.38140157997566,580.3516935749333,2,80.0,11.195,0.3806971634039153,1,25.0,Finnish Lapphund,26.0,88.0,2.0,1.0
6227a99fea79f8f9cc02b43a,25,300.12,284,57.09674165237568,10.380622837370241,146.34146341463537,483.45680667823257,682.8665591377645,4,160.0,14.604999999999999,0.7796881247501,1,25.0,Finnish Lapphund,26.0,88.0,2.0,1.0
6227a99d8cb091d84e47522d,25,300.29,251,50.450692856181895,28.1690140845071,89.55223880597562,482.0782918967339,645.8598452907845,25,1000.0,10.898400000000002,0.0,1,25.0,Finnish Lapphund,26.0,88.0,2.0,1.0
6227a9a48cb091d84e47522e,25,300.12,253,51.00870386613588,25.000000000000238,150.00000000000853,454.4446006094497,705.0009183119676,6,240.0,15.19,0.12038784486205525,1,25.0,Finnish Lapphund,26.0,88.0,2.0,1.0
62277d93a5ff2fba7b7faf6d,25,300.14,251,50.27483576886982,20.0,100.00000000000095,497.5758165070846,720.3797525970666,13,520.0,10.525384615384617,0.0,1,25.0,Finnish Lapphund,26.0,88.0,2.0,1.0
6227a9afea79f8f9cc02b43c,25,300.12,250,50.24382041365394,27.272727272727263,86.95652173913072,424.23487210895894,771.5660133152743,25,1000.0,22.468400000000003,0.0,1,25.0,Finnish Lapphund,26.0,88.0,2.0,1.0
6227a9b8ea79f8f9cc02b43d,25,300.12,289,57.858434340052234,29.556650246305814,133.3333333333346,338.44609010001426,586.1279664299907,1,40.0,22.0,0.08663201386112222,1,25.0,Finnish Lapphund,26.0,88.0,2.0,1.0
62277d99aea43ef3b260d76a,25,300.14,239,48.06947857407346,14.423076923076835,93.74999999999991,609.1666961941407,797.5709431033107,3,120.0,10.176666666666668,0.0,1,25.0,Finnish Lapphund,26.0,88.0,2.0,1.0
6227a9c58cb091d84e475232,25,300.13,258,51.85633575464084,24.39024390243909,157.89473684210716,510.49207468590595,602.3463237623357,8,320.2,10.348749999999999,0.08662912737813615,1,25.0,Finnish Lapphund,26.0,88.0,2.0,1.0
6272a4e9f5a1d7d464875bb6,6,300.08,363,72.69806205442313,39.47368421052605,214.28571428571342,278.51411349426695,360.35185944279345,4,160.0,15.5725,0.6400856438283126,1,,,,,,
6272a4fef5a1d7d464875bb8,6,300.08,336,67.39764611206117,37.49999999999947,230.76923076922623,316.6439891342595,445.52398001282296,2,80.44,20.134999999999998,0.2935113969608105,1,,,,,,
622b76b08cb091d84e475251,6,300.14,320,64.10986434433093,37.03703703703693,127.65957446808541,304.3847303594968,459.0689922251782,3,120.0,18.27333333333333,0.0,1,,,,,,
6227a9d3ea79f8f9cc02b440,25,300.12,235,47.112513002919364,14.56310679611649,90.90909090909138,655.6180322554302,817.6701959569195,4,160.0,7.84,0.0,1,25.0,Finnish Lapphund,26.0,88.0,2.0,1.0
6272a4f9fa7b5d98dea196b8,6,300.12,304,60.97806399678004,34.68208092485513,120.0,323.961650113426,504.80407319858455,21,840.0,17.687142857142856,0.0,1,,,,,,
6227a9dcea79f8f9cc02b441,25,300.29,254,50.8457544799866,24.48979591836746,89.55223880597183,485.22167902578303,588.1852639788804,2,80.5,9.795,0.0,1,25.0,Finnish Lapphund,26.0,88.0,2.0,1.0
6272a4f2f5a1d7d464875bb7,6,300.17,308,61.68167967049526,33.51955307262638,206.89655172414362,312.8317931614829,489.33528342828737,5,200.0,19.156,0.0,1,,,,,,
6272a517fa7b5d98dea196ba,6,300.17,300,62.063239465854835,35.92814371257481,115.38461538461311,315.6093136297739,480.8193510271252,4,160.0,16.8825,0.0,1,,,,,,
62277d9da5ff2fba7b7faf6e,25,300.36,247,51.30165791943276,26.43171806167422,499.99999999998107,471.7775799580279,587.8285880931538,2,80.82,11.1,0.0,1,25.0,Finnish Lapphund,26.0,88.0,2.0,1.0
622b76b3ea79f8f9cc02b45e,6,300.14,312,62.714256906634404,31.914893617021352,230.76923076922623,325.1265493687797,477.2947963058517,15,600.0,17.608,0.0,1,,,,,,
6227a9e68cb091d84e475235,25,300.34,236,48.95833333333333,16.0,93.75000000000001,567.8344246399184,678.8738160510081,6,240.0,8.206666666666665,0.0,1,25.0,Finnish Lapphund,26.0,88.0,2.0,1.0
6272a50ef5a1d7d464875bb9,6,300.12,330,66.10629248853019,37.500000000000135,230.76923076923885,313.67098052580377,388.3489912751013,3,120.0,15.573333333333332,0.0,1,,,,,,
6272a50afa7b5d98dea196b9,6,300.17,352,72.99320671010675,39.47368421052633,139.53488372093724,274.7955291204399,392.32748711103125,16,640.0,18.704375,0.0,1,,,,,,
6272a52afa7b5d98dea196bb,6,300.12,344,69.09750201450443,34.09090909090909,125.00000000000267,302.3695541547849,402.4900565405726,4,160.06,16.2775,0.0,1,,,,,,
6227a9eaea79f8f9cc02b443,25,300.34,353,73.16566202452714,30.927835051546428,300.00000000001705,406.7703344943005,486.04397582805876,1,40.0,13.08,0.6059798894586136,1,25.0,Finnish Lapphund,26.0,88.0,2.0,1.0
6272a51cf5a1d7d464875bba,6,300.17,318,66.02561877321484,36.58536585365852,1999.9999999999243,274.1990364826888,479.72763897334465,25,1000.0,27.573600000000003,0.0,1,,,,,,
6272a534f5a1d7d464875bbc,6,300.17,320,66.18028422253725,41.379310344827914,117.64705882352496,256.6495761707789,465.6624415109748,23,920.0,29.490434782608695,0.0,1,,,,,,
622b76b68cb091d84e475252,6,300.14,305,63.055277076779475,6.211180124223604,857.1428571429407,608.6883950171801,893.2179374757213,5,200.0,28.996,0.0,1,,,,,,
62277da3aea43ef3b260d76b,25,300.36,237,49.04915307076795,16.0,95.23809523809592,601.4315819027628,763.0540540234997,21,840.0,8.686666666666667,0.0,1,25.0,Finnish Lapphund,26.0,88.0,2.0,1.0
6227aa018cb091d84e475238,25,300.34,253,50.544895366717924,21.73913043478257,93.750000000002,548.5737646256575,693.7851602661879,3,120.0,7.926666666666667,0.0,1,25.0,Finnish Lapphund,26.0,88.0,2.0,1.0
6227a9feea79f8f9cc02b445,25,300.39,261,52.51994748005252,25.75107296137341,136.36363636363706,471.9677589502969,637.981251464396,1,40.0,11.7,0.0,1,25.0,Finnish Lapphund,26.0,88.0,2.0,1.0
625843cee0539383be611cda,5,300.04,422,84.54664122903907,15.831134564643802,285.71428571427487,328.32458331650025,415.6707144569397,1,40.0,11.66,0.4332755632582322,1,,,,,,
625843d94a9b1217fd236ad9,5,300.09,293,58.72691314986759,31.088082901554294,127.65957446808541,458.8506399238309,547.8433192122535,15,600.0,10.675333333333331,0.08664067446432737,1,,,,,,
625843aa4a9b1217fd236ad7,5,300.05,266,53.22175732217573,28.985507246376507,113.20754716981108,517.2243481321649,614.5412800198902,25,1000.0,9.9964,0.0,1,,,,,,
625843f2e0539383be611cdc,5,300.13,266,53.36107661845153,28.708133971291815,115.38461538461942,510.9740191596308,602.8266749240631,25,1000.0,10.026,0.0,1,,,,,,
625843e2e0539383be611cdb,5,300.09,295,59.14897897595815,27.52293577981643,139.53488372093034,490.2400324390744,511.50317191640704,5,200.42000000000002,9.727999999999998,0.17328134892865474,1,,,,,,
625843ef4a9b1217fd236ada,5,300.09,309,62.03632213233073,29.26829268292687,285.71428571429425,480.84359410832184,503.5392651332619,3,120.08,9.583333333333334,0.8999863374321039,1,,,,,,
625843c14a9b1217fd236ad8,5,300.05,283,56.7937701396348,30.45685279187819,300.00000000001705,494.9325195770717,534.1294843479643,1,40.0,9.44,0.9866562239626728,1,,,,,,
62584419e0539383be611cdd,5,300.13,272,54.76038123463442,28.43601895734593,300.00000000001705,525.2006625637099,558.0033850952681,25,1000.0,9.549199999999999,0.986649451904175,1,,,,,,
6258441a4a9b1217fd236adc,5,300.09,288,57.74647887323944,23.809523809523814,300.00000000001705,455.47917912877114,519.8537314455895,18,720.0,10.06388888888889,0.9866270118964312,1,,,,,,
625844304a9b1217fd236add,5,300.09,308,61.743706633593675,29.556650246305402,300.00000000001705,445.2892507933604,483.35767349125103,9,360.0,9.403333333333332,0.9866270118964312,1,,,,,,
6258440e4a9b1217fd236adb,5,300.05,309,61.88259719385193,24.69135802469129,300.00000000001705,469.80502272824253,512.1399187887414,6,240.0,11.723333333333334,0.9866562239626728,1,,,,,,
6258444c4a9b1217fd236ade,5,300.13,304,61.07434407229483,29.850746268656643,187.500000000004,450.5402983575652,476.2873805531413,2,80.0,9.600000000000001,0.986649451904175,1,,,,,,
62584451e0539383be611cdf,5,300.09,308,62.034823022261136,28.985507246376855,300.00000000001705,549.3471790548779,545.6961734568885,2,80.0,9.09,0.9866270118964312,1,,,,,,
625844674a9b1217fd236adf,5,300.09,292,58.604370154063034,28.846153846154067,300.00000000001705,561.7542289311269,555.255455344344,23,920.0,8.64,0.9866270118964312,1,,,,,,
6258443ce0539383be611cde,5,300.05,284,56.81780157269534,25.53191489361693,300.00000000001705,541.0398052563829,536.8571531020908,17,680.0,8.62235294117647,0.9866562239626728,1,,,,,,
6258448d4a9b1217fd236ae0,5,300.13,308,61.584754262788366,31.57894736842143,300.00000000001705,459.8618366597493,480.9440607206659,4,160.9,10.285,0.986649451904175,1,,,,,,
62584477e0539383be611ce1,5,300.09,306,61.30653266331658,29.850746268656643,300.00000000001705,464.16335107343855,524.1754176046912,3,120.0,9.553333333333333,0.9866270118964312,1,,,,,,
62584488e0539383be611ce2,5,300.09,340,68.13157365847123,11.19402985074624,300.00000000001705,528.9949643140676,598.3977620753669,6,240.0,11.205,0.9866270118964312,1,,,,,,
6258446de0539383be611ce0,5,300.05,376,75.48562418223906,13.215859030836986,300.0000000000011,440.72851373198137,501.6038447941804,5,200.0,10.738000000000001,0.34660889851691384,1,,,,,,
625844ae4a9b1217fd236ae2,5,300.13,289,57.90690660500654,28.30188679245277,122.44897959183446,511.0562331407928,579.5243153274497,10,400.65999999999997,9.709,0.0,1,,,,,,
625844a4e0539383be611ce3,5,300.09,277,55.62833820417212,28.30188679245277,127.65957446808541,508.89952183133107,584.017434359937,13,520.0,9.706153846153846,0.0,1,,,,,,
625844b7e0539383be611ce4,5,300.09,281,56.2832925726155,28.708133971291815,122.44897959183446,525.7910907588218,593.0559941408391,21,840.0,9.661904761904761,0.0,1,,,,,,
625844d5e0539383be611ce5,5,300.13,292,58.482666220063635,30.0,130.43478260868534,484.13169738692034,545.8365929533276,5,200.0,9.466,0.08662912737813615,1,,,,,,
625844f74a9b1217fd236ae5,5,300.09,269,54.125012622437644,26.905829596412335,127.65957446808541,543.5110315653989,572.4619935702265,7,280.0,8.727142857142855,0.0,1,,,,,,
625844fde0539383be611ce7,5,300.13,270,54.02872158805611,25.641025641025642,125.00000000000267,547.8680768375825,592.7830893714639,12,480.0,8.059166666666666,0.0,1,,,,,,
625844eee0539383be611ce6,5,300.09,306,61.28600133958473,31.24999999999997,124.99999999999527,431.012062193956,492.5444142409898,5,200.0,12.398,0.08664067446432737,1,,,,,,
625845184a9b1217fd236ae6,5,300.09,397,79.89508725915465,29.702970297029708,299.99999999999574,421.7243562817343,379.21671436751825,7,280.0,10.532857142857143,0.43320337232163686,1,,,,,,
62692a021c86b9451c61b5ed,28,300.03,397,79.48880934060419,50.42016806722699,120.0,134.1592443750999,150.36158949325005,1,40.0,18.74,0.4332900043329001,1,28.0,Hovawart,28.0,109.0,1.0,1.0
626929c4149d36d3170afcb5,28,300.08,418,83.92875113213243,44.4444444444437,206.89655172414362,142.02197270314372,138.4069737571611,2,80.0,21.905,0.34657424686750204,1,28.0,Hovawart,28.0,109.0,1.0,1.0
62692984149d36d3170afcb0,28,300.08,391,78.37095585772657,44.11764705882493,120.0,147.86409343007486,165.08391571801144,3,120.0,19.186666666666667,0.08664356171687551,1,28.0,Hovawart,28.0,109.0,1.0,1.0
626929591c86b9451c61b5e1,28,300.17,430,89.27580466148724,46.87499999999996,171.4285714285742,158.54517924640552,125.57438127916441,6,240.0,12.275,0.5536092880700936,1,28.0,Hovawart,28.0,109.0,1.0,1.0
626929501c86b9451c61b5e0,28,300.14,371,76.92041162814871,7.692307692307688,285.71428571427487,397.25446552389,542.4080604720414,1,40.0,16.97,0.0866262410874925,1,28.0,Hovawart,28.0,109.0,1.0,1.0
62692964149d36d3170afcae,28,300.12,347,71.93596451713503,6.666666666666656,113.20754716981108,493.62238118474863,669.8849133257523,4,160.0,13.4925,0.0,1,28.0,Hovawart,28.0,109.0,1.0,1.0
62692973149d36d3170afcaf,28,300.17,386,80.04158004158005,6.615214994487326,142.8571428571429,504.4475153324752,693.4244731764227,1,40.0,14.54,0.3803741213312456,1,28.0,Hovawart,28.0,109.0,1.0,1.0
626929b2149d36d3170afcb3,28,300.12,358,74.19980601357905,46.51162790697678,111.1111111111069,184.49770446320395,211.7012416835012,1,40.0,13.5,0.0,1,28.0,Hovawart,28.0,109.0,1.0,1.0
626929b11c86b9451c61b5e7,28,300.17,359,74.42827442827442,39.47368421052642,142.85714285714226,213.31898004231897,240.62127802789215,5,200.0,16.816000000000003,0.0,1,28.0,Hovawart,28.0,109.0,1.0,1.0
6269290e149d36d3170afca7,28,300.14,358,74.31565069562502,43.1654676258997,127.65957446808541,210.86049577788773,238.02735656203467,12,480.0,14.826666666666668,0.0,1,28.0,Hovawart,28.0,109.0,1.0,1.0
62692994149d36d3170afcb1,28,300.17,324,67.1238570241064,38.216560509554306,105.2631578947381,277.84364061374873,352.6065320716947,4,160.86,13.0,0.0,1,28.0,Hovawart,28.0,109.0,1.0,1.0
62692917149d36d3170afca8,28,300.14,396,79.53287023054466,43.79562043795651,166.66666666666035,205.8172714153913,219.75182125334655,1,40.0,16.47,0.43313120543746253,1,28.0,Hovawart,28.0,109.0,1.0,1.0
6269299f1c86b9451c61b5e6,28,300.17,314,63.03494109354546,31.914893617021352,107.14285714285671,318.05158648470535,467.7383527856866,2,80.7,16.16,0.0,1,28.0,Hovawart,28.0,109.0,1.0,1.0
6269293b1c86b9451c61b5de,28,300.14,355,71.27995167460904,30.927835051546317,142.8571428571568,299.6736379863077,352.40814606991023,1,40.0,15.34,0.12043113213833552,1,28.0,Hovawart,28.0,109.0,1.0,1.0
626929c21c86b9451c61b5e8,28,300.17,359,71.84186762099067,38.216560509554306,109.09090909090895,222.03880817665618,275.03653946197,1,40.0,14.74,0.0,1,28.0,Hovawart,28.0,109.0,1.0,1.0
62692a341c86b9451c61b5f1,28,300.12,343,68.82672569933588,38.4615384615384,113.20754716981259,237.81105494616307,316.9535151907743,1,40.0,17.85,0.0,1,28.0,Hovawart,28.0,109.0,1.0,1.0
62692a101c86b9451c61b5ee,28,300.08,323,64.83656621249749,37.26708074534196,109.0909090909091,286.2192998162683,406.16587314901847,2,80.0,16.12,0.0,1,28.0,Hovawart,28.0,109.0,1.0,1.0
62692a25149d36d3170afcbe,28,300.08,322,64.70904448326839,29.411764705882057,105.26315789473686,313.0796244505633,424.8371011340688,25,1000.0,14.13,0.0,1,28.0,Hovawart,28.0,109.0,1.0,1.0
62692aa01c86b9451c61b5fb,28,300.14,330,66.15281501340483,36.1445783132537,101.6949152542416,302.4217343452735,397.5880022236522,23,920.0,13.937826086956521,0.0,1,28.0,Hovawart,28.0,109.0,1.0,1.0
62692a69149d36d3170afcc4,28,300.12,338,67.77502178722263,38.216560509554306,105.2631578947368,278.51860574971255,360.75276786714994,3,120.62,14.343333333333334,0.0,1,28.0,Hovawart,28.0,109.0,1.0,1.0
62692a41149d36d3170afcc0,28,300.17,405,81.1842722218501,34.285714285714285,153.846153846148,240.61048583022637,249.7437893076958,10,400.74,14.518,0.17323516673884798,1,28.0,Hovawart,28.0,109.0,1.0,1.0
62692a1c149d36d3170afcbd,28,300.14,382,76.55726724715339,48.387096774193466,124.99999999999989,166.53202324848166,189.07531220180445,2,80.0,15.715,0.0866262410874925,1,28.0,Hovawart,28.0,109.0,1.0,1.0
62692aae149d36d3170afcc9,28,300.12,366,73.28581467724125,45.11278195488679,107.14285714285671,166.05552158444775,218.63085452298594,2,80.36,17.765,0.17326402772224445,1,28.0,Hovawart,28.0,109.0,1.0,1.0
62692a58149d36d3170afcc2,28,300.17,377,75.74536663980663,42.553191489361694,105.2631578947381,160.14408406049418,194.85652841685044,4,160.46,15.7725,0.0,1,28.0,Hovawart,28.0,109.0,1.0,1.0
62692a731c86b9451c61b5f6,28,300.14,386,77.33252987847746,35.92814371257451,176.47058823529235,218.93761898425177,262.7880364159167,1,40.0,17.2,0.0866262410874925,1,28.0,Hovawart,28.0,109.0,1.0,1.0
62692a83149d36d3170afcc6,28,300.12,392,78.62457269253973,42.25352112676009,101.69491525423791,152.7272862829126,183.28554155630908,5,200.0,16.380000000000003,0.0,1,28.0,Hovawart,28.0,109.0,1.0,1.0
62692a0b149d36d3170afcbc,28,300.17,383,76.71196197871343,45.45454545454569,109.09090909090965,165.4948817358916,209.67604058344648,4,160.0,16.802500000000002,0.0,1,28.0,Hovawart,28.0,109.0,1.0,1.0
62692a501c86b9451c61b5f3,28,300.14,375,75.11548503715606,40.26845637583868,153.84615384615924,224.20448719120898,274.1694746033746,12,480.18,15.880833333333333,0.12043113213833552,1,28.0,Hovawart,28.0,109.0,1.0,1.0
6272a539fa7b5d98dea196bc,6,300.12,416,83.32217909249096,9.708737864077705,285.7142857143136,346.4986916921792,460.08978329849015,1,40.0,24.5,0.9000503132080502,1,,,,,,
6272a529f5a1d7d464875bbb,6,300.08,371,74.38930402439435,27.02702702702704,130.43478260869742,263.4066009569086,423.2395389340122,3,121.16,26.216666666666665,0.08664356171687551,1,,,,,,
62692a92149d36d3170afcc7,28,300.17,377,75.3909905092902,36.36363636363624,139.534883720928,260.2743560659248,285.7542067348555,1,40.0,13.23,0.0,1,28.0,Hovawart,28.0,109.0,1.0,1.0
6272a544fa7b5d98dea196bd,6,300.08,343,68.67240052207089,38.216560509554135,125.00000000001006,283.9643110765629,431.22209204610823,5,200.33999999999997,21.526,0.0,1,,,,,,
622b76bb8cb091d84e475253,6,300.14,343,68.92845146120256,39.47368421052642,130.43478260870145,278.75258975270106,423.54425514977754,5,200.0,20.24,0.46693609648830553,1,,,,,,
6272a556fa7b5d98dea196be,6,300.12,370,74.25792386382693,41.95804195804197,230.76923076923885,225.40130871523962,345.38140543085103,4,160.62,24.7825,0.08663201386112222,1,,,,,,
6272a546f5a1d7d464875bbd,6,300.17,370,74.31525241675618,41.666666666666735,222.2222222222138,214.47198899591191,333.9377219990487,4,160.0,25.5625,0.0,1,,,,,,
6272a565fa7b5d98dea196bf,6,300.17,372,74.53790517010447,39.47368421052605,133.33333333332828,245.50375344480864,386.0650414324211,6,240.0,27.439999999999998,0.0,1,,,,,,
622b76c28cb091d84e475254,6,300.14,400,80.22519352568612,41.66666666666653,120.0,216.62690281329503,337.58788172777713,4,160.74,24.947499999999998,0.0,1,,,,,,
6272a55af5a1d7d464875bbf,6,300.12,425,85.35767011139444,41.666666666666664,285.71428571429425,267.98068799242446,337.1266431512933,1,40.0,28.19,0.9000503132080502,1,,,,,,
6272a54ff5a1d7d464875bbe,6,300.17,353,70.79171415163907,39.47368421052605,130.43478260869338,257.6150691012134,423.8552540116421,10,400.26,27.615999999999996,0.08661758336942399,1,,,,,,
6272a585fa7b5d98dea196c1,6,300.17,352,70.37123667591139,37.735849056603776,127.65957446808541,272.9656629582789,405.806076135597,1,40.0,24.23,0.08661758336942399,1,,,,,,
6272a575fa7b5d98dea196c0,6,300.12,387,77.53858515517761,40.26845637583945,260.86956521738676,244.8328441885053,369.3479688287507,4,160.0,26.355,0.6064240970278555,1,,,,,,
6272a565f5a1d7d464875bc0,6,300.17,350,70.28968480413548,32.2580645161288,125.00000000000267,284.0230837048269,467.2046365499732,7,280.22,27.08428571428571,0.08661758336942399,1,,,,,,
6272a594fa7b5d98dea196c2,6,300.17,343,68.73450793863469,29.411764705882263,125.00000000000267,284.1867339890141,490.88375627034986,6,240.44,27.669999999999998,0.0,1,,,,,,
622b76c4ea79f8f9cc02b460,6,300.14,342,68.42122863926697,35.50295857988165,136.36363636363706,267.00664709819137,437.0206617810312,4,160.0,30.34,0.0,1,,,,,,
6272a57df5a1d7d464875bc2,6,300.17,336,69.90818030050083,9.345794392523361,150.0000000000032,492.5115756592629,633.9274973183344,2,80.0,20.0,0.5197055002165439,1,,,,,,
6272a587f5a1d7d464875bc3,6,300.17,345,69.21064985581114,37.73584905660369,125.00000000000081,281.2080028686007,381.3521287001538,25,1000.0,16.5928,0.0,1,,,,,,
622b76c7ea79f8f9cc02b461,6,300.14,342,68.45098695215792,42.25352112676051,130.43478260869338,288.6699556258107,363.6554607284861,11,440.0,14.895454545454545,0.0,1,,,,,,
6272a5b4f5a1d7d464875bc6,6,300.17,363,72.88590604026845,38.96103896103844,127.65957446808541,257.48131671417457,379.89902434470883,7,280.6,18.942857142857143,0.0,1,,,,,,
6272a5a6f5a1d7d464875bc5,6,300.22,359,71.88033329986949,36.36363636363632,127.65957446808541,268.8137759233337,366.0922416710925,10,400.0,17.468999999999998,0.0,1,,,,,,
6272a5c5f5a1d7d464875bc7,6,300.22,369,73.97232738115179,39.21568627450978,249.99999999999054,265.9661489519717,356.75612381584875,1,40.0,14.45,0.08660315768436479,1,,,,,,
6272a5e1f5a1d7d464875bc9,6,300.22,345,69.28499496475327,34.090909090908994,133.3333333333367,307.61882415136625,375.75502223482505,8,320.0,17.01875,0.0,1,,,,,,
6272a5ccfa7b5d98dea196c7,6,300.22,339,70.2946273830156,41.95804195804259,127.6595744680777,295.0558949459331,373.16594028809567,5,200.0,15.478,0.0,1,,,,,,
62692b2e149d36d3170afcd3,12,299.99,303,60.917801311144736,41.37931034482751,109.09090909090683,255.99878448824302,335.7908303208648,1,40.0,12.73,0.0,1,,,,,,
62692b6a149d36d3170afcd7,12,300.09,301,60.402684563758385,35.087719298246036,109.09090909091248,300.9898200851171,350.5514051111722,25,1000.0,11.248800000000001,0.0,1,,,,,,
62692bc3149d36d3170afcdd,12,300.05,311,62.27609066863093,37.267080745341296,111.11111111111055,294.8007213163701,337.7600879657829,23,920.0,11.803478260869564,0.0,1,,,,,,
62692b11149d36d3170afcd1,12,300.04,302,60.81012828714772,35.92814371257481,111.11111111111275,348.6415434265965,397.3889782064927,1,40.0,10.54,0.0,1,,,,,,
62692b281c86b9451c61b605,12,300.09,401,80.4073974805682,34.883720930232585,272.7272727272741,294.13661940872504,262.56542328295956,4,160.0,12.6725,0.17328134892865474,1,,,,,,
62692bb11c86b9451c61b610,12,300.09,349,70.07887229400906,42.55319148936095,206.89655172413853,249.1924533970434,276.38673151986,2,80.25999999999999,12.379999999999999,0.08664067446432737,1,,,,,,
62692bb5149d36d3170afcdc,12,300.04,334,67.22519430705562,38.709677419354556,136.36363636363706,309.8866926675192,329.12809239689693,2,80.0,13.51,0.08665511265164644,1,,,,,,
62692b421c86b9451c61b607,12,300.09,295,59.21450151057402,32.78688524590193,117.64705882353151,352.11920736927954,452.85555864600497,20,800.0,13.1615,0.0,1,,,,,,
62692be21c86b9451c61b614,12,300.09,296,59.53381991860346,36.14457831325301,109.09090909090965,362.13093586757526,438.0491694204339,19,760.02,11.101578947368422,0.0,1,,,,,,
62692b4f149d36d3170afcd5,12,300.05,294,58.931983507089925,34.68208092485513,109.09090909090965,376.6491935329386,450.30431110832126,6,240.0,11.25,0.0,1,,,,,,
62692b8a1c86b9451c61b60d,12,300.09,327,65.56717618664521,22.641509433962337,166.66666666668667,370.7246427420161,406.2583490266318,7,280.0,10.308571428571428,0.0,1,,,,,,
62692b3b149d36d3170afcd4,12,300.09,301,60.449340094703956,30.927835051546428,113.20754716981259,378.22470213694055,441.2414077725608,1,40.19999999999999,9.48,0.0,1,,,,,,
62692b1d1c86b9451c61b604,12,300.05,309,61.98846102240708,37.267080745341296,122.44897959184156,342.04153380325374,372.4909547903837,17,680.0,10.728235294117646,0.0,1,,,,,,
62692b59149d36d3170afcd6,12,300.13,301,60.20872357506021,34.482758620689474,107.14285714285738,351.29761685439973,411.9141222963317,21,840.0,10.862857142857145,0.0,1,,,,,,
62692b04149d36d3170afcd0,12,300.09,296,59.21514837241979,35.29411764705877,107.14285714285671,361.09374634151555,428.37336693193174,25,1000.0,11.038799999999998,0.0,1,,,,,,
62692b4f1c86b9451c61b608,12,300.09,290,58.18011005234196,34.090909090909264,105.2631578947381,378.4811857644981,462.7746932003374,3,120.0,11.043333333333335,0.0,1,,,,,,
62692bc01c86b9451c61b611,12,300.05,325,65.22833271818273,39.47368421052605,149.99999999999787,317.26234265660753,317.9861164872417,3,120.0,9.896666666666667,0.0,1,,,,,,
62692b7d1c86b9451c61b60c,12,300.09,322,64.44057815845824,32.78688524590193,111.11111111111275,326.4061809122107,391.5274575301203,5,200.0,11.360000000000001,0.0,1,,,,,,
62692b311c86b9451c61b606,12,300.09,330,66.44451176411188,33.333333333333336,122.44897959183446,318.82272471492354,329.09845439158056,5,200.0,9.732,0.0,1,,,,,,
62692ba01c86b9451c61b60f,12,300.13,321,64.6073087017969,37.974683544303495,111.1111111111069,317.4153492169145,343.6745927550218,6,240.0,10.808333333333332,0.0,1,,,,,,
62692bce149d36d3170afcde,12,300.09,320,64.08410620417183,33.33333333333365,200.00000000003033,372.29215557666697,368.45632426799364,2,80.36000000000001,10.705,0.0,1,,,,,,
62692bd51c86b9451c61b613,12,300.13,338,67.84096628082537,37.73584905660369,111.11111111111275,295.55794777769125,332.6396054934806,1,40.0,10.13,0.0,1,,,,,,
62692b9a149d36d3170afcda,12,300.09,357,71.50748217334538,38.961038961039165,124.99999999999989,257.4982242581937,261.34861505573366,25,1000.0,10.9276,0.0,1,,,,,,
6258452de0539383be611ce9,4,300.14,290,58.05350028457598,34.482758620689474,103.44827586206927,421.86260269850453,810.8530316209539,1,40.0,26.5,0.0866262410874925,1,,,,,,
62584556e0539383be611ceb,4,300.12,305,61.242990968001884,28.98550724637671,111.11111111110982,396.79522012877044,703.428191873278,5,200.0,27.186,0.0,1,,,,,,
62692af9149d36d3170afccf,12,300.12,345,69.12488696875316,40.26845637583868,150.00000000000054,297.9674390236056,276.0276320304101,1,40.24000000000001,11.44,0.0,1,,,,,,
62692aff1c86b9451c61b602,12,300.09,290,58.07488780226406,32.78688524590193,136.36363636363598,352.70991878988093,355.29916971476376,1,40.0,13.37,0.0,1,,,,,,
62692aec1c86b9451c61b601,12,300.09,276,55.4379598830763,33.70786516853931,111.1111111111069,401.9498857861225,412.83999480896784,18,720.0,8.461666666666666,0.0,1,,,,,,
62692ad1149d36d3170afccc,12,300.05,261,52.38239145764078,30.927835051546428,109.09090909090929,479.61878950806636,490.75546521758304,24,960.0,7.6825,0.0,1,,,,,,
62692adc149d36d3170afccd,12,300.04,268,53.68812627769027,27.027027027027,107.14285714285671,482.668481640513,523.5079047309472,18,720.0,7.583333333333333,0.0,1,,,,,,
62692ac11c86b9451c61b5fe,12,300.09,335,67.46793253206746,31.088082901554408,260.8695652174029,407.270787492357,316.3663820441243,4,160.0,6.2275,0.17328134892865474,1,,,,,,
62692abe149d36d3170afcca,12,300.05,272,54.624248328686136,29.70297029702997,107.14285714285705,440.19111048362123,447.30095925243336,19,760.0,8.13421052631579,0.0,1,,,,,,
62692b0c1c86b9451c61b603,12,300.13,262,52.567975830815705,30.769230769230727,105.2631578947381,481.1664650708238,510.17078588373545,16,640.0,8.304375,0.0,1,,,,,,
62692aed149d36d3170afcce,12,300.09,255,50.96989966555183,28.30188679245277,103.44827586206927,505.60791514198115,559.4506057170311,5,200.62,8.426,0.0,1,,,,,,
62692ad11c86b9451c61b5ff,12,300.09,265,53.0528854205044,30.769230769230727,113.20754716981108,468.1931260289335,526.9688773719299,11,440.0,8.462727272727273,0.0,1,,,,,,
62692ac8149d36d3170afccb,12,300.05,296,59.40594059405941,28.708133971291815,115.38461538461627,428.9141486810332,459.7640625334688,2,80.30000000000001,8.780000000000001,0.0,1,,,,,,
6272a5f5fa7b5d98dea196cb,25,300.09,270,53.927628721307094,25.862068965517317,111.11111111111093,464.02432723259557,771.9758038896326,1,40.0,18.13,0.08664067446432737,1,25.0,Finnish Lapphund,26.0,88.0,2.0,1.0
6272a606fa7b5d98dea196cd,25,300.08,239,47.929113244277374,25.6410256410256,88.23529411764618,487.83248557855006,835.0080218922892,4,160.0,16.1875,0.0,1,25.0,Finnish Lapphund,26.0,88.0,2.0,1.0
622b76d8ea79f8f9cc02b463,25,300.36,255,51.13407596295799,27.39726027397263,85.7142857142871,447.1830504266003,768.716398410864,9,360.0,16.925555555555555,0.0,1,25.0,Finnish Lapphund,26.0,88.0,2.0,1.0
6272a612f5a1d7d464875bcd,25,300.34,259,51.99341685419675,27.649769585253253,100.00000000000095,447.2405144446173,757.6871935492144,9,360.0,18.698888888888884,0.0,1,25.0,Finnish Lapphund,26.0,88.0,2.0,1.0
6272a5fefa7b5d98dea196cc,25,300.29,267,53.49959774738536,7.168458781362028,260.8695652174029,652.0811342510907,990.7650941056153,5,200.0,14.686000000000002,0.4671637417163409,1,25.0,Finnish Lapphund,26.0,88.0,2.0,1.0
6272a61cf5a1d7d464875bce,25,300.34,266,53.52273874844313,26.08695652173916,272.7272727272741,471.3641747616304,678.3656272559969,5,200.0,15.384,0.2597056669108344,1,25.0,Finnish Lapphund,26.0,88.0,2.0,1.0
6272a612fa7b5d98dea196ce,25,300.29,242,48.51209447445231,14.598540145985353,92.3076923076915,553.3415153788584,667.2384006735049,23,920.0,8.766086956521741,0.0,1,25.0,Finnish Lapphund,26.0,88.0,2.0,1.0
626a89901c86b9451c61b640,11,300.13,317,63.54526259342426,28.985507246376507,176.47058823529417,362.63192329723705,493.9661321209569,8,320.0,15.60125,0.08662912737813615,1,,,,,,
6272a62bfa7b5d98dea196d0,25,300.29,263,52.79596977329975,25.210084033613345,230.76923076923885,484.1392363882335,551.9942944899221,10,400.0,8.554,0.259748909387592,1,25.0,Finnish Lapphund,26.0,88.0,2.0,1.0
626a897a149d36d3170afd07,11,300.09,279,55.92248633788179,35.50295857988171,111.1111111111113,358.9281070379814,518.1632375943163,6,240.0,14.933333333333332,0.0,1,,,,,,
626a897b1c86b9451c61b63e,11,300.09,274,55.02368235412678,36.809815950920346,130.43478260869742,350.81180670458673,495.06275597437485,1,40.0,13.51,0.0,1,,,,,,
6272a647fa7b5d98dea196d2,25,300.39,255,51.23894697912114,26.086956521739,146.34146341463537,475.6898628316783,543.3591173752229,25,1000.0,8.159600000000001,0.0,1,25.0,Finnish Lapphund,26.0,88.0,2.0,1.0
622b76e38cb091d84e475258,25,300.36,271,54.32959957072909,27.149321266968578,109.09090909090895,443.8176848761046,494.19191672630916,1,40.0,7.76,0.0,1,25.0,Finnish Lapphund,26.0,88.0,2.0,1.0
6258456e4a9b1217fd236aeb,4,300.08,295,59.262245515017135,35.29411764705788,103.44827586207181,396.24791742519176,735.9092724907629,1,40.0,29.09,0.0,1,,,,,,
625845594a9b1217fd236aea,4,300.14,278,56.00107823977357,29.70297029702955,103.44827586206674,427.98546849284605,789.3854241282203,1,40.02000000000001,24.02,0.0,1,,,,,,
625845af4a9b1217fd236aed,4,300.12,285,57.169697376367175,32.608695652174355,111.11111111111275,418.9273319931137,762.2986903348466,1,40.540000000000006,28.63,0.0,1,,,,,,
62584593e0539383be611cee,4,300.17,272,54.71615573577414,28.98550724637691,103.44827586206674,470.55408036139534,828.2840360917525,25,1000.0,20.621599999999997,0.0,1,,,,,,
625845e44a9b1217fd236aef,4,300.17,282,56.56768998490187,28.84615384615387,101.6949152542367,455.5921246428698,808.8298426033223,4,160.94,23.02,0.0,1,,,,,,
625845cc4a9b1217fd236aee,4,300.17,319,63.98819504996981,34.68208092485513,139.534883720928,385.4747492310033,640.6357745112251,2,80.0,32.71,0.0,1,,,,,,
625845d9e0539383be611cf1,4,300.17,314,62.97364361880491,33.14917127071822,125.00000000000267,398.0484516198739,683.6166548360505,1,40.0,24.43,0.0,1,,,,,,
625845b1e0539383be611cef,4,300.14,281,56.50097531445484,29.411764705882057,101.6949152542416,443.0869174158148,797.1175670944726,18,720.0,23.16944444444444,0.0,1,,,,,,
625845f4e0539383be611cf2,4,300.12,296,59.395973154362416,27.906976744185975,115.38461538461942,437.67743350641337,699.6055740084364,8,320.0,17.2725,0.0,1,,,,,,
62584615e0539383be611cf3,4,300.12,274,55.06807866868381,30.769230769230948,105.2631578947381,439.6277973398903,794.3847045503387,4,160.0,21.5625,0.0,1,,,,,,
625846174a9b1217fd236af1,4,300.17,296,59.42788074133763,29.26829268292677,124.99999999999896,436.2543841584305,689.0358540477147,1,40.0,23.98,0.25985275010827197,1,,,,,,
6258463d4a9b1217fd236af3,4,300.17,263,52.62276972516989,27.027027027026694,230.76923076923885,493.1340482001948,829.0653926484681,6,240.0,20.223333333333333,0.6063230835859679,1,,,,,,
6258465ee0539383be611cf6,4,300.17,244,49.13226621735468,26.200873362445424,101.6949152542416,499.4788768168467,875.3282737218408,2,80.0,17.435000000000002,0.0,1,,,,,,
62584633e0539383be611cf4,4,300.14,243,48.649735307913964,27.272727272727273,103.44827586206927,536.421814003687,812.558073251774,6,240.0,14.036666666666667,0.0,1,,,,,,
625846774a9b1217fd236af5,4,300.22,263,52.62453133369041,26.785714285714345,113.20754716981108,514.3496205477226,756.1234061738777,8,320.0,13.275,0.0,1,,,,,,
625846634a9b1217fd236af4,4,300.17,255,51.132360342224466,18.69158878504668,105.2631578947381,533.4395812765393,806.5576097623843,13,520.0,14.840769230769231,0.0,1,,,,,,
62584697e0539383be611cf9,4,300.22,272,54.53813644596498,31.578947368421076,107.14285714285671,478.5502570300068,712.2296758146988,23,920.0,15.07521739130435,0.0,1,,,,,,
625846c04a9b1217fd236af8,4,300.17,263,52.64039111944547,26.905829596412676,105.2631578947381,518.6066303123117,726.0695638120735,9,360.0,13.292222222222222,0.0,1,,,,,,
625846a9e0539383be611cfa,4,300.14,294,59.12622338815457,31.41361256544508,113.20754716981108,465.1686635497341,593.2609557722753,2,80.0,13.295,0.0,1,,,,,,
625846d9e0539383be611cfe,4,300.22,269,53.90185036202735,28.70813397129221,103.44827586207181,507.69423383748585,664.8547474493907,10,400.0,12.231,0.0,1,,,,,,
625847214a9b1217fd236afc,4,300.22,265,53.17220543806646,30.0,105.26315789473286,510.1976498321297,675.3298025448927,2,80.0,11.945,0.0,1,,,,,,
62584703e0539383be611d02,4,300.22,260,52.15115108396537,24.19354838709687,101.69491525423915,516.7580617427299,700.7816787276254,4,160.0,11.3575,0.0,1,,,,,,
625931c74a9b1217fd236b68,30,300.24,419,83.8123245555407,33.33333333333312,130.4347826086954,195.6990941801254,259.1551482940098,4,160.0,21.86,0.692779110045297,1,30.0,Bull Terrier (Miniature),17.0,31.0,1.0,1.0
62593244e0539383be611d77,30,300.29,387,77.5307980717729,34.285714285714285,122.44897959183446,240.45719971481518,316.58855268046375,8,320.0,15.71875,0.173165939591728,1,30.0,Bull Terrier (Miniature),17.0,31.0,1.0,1.0
625931ba4a9b1217fd236b67,30,300.08,367,73.76058041112455,37.97468354430418,285.71428571427487,257.0755568005902,319.66720708835555,19,760.0,14.122631578947368,0.08664356171687551,1,30.0,Bull Terrier (Miniature),17.0,31.0,1.0,1.0
6259323be0539383be611d76,30,300.34,339,67.88057303521221,29.70297029702955,120.0,362.6577011740056,410.1096328778797,14,560.0,10.614285714285714,0.0,1,30.0,Bull Terrier (Miniature),17.0,31.0,1.0,1.0
6258486be0539383be611d21,8,300.08,348,69.80720871751886,33.70786516853931,146.34146341463537,270.66080939415616,309.9846164372433,5,200.0,14.070000000000002,0.46679852039456154,1,,,,,,
625932084a9b1217fd236b6e,30,300.09,340,68.2092555331992,32.78688524590162,122.44897959184156,306.2618553296385,374.591296019081,7,280.0,12.297142857142855,0.0,1,30.0,Bull Terrier (Miniature),17.0,31.0,1.0,1.0
6258487ee0539383be611d23,8,300.08,319,64.09997984277364,37.97468354430384,127.65957446808541,262.73619415637967,276.9909290273012,2,80.41999999999999,11.575,0.17328712343375102,1,,,,,,
6259321e4a9b1217fd236b70,30,300.08,333,66.68452062131765,35.92814371257485,133.33333333332828,306.53595582602395,382.3855791185452,19,760.0,10.68421052631579,0.0,1,30.0,Bull Terrier (Miniature),17.0,31.0,1.0,1.0
6258486a4a9b1217fd236b1b,8,300.14,354,71.09291084854995,30.0,240.0,339.0329143651398,321.1719484241191,5,200.0,14.418000000000001,0.2936836143133205,1,,,,,,
6259312be0539383be611d5f,30,300.14,331,66.48757555406313,35.92814371257512,120.0,314.22148020185574,390.92323113928296,11,440.0,11.115454545454545,0.0,1,30.0,Bull Terrier (Miniature),17.0,31.0,1.0,1.0
6258487d4a9b1217fd236b1e,8,300.12,282,56.48808925520153,28.571428571428644,124.99999999999896,379.68772789863453,429.05793814555415,3,120.0,19.236666666666668,0.08663201386112222,1,,,,,,
625931014a9b1217fd236b55,30,300.12,348,69.8939170135625,36.363636363636395,130.43478260869642,281.0907720326351,362.5471864843845,18,720.0,14.14,0.0,1,30.0,Bull Terrier (Miniature),17.0,31.0,1.0,1.0
625848734a9b1217fd236b1d,8,300.17,284,56.81590042160209,29.12621359223298,117.64705882353151,415.8165831466296,437.08049796590814,3,120.19999999999999,11.69,0.0,1,,,,,,
62584892e0539383be611d25,8,300.17,302,60.569473790119744,29.268292682926667,139.534883720928,462.117922752783,432.07291051395566,3,120.0,10.85,0.1205213712229736,1,,,,,,
6258486f4a9b1217fd236b1c,8,300.14,316,63.403670032540504,26.785714285714285,122.44897959184156,378.7009653948371,399.04942784055334,8,320.0,10.575,0.0,1,,,,,,
6259318ee0539383be611d68,30,300.14,351,70.50055393292376,43.16546762589882,120.0,262.8830067451422,269.0991019077633,10,400.0,11.018,0.0,1,30.0,Bull Terrier (Miniature),17.0,31.0,1.0,1.0
625848934a9b1217fd236b20,8,300.12,328,65.63848650095346,37.500000000000135,127.65957446809314,356.27120050361486,371.29065227427645,17,680.0,12.298823529411763,0.0,1,,,,,,
62593214e0539383be611d73,30,300.12,373,74.81647839640668,35.08771929824545,136.36363636363706,267.3674570144977,297.97157917259204,11,440.0,12.288181818181819,0.12038784486205525,1,30.0,Bull Terrier (Miniature),17.0,31.0,1.0,1.0
6258488c4a9b1217fd236b1f,8,300.17,353,70.90579466863626,30.769230769230727,142.8571428571568,324.1948117487012,308.9749618747884,1,40.0,10.2,0.2937565379618216,1,,,,,,
625848a04a9b1217fd236b21,8,300.17,345,69.07861708892533,33.14917127071819,136.36363636363706,388.9831328640377,318.98252965860775,6,240.0,8.15,0.9527934170636638,1,,,,,,
6258488de0539383be611d24,8,300.14,325,65.18458907554572,32.085561497326125,122.44897959183446,400.7331924151884,341.62605160193465,21,840.0,8.230952380952383,0.0866262410874925,1,,,,,,
62593283e0539383be611d7d,30,300.14,372,74.61285781323322,41.666666666666735,125.00000000000267,251.32625263314776,262.38923016790903,9,360.0,10.052222222222222,0.0,1,30.0,Bull Terrier (Miniature),17.0,31.0,1.0,1.0
625848a4e0539383be611d26,8,300.12,333,67.25639813626849,34.883720930232585,122.44897959184156,385.7762766664466,319.17709524163564,12,480.0,9.979999999999999,0.3465280554444889,1,,,,,,
6259318b4a9b1217fd236b61,30,300.12,371,74.32952757223691,37.974683544303495,124.99999999999896,254.71931894467286,262.4917084766086,20,800.0,9.517999999999999,0.0,1,30.0,Bull Terrier (Miniature),17.0,31.0,1.0,1.0
625848ad4a9b1217fd236b22,8,300.17,334,66.85628241592774,33.51955307262585,125.00000000001006,352.20189620978186,285.92114929549643,9,360.0,9.857777777777777,0.08661758336942399,1,,,,,,
625848b64a9b1217fd236b23,8,300.12,366,73.70015143866733,31.088082901554294,153.84615384615924,339.2600044134456,258.684860675798,5,200.0,13.478,0.17326402772224445,1,,,,,,
625848b0e0539383be611d27,8,300.17,328,65.73745225490853,34.09090909090909,130.43478260869642,341.3833176325319,306.89119992100905,11,440.0,8.722727272727273,0.17323516673884798,1,,,,,,
625931b54a9b1217fd236b66,30,300.14,424,84.99949763890284,44.77611940298401,150.0000000000032,205.2454463660728,201.3167554352045,1,40.0,9.46,0.0,1,30.0,Bull Terrier (Miniature),17.0,31.0,1.0,1.0
625931354a9b1217fd236b5a,30,300.12,378,75.7865112071565,41.379310344827914,125.00000000001006,233.46666767335046,239.77216579361775,14,560.0,8.604285714285714,0.0,1,30.0,Bull Terrier (Miniature),17.0,31.0,1.0,1.0
625848b9e0539383be611d28,8,300.14,323,64.96301277740417,35.714285714285566,133.3333333333367,359.4891716618103,334.38090839686294,9,359.98,9.642222222222223,0.0,1,,,,,,
625848c9e0539383be611d2a,8,300.12,324,65.08597528210639,36.80981595092019,122.44897959184156,337.41658941181174,379.3710060724816,11,440.0,11.989090909090908,0.0,1,,,,,,
625931974a9b1217fd236b62,30,300.14,395,79.21455617732802,37.735849056604366,127.65957446808541,243.73947899891093,258.0495445259024,17,680.0,11.588823529411764,0.0,1,30.0,Bull Terrier (Miniature),17.0,31.0,1.0,1.0
625848df4a9b1217fd236b27,8,300.17,313,62.776659959758554,36.809815950920346,115.38461538461942,319.7447504131539,372.3459132308008,25,1000.0,11.0968,0.0,1,,,,,,
6259326c4a9b1217fd236b77,30,300.12,391,78.46293129463838,39.73509933774835,136.36363636363706,240.69689457148618,256.7379907354754,9,360.0,12.232222222222221,0.0,1,30.0,Bull Terrier (Miniature),17.0,31.0,1.0,1.0
625848bfe0539383be611d29,8,300.14,318,63.69085490406188,36.144578313252936,115.38461538461627,312.9229653677125,367.9949091557613,25,1000.0,11.61,0.0,1,,,,,,
625848dde0539383be611d2c,8,300.22,337,67.57617403546408,40.26845637583892,127.65957446808541,278.8997557160119,318.507714473458,2,80.0,11.54,0.0,1,,,,,,
625848d64a9b1217fd236b26,8,300.17,350,72.54460419192793,39.7350993377484,187.500000000004,261.51755897606824,312.5768870931244,6,240.0,17.256666666666668,0.0,1,,,,,,
625932fb4a9b1217fd236b84,30,300.14,360,72.32070910556003,37.267080745341296,120.0,277.9707639302653,324.1641593924861,9,360.22,10.190000000000001,0.0,1,30.0,Bull Terrier (Miniature),17.0,31.0,1.0,1.0
625848d4e0539383be611d2b,8,300.14,371,74.15820416889365,28.1690140845071,285.71428571428936,277.07965829248207,256.76959186444435,4,160.0,10.2425,0.173252482174985,1,,,,,,
625848fb4a9b1217fd236b29,8,300.22,345,69.20600858369099,40.0,122.44897959183668,286.35365101873515,263.9435181208622,8,320.46000000000004,9.84125,0.0,1,,,,,,
625932ba4a9b1217fd236b7e,30,300.34,344,68.91932621144637,32.085561497326125,122.44897959183446,321.083160339466,375.0980378670287,10,400.0,11.847,0.0,1,30.0,Bull Terrier (Miniature),17.0,31.0,1.0,1.0
625932b2e0539383be611d81,30,300.18,344,68.93779519646267,36.58536585365821,124.99999999999527,305.0000384310812,365.4989380069527,18,720.0,9.767222222222223,0.0,1,30.0,Bull Terrier (Miniature),17.0,31.0,1.0,1.0
625932784a9b1217fd236b78,30,300.18,348,69.68104688911944,37.03703703703693,127.65957446808541,306.484379348597,359.4456232441346,8,320.0,12.825,0.0,1,30.0,Bull Terrier (Miniature),17.0,31.0,1.0,1.0
62593262e0539383be611d7a,30,300.36,364,72.94771745319355,35.50295857988156,133.33333333332828,296.2948860220577,325.65615870371295,8,320.0,9.311250000000001,0.0,1,30.0,Bull Terrier (Miniature),17.0,31.0,1.0,1.0
625849284a9b1217fd236b2d,8,300.22,346,69.48640483383686,37.03703703703693,136.36363636363706,306.65214975678055,273.6945759970997,8,320.26,9.9575,0.0,1,,,,,,
625930fee0539383be611d5b,30,300.18,366,73.44310674402226,34.482758620689616,133.3333333333367,267.10456231144116,307.7595393581378,10,400.0,10.299,0.0,1,30.0,Bull Terrier (Miniature),17.0,31.0,1.0,1.0
625931cee0539383be611d6e,30,300.18,381,76.39470598090132,39.47368421052642,130.43478260869338,234.81784772054712,265.31009387185134,1,40.0,11.47,0.0,1,30.0,Bull Terrier (Miniature),17.0,31.0,1.0,1.0
6259316c4a9b1217fd236b5e,30,300.18,407,81.78887993553586,35.50295857988171,157.89473684210716,251.59319385529366,291.92041871749484,1,40.0,10.75,0.25984409354387367,1,30.0,Bull Terrier (Miniature),17.0,31.0,1.0,1.0
6259322f4a9b1217fd236b71,30,300.18,365,73.14622546721147,40.54054054054082,125.00000000000267,255.06209759468496,253.75526701369103,25,1000.0,7.840400000000001,0.0,1,30.0,Bull Terrier (Miniature),17.0,31.0,1.0,1.0
625849654a9b1217fd236b32,8,300.17,293,58.713136729222526,29.850746268656852,120.0,476.4376905182692,402.8152646773029,14,560.66,6.964285714285714,0.0,1,,,,,,
625932e7e0539383be611d86,30,300.36,286,57.24232584608176,24.793388429752046,120.0,474.8952858190994,487.01808972389125,4,160.0,7.2425,0.0,1,30.0,Bull Terrier (Miniature),17.0,31.0,1.0,1.0
626a88a81c86b9451c61b62e,11,300.04,287,57.639985220516614,34.883720930232585,176.4705882353071,393.12354696083787,427.66973648923414,2,80.0,17.035,0.08665511265164644,1,,,,,,
626a8895149d36d3170afcf6,11,300.09,235,47.14256933718353,30.303030303030894,101.6949152542367,408.28254109012556,663.1169084971078,25,1000.0,15.4416,0.0,1,,,,,,
626a8938149d36d3170afd03,11,300.09,237,47.41971132915844,28.571428571428644,125.00000000000267,468.7451752366197,651.1217815954909,18,720.0,12.107777777777777,0.0,1,,,,,,
626a8871149d36d3170afcf1,11,300.05,242,48.513722069382005,27.02702702702704,122.44897959183446,521.2104322259243,678.3361998301452,14,560.0,11.643571428571429,0.0,1,,,,,,
626a888f1c86b9451c61b62c,11,300.04,232,46.5945001008539,29.556650246305402,117.64705882352823,445.6362524413052,627.0053047414464,5,200.0,11.542,0.0,1,,,,,,
626a88761c86b9451c61b629,11,300.09,241,48.288119110693806,31.74603174603174,136.36363636363706,412.9744619300517,529.6505518858356,11,440.0,12.953636363636365,0.0,1,,,,,,
626a889f149d36d3170afcf7,11,300.04,237,47.38321509838042,30.150753768844083,130.43478260870145,438.88698028549203,612.0600026210741,7,280.0,12.644285714285713,0.0,1,,,,,,
626a885b1c86b9451c61b626,11,300.09,260,52.05332618744556,16.713091922005688,153.84615384615398,480.2755256385347,522.6835199386943,2,80.0,13.545,0.3465626978573095,1,,,,,,
626a896b149d36d3170afd06,11,300.09,268,53.758389261744966,29.850746268656746,146.34146341463537,420.1358045017412,492.34669000400083,8,320.0,12.05125,0.08664067446432737,1,,,,,,
626a88181c86b9451c61b621,11,300.13,221,44.31612166789767,25.6410256410256,101.6949152542367,453.0618219722891,646.3268183855466,1,40.0,11.33,0.0,1,,,,,,
626a8823149d36d3170afceb,11,300.09,225,45.15977285709486,27.777777777777825,125.00000000001006,462.3069030045542,605.7660161875305,23,920.0,9.968260869565217,0.0,1,,,,,,
626a891a149d36d3170afd01,11,300.09,226,45.305054030471844,28.1690140845071,101.69491525423791,447.19728166678135,594.8420408574269,1,40.0,8.66,0.0,1,,,,,,
626a88841c86b9451c61b62b,11,300.13,270,54.05586442494474,25.104602510460246,181.81818181818275,415.06472983881247,429.1678862949371,3,120.0,14.403333333333334,0.08662912737813615,1,,,,,,
626a89151c86b9451c61b636,11,300.09,268,53.729541185940434,30.927835051546428,153.8461538461536,445.6747002485217,469.2987890283325,1,40.0,10.44,0.0,1,,,,,,
626a88b6149d36d3170afcf9,11,300.09,219,43.75606329240959,28.037383177570273,105.26315789473547,500.4613797385541,677.1085857278429,21,840.0,9.860476190476188,0.0,1,,,,,,
626a89311c86b9451c61b639,11,300.13,229,45.90141932020266,27.149321266968226,127.65957446808541,468.32086843766035,580.6145157150563,4,160.0,9.899999999999999,0.0,1,,,,,,
626a88351c86b9451c61b623,11,300.09,216,43.573720655294714,28.037383177570273,103.44827586206166,508.6592918227026,650.8028830017281,4,160.0,9.190000000000001,0.0,1,,,,,,
626a896d1c86b9451c61b63d,11,300.09,245,49.23822015941883,25.531914893616776,109.09090909090683,490.44700342860426,618.9244620403481,1,40.0,9.75,0.0,1,,,,,,
626a88c8149d36d3170afcfa,11,300.13,227,45.504882714185044,17.699115044247712,109.09090909090895,485.90633821570117,572.4846431710347,10,400.0,8.364999999999998,0.0,1,,,,,,
626a8816149d36d3170afcea,11,300.09,226,45.32026319323218,28.03738317757009,111.11111111111275,481.5523550299798,610.4992833738612,20,800.0,8.6765,0.0,1,,,,,,
626a894d1c86b9451c61b63b,11,300.09,239,47.90017442640548,30.612244897959282,139.534883720928,463.35496811015275,537.3642503486259,7,280.18,8.324285714285713,0.0,1,,,,,,
626a8949149d36d3170afd04,11,300.13,229,45.79079497907949,28.571428571428452,105.2631578947381,499.52787625675654,636.5577168429005,17,680.0,8.771764705882353,0.0,1,,,,,,
626a889f1c86b9451c61b62d,11,300.09,266,53.34317442211561,27.27272727272706,115.38461538461942,449.45005783543877,541.9863858292413,1,40.0,9.52,0.0,1,,,,,,
626a8840149d36d3170afced,11,300.09,287,57.66516566973588,33.519553072625314,200.00000000001137,420.0556833118295,400.6534136816261,3,120.0,9.826666666666666,0.08664067446432737,1,,,,,,
626a884e149d36d3170afcee,11,300.13,222,44.583417389550135,31.088082901554294,103.44827586207181,421.24591406348253,507.0404323128484,25,1000.0,6.7132,0.0,1,,,,,,
625930afe0539383be611d53,30,300.09,338,67.84551890749253,31.41361256544508,206.89655172413597,313.0100020929072,410.39941346379595,5,200.0,14.668000000000001,0.25992202339298215,1,30.0,Bull Terrier (Miniature),17.0,31.0,1.0,1.0
625930d1e0539383be611d57,30,300.08,259,51.87493716698501,27.149321266968226,115.38461538461627,427.1376375328674,543.7630091471212,2,80.0,11.605,0.0,1,30.0,Bull Terrier (Miniature),17.0,31.0,1.0,1.0
625930d94a9b1217fd236b52,30,300.12,249,50.04708731333244,28.03738317757009,107.14285714286214,433.37524703282276,466.1245163873377,7,280.0,8.392857142857142,0.0,1,30.0,Bull Terrier (Miniature),17.0,31.0,1.0,1.0
625930f84a9b1217fd236b54,30,300.09,296,59.26471573026183,28.846153846154067,181.81818181817493,413.7154991532152,407.36418378557994,1,40.0,7.58,0.17328134892865474,1,30.0,Bull Terrier (Miniature),17.0,31.0,1.0,1.0
625930aae0539383be611d52,30,300.14,278,55.64670037164764,17.391304347826072,115.38461538461627,487.7181162481595,606.8190404281049,5,200.0,12.344,0.0,1,30.0,Bull Terrier (Miniature),17.0,31.0,1.0,1.0
625930af4a9b1217fd236b4e,30,300.12,291,58.56811067353327,19.60784313725489,166.66666666666035,464.2572731303804,521.243190524174,4,160.51999999999998,9.64,0.17326402772224445,1,30.0,Bull Terrier (Miniature),17.0,31.0,1.0,1.0
625930b94a9b1217fd236b4f,30,300.18,272,54.42131334091974,28.30188679245277,103.44827586206927,397.3024490557455,460.0724580614087,24,960.0,9.115,0.0,1,30.0,Bull Terrier (Miniature),17.0,31.0,1.0,1.0
625930c64a9b1217fd236b50,30,300.18,261,52.33494363929146,27.149321266968315,107.14285714286214,432.09440827853535,501.6940414205759,25,1000.0,8.183599999999998,0.0,1,30.0,Bull Terrier (Miniature),17.0,31.0,1.0,1.0
625930b6e0539383be611d54,30,300.14,283,56.689114483867726,25.423728813559478,122.44897959183446,413.26829417601317,461.1304383130554,8,320.0,8.97125,0.0,1,30.0,Bull Terrier (Miniature),17.0,31.0,1.0,1.0
625930e94a9b1217fd236b53,30,300.12,273,54.81844748244936,26.785714285714345,162.16216216216017,420.32116462347295,527.7806348512489,1,40.34,13.59,0.0,1,30.0,Bull Terrier (Miniature),17.0,31.0,1.0,1.0
626928ff1c86b9451c61b5da,8,300.12,379,75.91885920867642,18.691588785046722,285.71428571428453,346.6113406945044,480.82102638761984,2,80.0,18.035,0.6064240970278555,1,,,,,,
626928d8149d36d3170afca1,8,300.08,320,64.03265196882005,32.60869565217385,122.44897959183446,431.9324386897063,528.6549920590272,10,400.0,11.859,0.0,1,,,,,,
6269290b1c86b9451c61b5db,8,300.08,315,63.25968705929756,31.7460317460315,117.64705882353151,439.15205195347335,544.9067100740325,20,800.0,11.934999999999999,0.0,1,,,,,,
626928e0149d36d3170afca2,8,300.14,333,66.6087072828195,31.914893617021235,133.3333333333367,398.6449721915505,482.59056724010236,15,600.0,12.082666666666665,0.0,1,,,,,,
626928e4149d36d3170afca3,8,300.12,343,68.7506282038396,21.582733812949634,6000.000000005457,378.59197022617934,437.4616866340718,4,160.54,13.0325,0.0,1,,,,,,
626928f41c86b9451c61b5d9,8,300.08,317,63.686137516375,35.92814371257481,120.0,370.54862556210907,447.41621544292616,4,160.0,12.24,0.0,1,,,,,,
626928da1c86b9451c61b5d7,8,300.08,342,68.6485035565696,37.03703703703693,117.64705882353151,337.67020063277283,378.58249547800483,10,400.0,11.783,0.08664356171687551,1,,,,,,
626928d4149d36d3170afca0,8,300.14,316,63.13679639218306,34.6820809248557,127.65957446808541,315.5803886500806,404.5934501108636,1,40.0,11.89,0.9867188645298861,1,,,,,,
626928e91c86b9451c61b5d8,8,300.12,326,65.26759714830807,39.21568627450978,200.00000000001137,297.8924801410672,394.46322334015,18,720.0,14.148888888888889,0.9867079834732774,1,,,,,,
626928d31c86b9451c61b5d6,8,300.08,366,73.41602413677506,31.41361256544508,181.81818181817883,273.61368990261195,287.0157173013736,10,400.0,11.538,0.2599306851506265,1,,,,,,
626928d0149d36d3170afc9f,8,300.14,334,67.00425902947785,34.285714285714285,130.43478260869742,308.9305925326412,323.51095398671987,10,400.6,10.493,0.0,1,,,,,,
626a87cc149d36d3170afce4,11,300.12,297,59.505461368357565,37.5000000000008,153.8461538461536,315.40211302348456,455.80809223745786,8,320.0,19.3425,0.17326402772224445,1,,,,,,
626a87c2149d36d3170afce3,11,300.08,262,52.472858866103735,32.967032967032964,130.43478260869338,362.4834030774795,521.2924028132066,1,40.0,12.87,0.0,1,,,,,,
626a87d91c86b9451c61b61d,11,300.08,234,47.16280952702247,30.7692307692305,109.09090909091248,446.0921491851186,670.466577119604,25,1000.0,12.360000000000003,0.0,1,,,,,,
626a87b51c86b9451c61b61a,11,300.12,242,48.583812115714146,31.914893617021352,111.11111111111275,400.0001296680292,561.9812422729676,9,360.0,12.082222222222223,0.0,1,,,,,,
626a87a81c86b9451c61b619,11,300.08,241,48.42126500554827,32.60869565217385,101.6949152542318,380.8749904735163,570.3129875477952,1,40.0,13.02,0.0,1,,,,,,
626a87b4149d36d3170afce2,11,300.12,262,52.6705233418539,33.51955307262558,176.4705882353071,409.1915789765658,522.77403560974,18,720.0,13.893333333333334,0.0,1,,,,,,
62aa4440a3635462ac643326,1,171.84,0,,,,,,1,40.0,16.7,0.0,1,,,,,,
62aa286656685c685a0a3ef2,7,118.88,0,,,,,,8,320.0,17.1825,0.0,1,,,,,,
62aa570b56685c685a0a3ef9,1,117.31,0,,,,,,3,120.0,16.62666666666667,0.0,1,,,,,,
62ab1cc956685c685a0a3f05,7,166.3,0,,,,,,8,320.0,14.405000000000001,0.0,1,,,,,,
62b0de045e0299d523643367,15,441.52,0,,,,,,37,1480.0,25.344324324324326,0.0,1,,,,,,
62b1ccbb5e0299d523643381,15,356.31,0,,,,,,32,1280.0,16.2546875,0.0,1,,,,,,
62b250d556685c685a0a3fbe,15,574.54,0,,,,,,17,680.0,14.985882352941175,0.0,1,,,,,,
62bcd47556685c685a0a4029,15,277.77,252,54.57510418554086,19.736842105263165,103.44827586207181,290.8196029057578,449.0046770357731,2,80.0,24.119999999999997,0.0,1,,,,,,
62bcdb4556685c685a0a402a,15,559.28,479,51.47626312483173,29.556650246305402,124.99999999999527,358.46044544724583,582.821338652129,28,1120.0,21.39285714285714,0.0,1,,,,,,
62bce6f75e0299d523643432,15,685.35,545,47.803163444639715,26.315789473683868,105.2631578947381,433.31772510910184,763.3318455597615,26,1040.0,21.386923076923075,0.0,1,,,,,,
62bd8e6356685c685a0a402e,29,224.47,204,54.62618289455981,21.818181818181817,111.11111111111275,524.5231853920774,745.6182231232445,2,80.74000000000001,14.23,0.0,1,29.0,Crossbreed,13.0,32.0,2.0,0.0
62be373d693f001f04b83321,15,621.6,693,68.13929825713066,12.605042016806747,150.00000000000853,355.61322940567845,484.6345244475903,38,1520.0,14.673421052631577,0.0,1,,,,,,
62be503d693f001f04b83322,15,1108.45,1108,60.585053497642086,23.52941176470525,1000.0000000009095,366.90345606653113,503.98421643531066,7,280.0,15.644285714285715,0.0,1,,,,,,
62c3388e63cd3618119226a8,29,330.64,328,60.29502151198525,26.20087336244518,153.8461538461536,249.25146376629334,362.70118174506075,3,120.5,22.926666666666666,0.012260464553593035,1,29.0,Crossbreed,13.0,32.0,2.0,0.0
63593b4e9102fe9d08251152,33,624.91,1116,107.51478529184881,49.999999999999886,240.0,122.27061697328574,178.69665780777595,3,120.24000000000001,20.606666666666666,0.9936077195116096,1,33.0,Bouvier des Ardennes,23.0,24.0,2.0,0.0
635a9b0d74ba6cafcc704e13,31,456.55,0,,,,,,20,800.0,16.070500000000003,0.0,1,,,,,,
635b93cd7cb41f69b88b6fb4,31,335.88,328,58.616156787762904,33.89830508474611,127.65957446808541,341.3359799593347,582.0268161553448,29,1160.0,20.203448275862073,0.38704299154459926,1,,,,,,
635b94b701e95a5d3de13838,31,369.99,364,59.24434893779071,29.268292682926667,125.00000000001006,390.8845514200424,595.1841722484089,33,1320.0,14.945151515151514,0.0,1,,,,,,
635b94e1598e27934c985bae,31,260.61,246,56.772100567721004,30.927835051546428,113.20754716981108,391.8915875512567,667.6540161235508,22,880.0,20.166818181818183,0.0,1,,,,,,
635b950601e95a5d3de13839,31,268.97,262,58.847844876179025,30.303030303030024,113.20754716981108,371.7270174978829,604.3992567322194,23,920.0,19.03608695652174,0.0,1,,,,,,
635bf011448dd06d783d7e5c,39,268.3,181,40.46307744183433,20.97902097902088,92.30769230769553,555.4325658399325,769.2091273277027,23,920.0,9.971304347826088,0.0,1,39.0,Border Collie,15.0,60.0,1.0,0.0
635d57b84fb38053118732bc,37,662.69,0,,,,,,50,2000.0,11.5732,0.0,1,,,,,,
635d6c95baccefc4cb10d0c9,34,358.71,0,,,,,,24,960.0,15.950833333333334,0.0,1,34.0,Smooth Collie,18.0,98.0,1.0,0.0
635d703776ccabbc7a296348,34,301.08,0,,,,,,27,1080.0,12.740370370370371,0.0,1,34.0,Smooth Collie,18.0,98.0,1.0,0.0
635d8cdd4fb38053118732be,39,238.87,183,45.94026083298275,23.25581395348839,113.20754716981108,603.1828637469438,790.9861667703789,6,240.38,10.023333333333333,0.0,1,39.0,Border Collie,15.0,60.0,1.0,0.0
635d8fe8baccefc4cb10d0ca,39,247.71,175,42.31860559383867,21.897810218978087,96.77419354838639,653.4044685402282,944.4979092502183,21,840.0,10.189523809523811,0.0,1,39.0,Border Collie,15.0,60.0,1.0,0.0
635d9360baccefc4cb10d0cb,39,349.39,262,45.062154696132595,19.29260450160781,150.0000000000032,687.4292054217972,915.9213520149651,2,80.47999999999999,11.780000000000001,0.14883081942814622,1,39.0,Border Collie,15.0,60.0,1.0,0.0
635da077af6eae8e63b0a11e,34,297.88,300,60.64703694939319,20.54794520547944,136.36363636363706,414.7064386658665,624.3321263773373,5,200.74,26.7,0.523700819121794,1,34.0,Smooth Collie,18.0,98.0,1.0,0.0
635e3c6e76ccabbc7a29634a,39,152.37,0,,,,,,10,400.0,13.561000000000002,0.0,1,39.0,Border Collie,15.0,60.0,1.0,0.0
635e977dfdb94dca2b813142,37,126.37,0,,,,,,5,200.0,10.268,0.0,1,,,,,,
63613958af6eae8e63b0a12b,37,185.27,188,61.241198624529225,38.709677419354904,105.2631578947381,291.76775481090806,356.90877121155523,9,360.0,12.998888888888889,0.0,1,,,,,,
63613b4e76ccabbc7a29634f,37,151.71,169,67.27175654030967,41.379310344827914,98.36065573770271,235.5118069963228,296.54497492907853,5,200.0,13.596,0.0,1,,,,,,
63613dd6baccefc4cb10d0d5,37,170.1,184,64.91663710535651,39.21568627450978,101.6949152542367,293.5204600936792,419.9836469867183,13,520.0,15.663076923076924,0.0,1,,,,,,
63613ee7fdb94dca2b813148,37,139.38,158,68.50410879208785,35.92814371257481,103.44827586206927,231.1289033895053,310.0330834290328,3,120.0,14.383333333333333,0.0,1,,,,,,
63613fa0af6eae8e63b0a12c,37,125.75,137,65.60012862770319,40.54054054054043,115.38461538461549,258.1469810678072,343.7796451863385,4,160.0,14.504999999999999,0.0,1,,,,,,
636156c0fdb94dca2b81314d,37,61.43,0,,,,,,3,120.0,9.26,0.0,1,,,,,,
636160c6af6eae8e63b0a130,37,212.85,0,,,,,,18,720.0,15.387222222222224,0.0,1,,,,,,
6361632076ccabbc7a296352,37,332.91,0,,,,,,23,920.0,12.673043478260867,0.0,1,,,,,,
636175fe76ccabbc7a296353,35,516.29,0,,,,,,48,1920.0,11.436041666666668,0.0,1,,,,,,
6363beaa0095a04f24753af9,35,242.91,335,82.84415047540307,43.16546762589927,142.85714285714712,233.3343814278365,341.74521180228834,10,400.0,21.44,0.0,1,,,,,,
6363dc08b2f84482ad38ff0e,36,97.65,108,67.1267252195734,48.00000000000014,162.1621621621617,255.95785642132225,167.41091689116152,4,160.0,15.767499999999998,0.0,1,36.0,Crossbreed,20.0,95.0,2.0,0.0
63668df3d65bdf13369158d8,32,161.38,0,,,,,,3,120.0,15.026666666666666,0.0,1,,,,,,
6367a26acc47a7dfc4858d61,32,107.77,0,,,,,,4,160.0,18.165,0.0,1,,,,,,
6367d2d33d137845217f5dd6,32,136.65,0,,,,,,10,400.0,20.228,0.0,1,,,,,,
6367d4833d137845217f5dd7,32,93.53,156,102.87610619469027,33.51955307262571,150.0000000000032,238.9069684823841,307.15388080489373,2,80.0,20.1,0.9572415267828503,1,,,,,,
63681d75b2f84482ad38ff17,39,122.28,100,49.66555183946488,28.571428571428452,92.3076923076925,407.52282211709286,606.3280246445725,2,80.0,14.370000000000001,0.0,1,39.0,Border Collie,15.0,60.0,1.0,0.0
6369708a4f83c83bc8097f1b,35,297.88,384,77.79809059516555,39.735099337748586,127.65957446809314,278.30603535152386,368.603917732218,25,1000.0,17.027599999999996,0.0,1,,,,,,
636a550280407bc766a633bb,37,405.78,347,51.33404218491135,21.897810218978144,100.00000000000095,402.5477347222308,568.7616856579431,37,1480.0,17.25837837837838,0.9901348021095175,1,,,,,,
636a9a1816a057b7f097479c,34,305.85,225,44.148080018395035,10.050251256281408,150.00000000000054,641.18620146971,796.8826595516853,19,760.0,12.602631578947367,0.9868840935098905,1,34.0,Smooth Collie,18.0,98.0,1.0,0.0
636a9d723fd053d01a85368b,34,298.18,264,54.98449423324854,29.41176470588247,117.64705882353151,514.8682876349715,506.05154672121336,26,1040.0,7.415384615384616,0.0,1,34.0,Smooth Collie,18.0,98.0,1.0,0.0
636ac8d27bf18fc3c51e03b7,35,443.59,525,71.04763626502758,28.43601895734598,130.43478260869338,294.5196399920463,350.1329984945697,30,1200.0,12.511666666666665,0.0867918573457472,1,,,,,,
636ad0167bf18fc3c51e03b8,35,383.64,498,77.93633369923161,40.54054054054082,136.36363636363706,320.65234081643433,329.20603412335316,32,1280.0,10.166250000000002,0.0,1,,,,,,
636e66356417ccc5128fb7ab,32,545.09,800,88.23042237968161,35.71428571428572,181.81818181818082,199.61460007574337,304.8486620717219,40,1600.0,31.216250000000002,0.0,1,,,,,,
636e68af16a057b7f09747a1,32,80.53,0,,,,,,4,160.0,24.665,0.0,1,,,,,,
636fc6d71c26844af919ba31,32,402.06,503,75.26613024139137,30.000000000000004,157.8947368421057,197.73459130023573,292.47822649566933,34,1360.0,30.37323529411765,0.03483982490175595,1,,,,,,
636fc7dc7bf18fc3c51e03d6,32,148.7,189,76.83923705722071,49.999999999999886,130.43478260870145,190.20484074468908,285.42303719291425,11,440.0,21.38181818181818,0.0,1,,,,,,
6370ef8a6417ccc5128fb7c0,34,175.12,180,61.82718323642853,28.57142857142826,150.00000000000006,403.46090022475425,617.569993303767,3,120.0,32.20333333333333,0.0,1,34.0,Smooth Collie,18.0,98.0,1.0,0.0
637230371c26844af919ba34,38,258.12,249,58.009434330045615,37.97468354430418,100.00000000000095,284.004643485317,471.18594453992654,5,200.0,29.098000000000003,0.0,1,,,,,,
637ceb96e460571089446023,36,365.3,354,58.31658360637683,32.96703296703309,115.38461538461468,237.18008802174919,253.3452324757298,31,1240.0,10.584193548387097,0.0,1,36.0,Crossbreed,20.0,95.0,2.0,0.0
637cecd694a14db6553f92cf,36,218.09,184,50.729994455738314,30.45685279187819,113.20754716981108,327.49829191553084,369.453858886538,18,720.0,9.592222222222224,0.0,1,36.0,Crossbreed,20.0,95.0,2.0,0.0
637cef1b51931873f9d2d094,36,305.15,334,65.75829383886256,24.793388429751904,300.0000000000011,404.23708348920786,406.9967881226688,21,840.0,9.366190476190477,0.1890365394068491,1,36.0,Crossbreed,20.0,95.0,2.0,0.0
637cf0b16351459ed7938be7,36,205.47,203,59.72502833489381,27.149321266968226,214.28571428571342,354.8121100203227,270.3461941226808,14,560.0,11.599285714285713,0.0,1,36.0,Crossbreed,20.0,95.0,2.0,0.0
637ea60c7c92b247d59b0780,33,334.46,246,44.13884218111939,27.272727272727412,107.14285714285671,451.01840821635744,762.7535858892346,2,80.0,18.73,0.0,1,33.0,Bouvier des Ardennes,23.0,24.0,2.0,0.0
637ea78b141c4a9363d6bedf,33,216.63,167,46.396795080821725,25.53191489361708,181.81818181818275,479.9785843159793,663.72867768069,10,400.0,16.291,0.9815390296819462,1,33.0,Bouvier des Ardennes,23.0,24.0,2.0,0.0
637ea9e430cf2e9e0c08ab79,33,328.45,253,46.24843238613769,25.316455696202635,115.38461538461627,419.13741174402605,582.6368826737576,14,560.0,17.845,0.9086503272948698,1,33.0,Bouvier des Ardennes,23.0,24.0,2.0,0.0
637eacba86298058f65aadf7,33,261.3,171,39.43095716715633,24.0,98.36065573770502,577.2642008090203,836.284046193133,15,600.0,12.717333333333336,0.984662456946039,1,33.0,Bouvier des Ardennes,23.0,24.0,2.0,0.0
637eae6200d3220e17954f7a,33,273.64,183,41.11755403268318,13.07189542483659,103.44827586206894,609.8849284982791,887.0096886986671,22,880.0,14.539999999999997,0.9853767724016957,1,33.0,Bouvier des Ardennes,23.0,24.0,2.0,0.0
637eb53c86298058f65aadf8,33,338.59,238,42.228425491477104,25.000000000000238,117.64705882351839,569.7049162729288,842.1051607102958,26,1040.0,11.164615384615386,0.14349094775392074,1,33.0,Bouvier des Ardennes,23.0,24.0,2.0,0.0
637eb6f8f719971700a29774,33,323.08,233,43.390168635641025,26.666666666666668,157.89473684210526,500.8213119372225,758.5192912190922,20,800.0,11.9435,0.0,1,33.0,Bouvier des Ardennes,23.0,24.0,2.0,0.0
637eb8bd141c4a9363d6bee1,33,319.61,150,38.32304526748971,1.8709073900841913,103.44827586207181,2566.0531587854994,3605.5785418739133,13,520.0,11.098461538461539,0.0,1,33.0,Bouvier des Ardennes,23.0,24.0,2.0,0.0
637ebc37f719971700a29776,33,314.86,248,47.322540473225416,17.91044776119406,136.36363636363706,509.2785637951918,698.0865252588467,13,520.0,9.609230769230768,0.9872762497617987,1,33.0,Bouvier des Ardennes,23.0,24.0,2.0,0.0
637ebdbc141c4a9363d6bee2,33,261.32,209,48.086926366894005,23.529411764705884,125.00000000000081,502.17901027542416,668.7926247195219,23,920.0,9.098695652173912,0.9846754936476352,1,33.0,Bouvier des Ardennes,23.0,24.0,2.0,0.0
62279a00ea79f8f9cc02b287,14,300.12,288,57.92713694621051,29.556650246305814,107.14285714285671,364.9925691660089,538.8942317440321,0,0.0,,0.08663201386112222,0,,,,,,
62279c238cb091d84e4750b1,18,300.09,410,82.1560093739538,44.4444444444437,146.34146341463537,186.4770045731517,261.1630284917475,0,0.0,,0.17328134892865474,0,18.0,Belgian Shepherd,29.0,76.0,2.0,0.0
62279d4b8cb091d84e4750d1,17,300.15,447,89.7896184947824,7.290400972053472,300.0000000000064,777.3196538157204,908.4277070171302,0,0.0,,0.7796101949025488,0,,,,,,
62277af9aea43ef3b260d6f7,17,300.14,302,60.557287999195246,33.89830508474611,260.8695652173707,351.5470980199468,435.9587136415565,0,0.0,,0.12040547744385961,0,,,,,,
62279e72ea79f8f9cc02b304,21,300.17,400,80.00802085422097,28.70813397129221,272.7272727272741,275.2600312156233,279.35541383008746,0,0.0,,0.17323516673884798,0,21.0,Golden Retriever,39.0,19.0,2.0,0.0
62279e7eea79f8f9cc02b305,21,300.17,339,67.88738995079169,34.285714285714285,115.38461538461627,343.8254708183198,442.3695301294437,0,0.0,,0.17323516673884798,0,21.0,Golden Retriever,39.0,19.0,2.0,0.0
62279ebb8cb091d84e4750f8,22,300.09,458,91.73943591287765,57.69230769230656,130.43478260870145,112.13627053118748,113.57430522357333,0,0.0,,0.08664067446432737,0,22.0,Beauceron,35.0,20.0,2.0,0.0
6227a11c8cb091d84e475139,2,300.12,413,82.78079164155113,38.216560509554306,171.4285714285742,299.87704076286036,299.76998481439324,0,0.0,,0.25989604158336665,0,,,,,,
62583647e0539383be611c50,4,300.15,315,63.07542937493722,36.809815950920346,107.14285714285943,364.1657085381134,683.5296478959176,0,0.0,,0.08662335498917209,0,,,,,,
6227a18f8cb091d84e475146,20,300.12,336,67.42929987587641,37.97468354430418,150.00000000000054,283.24250233842514,397.2615844340707,0,0.0,,0.08663201386112222,0,20.0,Border Collie,15.0,47.0,1.0,0.0
6258366e4a9b1217fd236a4e,23,300.18,364,72.89888543026409,32.608695652174355,150.00000000000853,290.74160170919964,325.9376613955838,0,0.0,,0.0,0,23.0,Labrador Retriever,23.0,113.0,1.0,1.0
6258368de0539383be611c58,23,300.18,292,58.580775037745326,28.846153846154067,105.2631578947381,396.4119288669646,542.6686929838758,0,0.0,,0.0,0,23.0,Labrador Retriever,23.0,113.0,1.0,1.0
6258369fe0539383be611c5a,23,300.09,465,93.1851653501138,36.144578313253085,176.47058823529972,181.97154763821564,177.65754423541523,0,0.0,,0.08664067446432737,0,23.0,Labrador Retriever,23.0,113.0,1.0,1.0
6227a36aea79f8f9cc02b391,17,300.08,330,66.39757820383451,35.50295857988171,146.34146341463537,316.8183247786676,427.2365826576383,0,0.0,,0.6931484937350041,0,,,,,,
6227a38bea79f8f9cc02b394,16,300.09,362,72.42693773824651,41.379310344827914,125.00000000000267,293.3484844571951,364.03105789356886,0,0.0,,0.0,0,16.0,Crossbreed,13.0,20.0,1.0,0.0
62583755e0539383be611c65,5,300.09,344,68.93548603202251,33.33333333333312,375.000000000008,415.34756364087013,473.5766609548772,0,0.0,,0.7267306474724251,0,,,,,,
62277c66aea43ef3b260d739,22,300.14,390,78.21977948322665,37.97468354430418,133.3333333333325,204.252844659392,234.1985676133937,0,0.0,,0.0866262410874925,0,22.0,Beauceron,35.0,20.0,2.0,0.0
6227a4dfea79f8f9cc02b3b9,17,300.12,377,75.67422514423723,39.21568627450978,250.00000000002012,298.96397942378974,342.3444659014281,0,0.0,,0.08663201386112222,0,,,,,,
62277c89aea43ef3b260d73e,0,300.05,390,77.97414225102729,38.96103896103899,162.16216216216017,294.7561335730949,369.73869290477074,0,0.0,,0.4332611231461423,0,,,,,,
6227a6bdea79f8f9cc02b3ee,1,300.17,402,80.68951639949023,43.16546762589927,146.34146341463537,247.82568938510374,263.8782863367127,0,0.0,,0.0,0,,,,,,
6227a7038cb091d84e4751e0,1,300.22,284,57.18134366054892,33.519553072625314,162.16216216216017,431.05124120389485,508.87966223685817,0,0.0,,0.0,0,,,,,,
6272a10ffa7b5d98dea19692,16,300.12,425,85.11207761793244,42.25352112676094,299.9999999999744,253.6569371047832,261.76207774005246,0,0.0,,0.3465280554444889,0,16.0,Crossbreed,13.0,20.0,1.0,0.0
6227a7968cb091d84e4751f1,20,300.17,370,74.1733391403397,34.682080924855555,300.00000000001705,317.4951488659862,359.68547552597613,0,0.0,,0.6063230835859679,0,20.0,Border Collie,15.0,47.0,1.0,0.0
62583c444a9b1217fd236a8d,10,300.09,365,73.2247032790183,38.709677419354556,133.3333333333367,291.79442475262124,475.35400756371587,0,0.0,,0.08664067446432737,0,,,,,,
6227a8a1ea79f8f9cc02b420,18,300.12,300,60.098489162842114,28.301886792453146,181.8181818181906,474.1728828023824,508.47746150548136,0,0.0,,0.12036218845795023,0,18.0,Belgian Shepherd,29.0,76.0,2.0,0.0
62583e6ae0539383be611ca7,24,300.18,423,84.64264224109112,38.961038961039165,125.00000000000267,157.29644334479266,170.32175782221253,0,0.0,,0.0,0,,,,,,
62583f3f4a9b1217fd236aac,24,300.18,330,66.11957796014067,20.761245674740582,133.33333333332828,507.1310244631211,622.1721391477657,0,0.0,,0.0,0,,,,,,
62583f924a9b1217fd236aaf,24,300.18,371,74.531659168737,27.397260273972456,120.0,338.9288472455577,413.9923935255569,0,0.0,,0.0,0,,,,,,
6227a9318cb091d84e475221,13,300.12,307,61.43344709897611,34.482758620690035,113.20754716981108,389.0341128790722,574.3789233084586,0,0.0,,0.0,0,,,,,,
626928f0149d36d3170afca4,28,300.14,377,75.5981502580256,48.387096774193196,105.2631578947381,159.6841474610253,185.87809625307227,0,0.0,,0.0,0,28.0,Hovawart,28.0,109.0,1.0,1.0
626929171c86b9451c61b5dc,28,300.12,379,75.93411008437124,34.285714285714285,105.2631578947381,177.42477373445567,204.7434831666305,0,0.0,,0.0,0,28.0,Hovawart,28.0,109.0,1.0,1.0
626929f1149d36d3170afcba,28,300.12,406,81.17588107566394,41.66666666666632,130.43478260870145,189.971320991272,190.51974248677706,0,0.0,,0.17326402772224445,0,28.0,Hovawart,28.0,109.0,1.0,1.0
6272a571f5a1d7d464875bc1,6,300.12,411,82.42586697939353,9.7560975609756,272.7272727272741,402.73920834527297,447.60268794899844,0,0.0,,0.5535222577635613,0,,,,,,
62692bde149d36d3170afcdf,12,300.13,298,59.872996673722405,37.26708074534262,107.14285714285671,338.61883436648196,424.8608675281314,0,0.0,,0.0,0,,,,,,
6258453ce0539383be611cea,4,300.08,331,66.53896562153443,35.50295857988171,127.65957446808541,343.99899030805983,550.4466271689755,0,0.0,,0.17328712343375102,0,,,,,,
622b76df8cb091d84e475257,25,300.36,246,49.38520459584761,25.423728813559176,105.26315789473286,483.34525929072913,617.3260025647905,0,0.0,,0.0,0,25.0,Finnish Lapphund,26.0,88.0,2.0,1.0
6272a626f5a1d7d464875bcf,25,300.34,233,46.80564895763282,18.749999999999986,88.23529411764618,580.7405539341382,726.6560426563633,0,0.0,,0.0,0,25.0,Finnish Lapphund,26.0,88.0,2.0,1.0
6272a637f5a1d7d464875bd0,25,300.34,246,49.149085559530576,15.113350125944589,92.3076923076925,531.5047948408127,669.5361741717825,0,0.0,,0.0,0,25.0,Finnish Lapphund,26.0,88.0,2.0,1.0
6272a63bfa7b5d98dea196d1,25,300.29,258,51.74670290949361,13.157894736842108,139.534883720928,572.9707202421988,723.0315410651183,0,0.0,,0.086582969795864,0,25.0,Finnish Lapphund,26.0,88.0,2.0,1.0
62584571e0539383be611cec,4,300.08,329,65.9208146312052,34.090909090908994,187.500000000004,354.0546659720872,612.6440416037178,0,0.0,,0.17328712343375102,0,,,,,,
625846074a9b1217fd236af0,4,300.17,304,61.00057041237459,31.57894736842096,130.43478260869742,421.63187734445114,693.5363834953359,0,0.0,,0.0,0,,,,,,
6258462e4a9b1217fd236af2,4,300.17,298,59.73851827019779,14.52784503631963,139.534883720928,505.45440408522984,742.6682173629631,0,0.0,,0.43308791684711995,0,,,,,,
625846a94a9b1217fd236af7,4,300.17,289,58.115288894867824,25.862068965517317,103.44827586206927,470.8095874496755,668.2227194487309,0,0.0,,0.0,0,,,,,,
625848c14a9b1217fd236b24,8,300.17,345,69.1341483838553,38.21656050955362,130.43478260869338,311.833433111496,320.0136658889507,0,0.0,,0.43308791684711995,0,,,,,,
625932b34a9b1217fd236b7d,30,300.18,465,93.2975871313673,40.81632653061228,162.16216216216017,194.58951109516812,171.72734429186838,0,0.0,,0.6402311946165633,0,30.0,Bull Terrier (Miniature),17.0,31.0,1.0,1.0
625932bee0539383be611d82,30,300.36,355,71.14862827856497,34.285714285714285,122.44897959183446,286.8093159460632,335.7592554500859,0,0.0,,0.0,0,30.0,Bull Terrier (Miniature),17.0,31.0,1.0,1.0
6258493be0539383be611d34,8,300.22,275,55.119694226513786,33.70786516853931,117.64705882353151,375.1298483782663,363.37550583626097,0,0.0,,0.08660315768436479,0,,,,,,
625931c0e0539383be611d6c,30,300.36,337,67.5512665862485,28.30188679245277,127.65957446808541,299.9369514416074,311.1221864884801,0,0.0,,0.0,0,30.0,Bull Terrier (Miniature),17.0,31.0,1.0,1.0
625930c8e0539383be611d56,30,300.18,327,65.47061186236444,28.84615384615387,206.89655172414362,359.6317449521771,367.4703546389306,0,0.0,,0.08661469784795789,0,30.0,Bull Terrier (Miniature),17.0,31.0,1.0,1.0
62692902149d36d3170afca6,8,300.08,362,72.51908396946565,41.09589041095948,130.43478260869742,284.22604462723723,291.9056164051807,0,0.0,,0.0,0,,,,,,
62bcd17b56685c685a0a4028,15,75.84,65,51.58516926383665,23.809523809523814,130.43478260869742,425.3434653219251,657.8222850665366,0,0.0,,0.0,0,,,,,,
62be3106693f001f04b83320,15,82.63,93,78.12057741296348,18.51851851851851,122.44897959183668,287.0855412224337,408.0993199517188,0,0.0,,0.0,0,,,,,,
62c3339863cd3618119226a7,29,81.83,64,48.81828748547075,5.802707930367503,113.20754716981183,1395.2080597365825,1263.7801717785605,0,0.0,,0.0,0,29.0,Crossbreed,13.0,32.0,2.0,0.0
63615e13baccefc4cb10d0d7,35,26.69,30,71.57548334018922,43.16546762589927,122.4489795918369,333.06015078272117,415.82104667409874,0,0.0,,0.0,0,,,,,,
636a52ef856d6ba892941cfc,37,213.16,174,48.96688366827059,8.141112618724554,130.43478260869338,752.7156552391855,963.8687790647724,0,0.0,,0.0,0,,,,,,
6370e7f16417ccc5128fb7bf,34,72.92,71,59.43956977073309,22.2222222222222,127.65957446808517,517.9723167419022,742.446992203406,0,0.0,,0.0,0,34.0,Smooth Collie,18.0,98.0,1.0,0.0
63722e8d1c26844af919ba33,38,224.6,227,60.99865047233468,38.961038961039165,95.23809523809592,242.85912495162967,417.92556487702103,0,0.0,,0.0,0,,,,,,
637233cc9568cb960058b367,38,220.42,241,65.82556226001097,41.09589041095868,111.11111111110982,235.50408856794252,372.6098164485292,0,0.0,,0.0,0,,,,,,
637ce8bce460571089446020,36,21.98,21,58.76591576885405,41.37931034482755,130.43478260869566,290.22495812005815,267.14868716247025,0,0.0,,0.0,0,36.0,Crossbreed,20.0,95.0,2.0,0.0
637eba7df719971700a29775,33,321.51,297,55.39958824630357,24.0,133.3333333333367,480.54299623680674,646.0188379475067,0,0.0,,0.0,0,33.0,Bouvier des Ardennes,23.0,24.0,2.0,0.0
